raw_name,accepted_name,gbif_key,genus,family,order,class,phylum,kingdom,status,match_type,confidence,ok,reason,retrieved_at
Abeliophyllum distichum,Abeliophyllum distichum,7326165,Abeliophyllum,Oleaceae,Lamiales,Magnoliopsida,Tracheophyta,Plantae,ACCEPTED,EXACT,99,True,,2026-08-20
Abelmoschus esculentus,Abelmoschus esculentus,3152707,Abelmoschus,Malvaceae,Malvales,Magnoliopsida,Tracheophyta,Plantae,ACCEPTED,EXACT,99,True,,2026-08-20
Abelmoschus manihot,Abelmoschus manihot,3152706,Abelmoschus,Malvaceae,Malvales,Magnoliopsida,Tracheophyta,Plantae,ACCEPTED,EXACT,99,True,,2026-08-20
Abies alba,Abies alba,2685484,Abies,Pinaceae,Pinales,Pinopsida,Tracheophyta,Plantae,ACCEPTED,EXACT,97,True,,2026-08-20
Abies balsamea,Abies balsamea,2685383,Abies,Pinaceae,Pinales,Pinopsida,Tracheophyta,Plantae,ACCEPTED,EXACT,99,True,,2026-08-20
Abies grandis,Abies grandis,2685361,Abies,Pinaceae,Pinales,Pinopsida,Tracheophyta,Plantae,ACCEPTED,EXACT,97,True,,2026-08-20
Abies holophylla,Abies holophylla,2685542,Abies,Pinaceae,Pinales,Pinopsida,Tracheophyta,Plantae,ACCEPTED,EXACT,99,True,,2026-08-20
Abies homolepis,Abies homolepis,2685663,Abies,Pinaceae,Pinales,Pinopsida,Tracheophyta,Plantae,ACCEPTED,EXACT,99,True,,2026-08-20
Abies koreana,Abies koreana,2685681,Abies,Pinaceae,Pinales,Pinopsida,Tracheophyta,Plantae,ACCEPTED,EXACT,99,True,,2026-08-20
Abies pectinata,,,Abies,Pinaceae,Pinales,,,Plantae,,HIGHERRANK,0,False,no_match:HIGHERRANK|genus_fallback,2026-08-20
Abies sachalinensis,Abies sachalinensis,2685437,Abies,Pinaceae,Pinales,Pinopsida,Tracheophyta,Plantae,ACCEPTED,EXACT,97,True,,2026-08-20
Abies sibirica,Abies sibirica,2685654,Abies,Pinaceae,Pinales,Pinopsida,Tracheophyta,Plantae,ACCEPTED,EXACT,97,True,,2026-08-20
Abies spectabilis,Abies spectabilis,2685619,Abies,Pinaceae,Pinales,Pinopsida,Tracheophyta,Plantae,ACCEPTED,EXACT,97,True,,2026-08-20
Abies veitchii,Abies veitchii,2685400,Abies,Pinaceae,Pinales,Pinopsida,Tracheophyta,Plantae,ACCEPTED,EXACT,99,True,,2026-08-20
Abronia villosa,Abronia villosa,5384880,Abronia,Nyctaginaceae,Caryophyllales,Magnoliopsida,Tracheophyta,Plantae,ACCEPTED,EXACT,99,True,,2026-08-20
Abrus fruticulosus,Abrus fruticulosus,5348700,Abrus,Fabaceae,Fabales,Magnoliopsida,Tracheophyta,Plantae,ACCEPTED,EXACT,97,True,,2026-08-20
Abrus precatorius,Abrus precatorius,5348711,Abrus,Fabaceae,Fabales,Magnoliopsida,Tracheophyta,Plantae,ACCEPTED,EXACT,97,True,,2026-08-20
Acacia arabica,Vachellia nilotica,3974744,Vachellia,Fabaceae,Fabales,Magnoliopsida,Tracheophyta,Plantae,SYNONYM,EXACT,98,True,,2026-08-20
Acacia catechu,,,Acacia,Fabaceae,Fabales,,,Plantae,,HIGHERRANK,0,False,no_match:HIGHERRANK|genus_fallback,2026-08-20
Acacia concinna,,,Acacia,Fabaceae,Fabales,,,Plantae,,HIGHERRANK,0,False,no_match:HIGHERRANK|genus_fallback,2026-08-20
Acacia dealbata,Acacia dealbata,2979474,Acacia,Fabaceae,Fabales,Magnoliopsida,Tracheophyta,Plantae,ACCEPTED,EXACT,97,True,,2026-08-20
Acacia decurrens,Acacia decurrens,2979778,Acacia,Fabaceae,Fabales,Magnoliopsida,Tracheophyta,Plantae,ACCEPTED,EXACT,99,True,,2026-08-20
Acacia farnesiana,Vachellia farnesiana,2979265,Vachellia,Fabaceae,Fabales,Magnoliopsida,Tracheophyta,Plantae,SYNONYM,EXACT,97,True,,2026-08-20
Acacia macrostachya,Senegalia macrostachya,7936172,Senegalia,Fabaceae,Fabales,Magnoliopsida,Tracheophyta,Plantae,SYNONYM,EXACT,97,True,,2026-08-20
Acacia mearnsii,Acacia mearnsii,2979775,Acacia,Fabaceae,Fabales,Magnoliopsida,Tracheophyta,Plantae,ACCEPTED,EXACT,98,True,,2026-08-20
Acacia melanoxylon,Acacia melanoxylon,2979000,Acacia,Fabaceae,Fabales,Magnoliopsida,Tracheophyta,Plantae,ACCEPTED,EXACT,99,True,,2026-08-20
Acacia saligna,Acacia saligna,2978552,Acacia,Fabaceae,Fabales,Magnoliopsida,Tracheophyta,Plantae,ACCEPTED,EXACT,99,True,,2026-08-20
Acacia senegal,Senegalia senegal,3977346,Senegalia,Fabaceae,Fabales,Magnoliopsida,Tracheophyta,Plantae,SYNONYM,EXACT,98,True,,2026-08-20
Acacia seyal,,,Acacia,Fabaceae,Fabales,,,Plantae,,HIGHERRANK,0,False,no_match:HIGHERRANK|genus_fallback,2026-08-20
Acacia victoriae,Acacia victoriae,2979105,Acacia,Fabaceae,Fabales,Magnoliopsida,Tracheophyta,Plantae,ACCEPTED,EXACT,99,True,,2026-08-20
Acalypha reptans,Acalypha chamaedrifolia,8339104,Acalypha,Euphorbiaceae,Malpighiales,Magnoliopsida,Tracheophyta,Plantae,SYNONYM,EXACT,98,True,,2026-08-20
Acanthopanax koreanum,Eleutherococcus divaricatus,3035440,Eleutherococcus,Araliaceae,Apiales,Magnoliopsida,Tracheophyta,Plantae,SYNONYM,FUZZY,96,True,,2026-08-20
Acanthopanax senticosus,Eleutherococcus senticosus,3035369,Eleutherococcus,Araliaceae,Apiales,Magnoliopsida,Tracheophyta,Plantae,SYNONYM,EXACT,98,True,,2026-08-20
Acanthopanax sessiliflorus,Eleutherococcus sessiliflorus,3035311,Eleutherococcus,Araliaceae,Apiales,Magnoliopsida,Tracheophyta,Plantae,SYNONYM,EXACT,98,True,,2026-08-20
Acanthosicyos horridus,Acanthosicyos horridus,8327014,Acanthosicyos,Cucurbitaceae,Cucurbitales,Magnoliopsida,Tracheophyta,Plantae,ACCEPTED,EXACT,98,True,,2026-08-20
Acanthus mollis,Acanthus mollis,5415455,Acanthus,Acanthaceae,Lamiales,Magnoliopsida,Tracheophyta,Plantae,ACCEPTED,EXACT,97,True,,2026-08-20
Acca sellowiana,Feijoa sellowiana,3181977,Feijoa,Myrtaceae,Myrtales,Magnoliopsida,Tracheophyta,Plantae,SYNONYM,EXACT,98,True,,2026-08-20
Acer campestre,Acer campestre,3189863,Acer,Sapindaceae,Sapindales,Magnoliopsida,Tracheophyta,Plantae,ACCEPTED,EXACT,99,True,,2026-08-20
Acer mono,Acer pictum,6359081,Acer,Sapindaceae,Sapindales,Magnoliopsida,Tracheophyta,Plantae,SYNONYM,EXACT,98,True,,2026-08-20
Acer nikoense,Acer nikoense,11048317,Acer,Sapindaceae,Sapindales,Magnoliopsida,Tracheophyta,Plantae,ACCEPTED,EXACT,97,True,,2026-08-20
Acer palmatum,Acer palmatum,3189882,Acer,Sapindaceae,Sapindales,Magnoliopsida,Tracheophyta,Plantae,ACCEPTED,EXACT,97,True,,2026-08-20
Acer pseudoplatanus,Acer pseudoplatanus,3189870,Acer,Sapindaceae,Sapindales,Magnoliopsida,Tracheophyta,Plantae,ACCEPTED,EXACT,97,True,,2026-08-20
Acer rubrum,Acer rubrum,3189883,Acer,Sapindaceae,Sapindales,Magnoliopsida,Tracheophyta,Plantae,ACCEPTED,EXACT,97,True,,2026-08-20
Acer saccharum,Acer saccharum,3189859,Acer,Sapindaceae,Sapindales,Magnoliopsida,Tracheophyta,Plantae,ACCEPTED,EXACT,99,True,,2026-08-20
Acer tegmentosum,Acer tegmentosum,7263128,Acer,Sapindaceae,Sapindales,Magnoliopsida,Tracheophyta,Plantae,ACCEPTED,EXACT,99,True,,2026-08-20
Achillea asiatica,Achillea asiatica,3120173,Achillea,Asteraceae,Asterales,Magnoliopsida,Tracheophyta,Plantae,ACCEPTED,EXACT,99,True,,2026-08-20
Achillea millefolium,Achillea millefolium,3120060,Achillea,Asteraceae,Asterales,Magnoliopsida,Tracheophyta,Plantae,ACCEPTED,EXACT,98,True,,2026-08-20
Achras sapota,Manilkara zapota,2885158,Manilkara,Sapotaceae,Ericales,Magnoliopsida,Tracheophyta,Plantae,SYNONYM,EXACT,98,True,,2026-08-20
Achyranthes bidentata,Achyranthes bidentata,3085175,Achyranthes,Amaranthaceae,Caryophyllales,Magnoliopsida,Tracheophyta,Plantae,ACCEPTED,EXACT,99,True,,2026-08-20
Achyranthes fauriei,Achyranthes bidentata,3085175,Achyranthes,Amaranthaceae,Caryophyllales,Magnoliopsida,Tracheophyta,Plantae,SYNONYM,EXACT,98,True,,2026-08-20
Achyranthes japonica,Achyranthes bidentata,3676467,Achyranthes,Amaranthaceae,Caryophyllales,Magnoliopsida,Tracheophyta,Plantae,SYNONYM,EXACT,98,True,,2026-08-20
Achyrocline satureioides,Achyrocline satureioides,3139534,Achyrocline,Asteraceae,Asterales,Magnoliopsida,Tracheophyta,Plantae,ACCEPTED,EXACT,97,True,,2026-08-20
Acinos alpinus,Clinopodium alpinum,7307319,Clinopodium,Lamiaceae,Lamiales,Magnoliopsida,Tracheophyta,Plantae,SYNONYM,EXACT,98,True,,2026-08-20
Acmella oleracea,Acmella oleracea,5386764,Acmella,Asteraceae,Asterales,Magnoliopsida,Tracheophyta,Plantae,ACCEPTED,EXACT,99,True,,2026-08-20
Aconitum koreanum,Aconitum koreanum,7669905,Aconitum,Ranunculaceae,Ranunculales,Magnoliopsida,Tracheophyta,Plantae,ACCEPTED,EXACT,97,True,,2026-08-20
Acorus calamus,Acorus calamus,2873769,Acorus,Acoraceae,Acorales,Liliopsida,Tracheophyta,Plantae,ACCEPTED,EXACT,99,True,,2026-08-20
Acorus gramineus,Acorus gramineus,2873807,Acorus,Acoraceae,Acorales,Liliopsida,Tracheophyta,Plantae,ACCEPTED,EXACT,98,True,,2026-08-20
Acrocomia aculeata,Acrocomia aculeata,7413879,Acrocomia,Arecaceae,Arecales,Liliopsida,Tracheophyta,Plantae,ACCEPTED,EXACT,97,True,,2026-08-20
Acronychia acidula,Acronychia acidula,7667721,Acronychia,Rutaceae,Sapindales,Magnoliopsida,Tracheophyta,Plantae,ACCEPTED,EXACT,99,True,,2026-08-20
Acronychia pedunculata,Acronychia pedunculata,3836457,Acronychia,Rutaceae,Sapindales,Magnoliopsida,Tracheophyta,Plantae,ACCEPTED,EXACT,99,True,,2026-08-20
Actaea heracleifolia,Actaea heracleifolia,5616598,Actaea,Ranunculaceae,Ranunculales,Magnoliopsida,Tracheophyta,Plantae,ACCEPTED,EXACT,99,True,,2026-08-20
Actinidia arguta,Actinidia arguta,3189693,Actinidia,Actinidiaceae,Ericales,Magnoliopsida,Tracheophyta,Plantae,ACCEPTED,EXACT,97,True,,2026-08-20
Actinidia chinensis,Actinidia chinensis,3189694,Actinidia,Actinidiaceae,Ericales,Magnoliopsida,Tracheophyta,Plantae,ACCEPTED,EXACT,99,True,,2026-08-20
Actinidia deliciosa,Actinidia chinensis,6550091,Actinidia,Actinidiaceae,Ericales,Magnoliopsida,Tracheophyta,Plantae,SYNONYM,EXACT,98,True,,2026-08-20
Actinidia polygama,Actinidia polygama,3189692,Actinidia,Actinidiaceae,Ericales,Magnoliopsida,Tracheophyta,Plantae,ACCEPTED,EXACT,97,True,,2026-08-20
Actiniopteris dichotoma,Actiniopteris dichotoma,11261901,Actiniopteris,Pteridaceae,Polypodiales,Polypodiopsida,Tracheophyta,Plantae,ACCEPTED,EXACT,97,True,,2026-08-20
Actinotus helianthi,Actinotus helianthi,5538649,Actinotus,Apiaceae,Apiales,Magnoliopsida,Tracheophyta,Plantae,ACCEPTED,EXACT,99,True,,2026-08-20
Adansonia digitata,Adansonia digitata,5406695,Adansonia,Malvaceae,Malvales,Magnoliopsida,Tracheophyta,Plantae,ACCEPTED,EXACT,99,True,,2026-08-20
Adansonia grandidieri,Adansonia grandidieri,5663154,Adansonia,Malvaceae,Malvales,Magnoliopsida,Tracheophyta,Plantae,ACCEPTED,EXACT,99,True,,2026-08-20
Adenanthera pavonina,Adenanthera pavonina,2951846,Adenanthera,Fabaceae,Fabales,Magnoliopsida,Tracheophyta,Plantae,ACCEPTED,EXACT,99,True,,2026-08-20
Adenium obesum,Adenium obesum,7155887,Adenium,Apocynaceae,Gentianales,Magnoliopsida,Tracheophyta,Plantae,ACCEPTED,EXACT,99,True,,2026-08-20
Adesmia boronioides,Adesmia boronioides,5356147,Adesmia,Fabaceae,Fabales,Magnoliopsida,Tracheophyta,Plantae,ACCEPTED,EXACT,99,True,,2026-08-20
Adiantum capillus,Adiantum capillus,11072362,Adiantum,Pteridaceae,Polypodiales,Polypodiopsida,Tracheophyta,Plantae,ACCEPTED,EXACT,97,True,,2026-08-20
Adiantum pedatum,Adiantum pedatum,2651832,Adiantum,Pteridaceae,Polypodiales,Polypodiopsida,Tracheophyta,Plantae,ACCEPTED,EXACT,97,True,,2026-08-20
Adina rubella,Adina rubella,2895028,Adina,Rubiaceae,Gentianales,Magnoliopsida,Tracheophyta,Plantae,ACCEPTED,EXACT,99,True,,2026-08-20
Adonis amurensis,Adonis amurensis,7277921,Adonis,Ranunculaceae,Ranunculales,Magnoliopsida,Tracheophyta,Plantae,ACCEPTED,EXACT,99,True,,2026-08-20
Adonis palaestina,Adonis palaestina,5616453,Adonis,Ranunculaceae,Ranunculales,Magnoliopsida,Tracheophyta,Plantae,ACCEPTED,EXACT,99,True,,2026-08-20
Aegle marmelos,Aegle marmelos,5421195,Aegle,Rutaceae,Sapindales,Magnoliopsida,Tracheophyta,Plantae,ACCEPTED,EXACT,97,True,,2026-08-20
Aegopodium podagraria,Aegopodium podagraria,3034620,Aegopodium,Apiaceae,Apiales,Magnoliopsida,Tracheophyta,Plantae,ACCEPTED,EXACT,99,True,,2026-08-20
Aeollanthus suaveolens,Aeollanthus suaveolens,8274291,Aeollanthus,Lamiaceae,Lamiales,Magnoliopsida,Tracheophyta,Plantae,ACCEPTED,EXACT,97,True,,2026-08-20
Aerangis fastuosa,Aerangis fastuosa,2836893,Aerangis,Orchidaceae,Asparagales,Liliopsida,Tracheophyta,Plantae,ACCEPTED,EXACT,99,True,,2026-08-20
Aerva lanata,Ouret lanata,10974033,Ouret,Amaranthaceae,Caryophyllales,Magnoliopsida,Tracheophyta,Plantae,SYNONYM,EXACT,97,True,,2026-08-20
Aesculus chinensis,Aesculus chinensis,7323139,Aesculus,Sapindaceae,Sapindales,Magnoliopsida,Tracheophyta,Plantae,ACCEPTED,EXACT,99,True,,2026-08-20
Aesculus hippocastanum,Aesculus hippocastanum,3189815,Aesculus,Sapindaceae,Sapindales,Magnoliopsida,Tracheophyta,Plantae,ACCEPTED,EXACT,99,True,,2026-08-20
Aesculus turbinata,Aesculus turbinata,3189819,Aesculus,Sapindaceae,Sapindales,Magnoliopsida,Tracheophyta,Plantae,ACCEPTED,EXACT,99,True,,2026-08-20
Aframomum angustifolium,Aframomum angustifolium,2758823,Aframomum,Zingiberaceae,Zingiberales,Liliopsida,Tracheophyta,Plantae,ACCEPTED,EXACT,99,True,,2026-08-20
Aframomum melegueta,Aframomum melegueta,2758930,Aframomum,Zingiberaceae,Zingiberales,Liliopsida,Tracheophyta,Plantae,ACCEPTED,EXACT,99,True,,2026-08-20
Agardhiella subulata,Agardhiella subulata,5279568,Agardhiella,Solieriaceae,Gigartinales,Florideophyceae,Rhodophyta,Plantae,ACCEPTED,EXACT,99,True,,2026-08-20
Agaricus bisporus,Agaricus bisporus,5243447,Agaricus,Agaricaceae,Agaricales,Agaricomycetes,Basidiomycota,Fungi,ACCEPTED,EXACT,97,True,,2026-08-20
Agaricus blazei,Agaricus blazei,5457214,Agaricus,Agaricaceae,Agaricales,Agaricomycetes,Basidiomycota,Fungi,ACCEPTED,EXACT,99,True,,2026-08-20
Agarose is,,,,,,,,,,NONE,0,False,no_match:NONE,2026-08-20
Agarum cribrosum,Agarum clathratum,2661536,Agarum,Costariaceae,Laminariales,Phaeophyceae,Ochrophyta,Chromista,SYNONYM,EXACT,98,True,,2026-08-20
Agastache mexicana,Agastache mexicana,7307389,Agastache,Lamiaceae,Lamiales,Magnoliopsida,Tracheophyta,Plantae,ACCEPTED,EXACT,97,True,,2026-08-20
Agastache rugosa,Agastache rugosa,7307327,Agastache,Lamiaceae,Lamiales,Magnoliopsida,Tracheophyta,Plantae,ACCEPTED,EXACT,99,True,,2026-08-20
Agave americana,Agave americana,2767031,Agave,Asparagaceae,Asparagales,Liliopsida,Tracheophyta,Plantae,ACCEPTED,EXACT,99,True,,2026-08-20
Agave atrovirens,Agave atrovirens,2766552,Agave,Asparagaceae,Asparagales,Liliopsida,Tracheophyta,Plantae,ACCEPTED,EXACT,98,True,,2026-08-20
Agave rigida,Agave angustifolia,7331215,Agave,Asparagaceae,Asparagales,Liliopsida,Tracheophyta,Plantae,SYNONYM,EXACT,98,True,,2026-08-20
Agave tequilana,Agave tequilana,2766899,Agave,Asparagaceae,Asparagales,Liliopsida,Tracheophyta,Plantae,ACCEPTED,EXACT,99,True,,2026-08-20
Ageratum conyzoides,Ageratum conyzoides,5401673,Ageratum,Asteraceae,Asterales,Magnoliopsida,Tracheophyta,Plantae,ACCEPTED,EXACT,97,True,,2026-08-20
Aglaia odorata,Aglaia odorata,5597349,Aglaia,Meliaceae,Sapindales,Magnoliopsida,Tracheophyta,Plantae,ACCEPTED,EXACT,99,True,,2026-08-20
Agonis fragrans,Taxandria fragrans,3185904,Taxandria,Myrtaceae,Myrtales,Magnoliopsida,Tracheophyta,Plantae,SYNONYM,EXACT,98,True,,2026-08-20
Agrimonia eupatoria,Agrimonia eupatoria,3001956,Agrimonia,Rosaceae,Rosales,Magnoliopsida,Tracheophyta,Plantae,ACCEPTED,EXACT,98,True,,2026-08-20
Agrimonia pilosa,Agrimonia pilosa,3002003,Agrimonia,Rosaceae,Rosales,Magnoliopsida,Tracheophyta,Plantae,ACCEPTED,EXACT,97,True,,2026-08-20
Agropyron cristatum,Agropyron cristatum,2705196,Agropyron,Poaceae,Poales,Liliopsida,Tracheophyta,Plantae,ACCEPTED,EXACT,98,True,,2026-08-20
Agropyron repens,Elymus repens,5290299,Elymus,Poaceae,Poales,Liliopsida,Tracheophyta,Plantae,SYNONYM,EXACT,98,True,,2026-08-20
Ailanthus altissima,Ailanthus altissima,3190653,Ailanthus,Simaroubaceae,Sapindales,Magnoliopsida,Tracheophyta,Plantae,ACCEPTED,EXACT,99,True,,2026-08-20
Ajuga nipponensis,Ajuga nipponensis,7307111,Ajuga,Lamiaceae,Lamiales,Magnoliopsida,Tracheophyta,Plantae,ACCEPTED,EXACT,99,True,,2026-08-20
Ajuga reptans,Ajuga reptans,2927078,Ajuga,Lamiaceae,Lamiales,Magnoliopsida,Tracheophyta,Plantae,ACCEPTED,EXACT,99,True,,2026-08-20
Ajuga turkestanica,Ajuga turkestanica,4931002,Ajuga,Lamiaceae,Lamiales,Magnoliopsida,Tracheophyta,Plantae,ACCEPTED,EXACT,99,True,,2026-08-20
Akebia quinata,Akebia quinata,3033965,Akebia,Lardizabalaceae,Ranunculales,Magnoliopsida,Tracheophyta,Plantae,ACCEPTED,EXACT,97,True,,2026-08-20
Akebia trifoliata,Akebia trifoliata,7306109,Akebia,Lardizabalaceae,Ranunculales,Magnoliopsida,Tracheophyta,Plantae,ACCEPTED,EXACT,99,True,,2026-08-20
Alaria esculenta,Alaria esculenta,5422592,Alaria,Alariaceae,Laminariales,Phaeophyceae,Ochrophyta,Chromista,ACCEPTED,EXACT,99,True,,2026-08-20
Albatrellus confluens,Albatrellopsis confluens,2551821,Albatrellopsis,Albatrellaceae,Russulales,Agaricomycetes,Basidiomycota,Fungi,SYNONYM,EXACT,98,True,,2026-08-20
Albatrellus ovinus,Albatrellus ovinus,2551823,Albatrellus,Albatrellaceae,Russulales,Agaricomycetes,Basidiomycota,Fungi,ACCEPTED,EXACT,99,True,,2026-08-20
Albizia adianthifolia,Albizia adianthifolia,2972915,Albizia,Fabaceae,Fabales,Magnoliopsida,Tracheophyta,Plantae,ACCEPTED,EXACT,99,True,,2026-08-20
Albizia amara,Albizia amara,2973271,Albizia,Fabaceae,Fabales,Magnoliopsida,Tracheophyta,Plantae,ACCEPTED,EXACT,97,True,,2026-08-20
Albizia julibrissin,Albizia julibrissin,2972983,Albizia,Fabaceae,Fabales,Magnoliopsida,Tracheophyta,Plantae,ACCEPTED,EXACT,97,True,,2026-08-20
Albizia lebbeck,Albizia lebbeck,2973215,Albizia,Fabaceae,Fabales,Magnoliopsida,Tracheophyta,Plantae,ACCEPTED,EXACT,99,True,,2026-08-20
Alcantarea imperialis,Alcantarea imperialis,2700429,Alcantarea,Bromeliaceae,Poales,Liliopsida,Tracheophyta,Plantae,ACCEPTED,EXACT,97,True,,2026-08-20
Alchemilla alpina,Alchemilla alpina,3027648,Alchemilla,Rosaceae,Rosales,Magnoliopsida,Tracheophyta,Plantae,ACCEPTED,EXACT,97,True,,2026-08-20
Alchemilla vulgaris,Alchemilla vulgaris,7890713,Alchemilla,Rosaceae,Rosales,Magnoliopsida,Tracheophyta,Plantae,ACCEPTED,EXACT,97,True,,2026-08-20
Alchornea cordifolia,Alchornea cordifolia,3055371,Alchornea,Euphorbiaceae,Malpighiales,Magnoliopsida,Tracheophyta,Plantae,ACCEPTED,EXACT,99,True,,2026-08-20
Aletris farinosa,Aletris farinosa,2756106,Aletris,Nartheciaceae,Dioscoreales,Liliopsida,Tracheophyta,Plantae,ACCEPTED,EXACT,97,True,,2026-08-20
Aleurites moluccanus,Aleurites moluccanus,4930679,Aleurites,Euphorbiaceae,Malpighiales,Magnoliopsida,Tracheophyta,Plantae,ACCEPTED,EXACT,99,True,,2026-08-20
Aleurites montanus,Vernicia montana,3074918,Vernicia,Euphorbiaceae,Malpighiales,Magnoliopsida,Tracheophyta,Plantae,SYNONYM,EXACT,98,True,,2026-08-20
Alibertia patinoi,Alibertia patinoi,7825670,Alibertia,Rubiaceae,Gentianales,Magnoliopsida,Tracheophyta,Plantae,ACCEPTED,EXACT,99,True,,2026-08-20
Alisma orientale,Alisma plantago-aquatica,2865101,Alisma,Alismataceae,Alismatales,Liliopsida,Tracheophyta,Plantae,SYNONYM,EXACT,98,True,,2026-08-20
Alkanna tinctoria,Alkanna tinctoria,5341257,Alkanna,Boraginaceae,Boraginales,Magnoliopsida,Tracheophyta,Plantae,ACCEPTED,EXACT,97,True,,2026-08-20
Allanblackia stuhlmannii,Allanblackia stuhlmannii,3713122,Allanblackia,Clusiaceae,Malpighiales,Magnoliopsida,Tracheophyta,Plantae,ACCEPTED,EXACT,99,True,,2026-08-20
Allium cepa,Allium cepa,2857697,Allium,Amaryllidaceae,Asparagales,Liliopsida,Tracheophyta,Plantae,ACCEPTED,EXACT,99,True,,2026-08-20
Allium chinense,Allium chinense,2856307,Allium,Amaryllidaceae,Asparagales,Liliopsida,Tracheophyta,Plantae,ACCEPTED,EXACT,97,True,,2026-08-20
Allium fistulosum,Allium fistulosum,2856504,Allium,Amaryllidaceae,Asparagales,Liliopsida,Tracheophyta,Plantae,ACCEPTED,EXACT,99,True,,2026-08-20
Allium grayi,Allium macrostemon,2857455,Allium,Amaryllidaceae,Asparagales,Liliopsida,Tracheophyta,Plantae,SYNONYM,EXACT,98,True,,2026-08-20
Allium hookeri,Allium hookeri,2856878,Allium,Amaryllidaceae,Asparagales,Liliopsida,Tracheophyta,Plantae,ACCEPTED,EXACT,99,True,,2026-08-20
Allium monanthum,Allium monanthum,2857379,Allium,Amaryllidaceae,Asparagales,Liliopsida,Tracheophyta,Plantae,ACCEPTED,EXACT,99,True,,2026-08-20
Allium odorum,Allium odorum,9067948,Allium,Amaryllidaceae,Asparagales,Liliopsida,Tracheophyta,Plantae,ACCEPTED,EXACT,97,True,,2026-08-20
Allium porrum,,,Allium,Amaryllidaceae,Asparagales,,,Plantae,,HIGHERRANK,0,False,no_match:HIGHERRANK|genus_fallback,2026-08-20
Allium sativum,Allium sativum,2856681,Allium,Amaryllidaceae,Asparagales,Liliopsida,Tracheophyta,Plantae,ACCEPTED,EXACT,99,True,,2026-08-20
Allium tuberosum,Allium tuberosum,2856297,Allium,Amaryllidaceae,Asparagales,Liliopsida,Tracheophyta,Plantae,ACCEPTED,EXACT,97,True,,2026-08-20
Allium ursinum,Allium ursinum,2857601,Allium,Amaryllidaceae,Asparagales,Liliopsida,Tracheophyta,Plantae,ACCEPTED,EXACT,99,True,,2026-08-20
Allium victorialis,Allium victorialis,2857132,Allium,Amaryllidaceae,Asparagales,Liliopsida,Tracheophyta,Plantae,ACCEPTED,EXACT,99,True,,2026-08-20
Alnus firmifolia,Alnus jorullensis,5939252,Alnus,Betulaceae,Fagales,Magnoliopsida,Tracheophyta,Plantae,SYNONYM,EXACT,98,True,,2026-08-20
Alnus japonica,Alnus japonica,2876196,Alnus,Betulaceae,Fagales,Magnoliopsida,Tracheophyta,Plantae,ACCEPTED,EXACT,97,True,,2026-08-20
Aloe andongensis,Aloe andongensis,2777207,Aloe,Asphodelaceae,Asparagales,Liliopsida,Tracheophyta,Plantae,ACCEPTED,EXACT,99,True,,2026-08-20
Aloe arborescens,Aloe arborescens,2777537,Aloe,Asphodelaceae,Asparagales,Liliopsida,Tracheophyta,Plantae,ACCEPTED,EXACT,99,True,,2026-08-20
Aloe barbadensis,Aloe vera,2777724,Aloe,Asphodelaceae,Asparagales,Liliopsida,Tracheophyta,Plantae,SYNONYM,EXACT,98,True,,2026-08-20
Aloe ferox,Aloe ferox,2777789,Aloe,Asphodelaceae,Asparagales,Liliopsida,Tracheophyta,Plantae,ACCEPTED,EXACT,99,True,,2026-08-20
Aloe maculata,Aloe maculata,2777430,Aloe,Asphodelaceae,Asparagales,Liliopsida,Tracheophyta,Plantae,ACCEPTED,EXACT,97,True,,2026-08-20
Aloe tomentosa,Aloe tomentosa,2777906,Aloe,Asphodelaceae,Asparagales,Liliopsida,Tracheophyta,Plantae,ACCEPTED,EXACT,99,True,,2026-08-20
Alpinia calcarata,Alpinia calcarata,5302054,Alpinia,Zingiberaceae,Zingiberales,Liliopsida,Tracheophyta,Plantae,ACCEPTED,EXACT,99,True,,2026-08-20
Alpinia formosana,Alpinia formosana,5302324,Alpinia,Zingiberaceae,Zingiberales,Liliopsida,Tracheophyta,Plantae,ACCEPTED,EXACT,99,True,,2026-08-20
Alpinia galanga,Alpinia galanga,5302225,Alpinia,Zingiberaceae,Zingiberales,Liliopsida,Tracheophyta,Plantae,ACCEPTED,EXACT,99,True,,2026-08-20
Alpinia intermedia,Alpinia intermedia,5302174,Alpinia,Zingiberaceae,Zingiberales,Liliopsida,Tracheophyta,Plantae,ACCEPTED,EXACT,99,True,,2026-08-20
Alpinia japonica,Alpinia japonica,5302050,Alpinia,Zingiberaceae,Zingiberales,Liliopsida,Tracheophyta,Plantae,ACCEPTED,EXACT,99,True,,2026-08-20
Alpinia katsumadae,Alpinia hainanensis,5302164,Alpinia,Zingiberaceae,Zingiberales,Liliopsida,Tracheophyta,Plantae,SYNONYM,EXACT,98,True,,2026-08-20
Alpinia katsumadai,Alpinia katsumadai,5635657,Alpinia,Zingiberaceae,Zingiberales,Liliopsida,Tracheophyta,Plantae,ACCEPTED,EXACT,99,True,,2026-08-20
Alpinia mutica,Alpinia mutica,5302190,Alpinia,Zingiberaceae,Zingiberales,Liliopsida,Tracheophyta,Plantae,ACCEPTED,EXACT,99,True,,2026-08-20
Alpinia nigra,Alpinia nigra,5302041,Alpinia,Zingiberaceae,Zingiberales,Liliopsida,Tracheophyta,Plantae,ACCEPTED,EXACT,99,True,,2026-08-20
Alpinia officinarum,Alpinia officinarum,5302199,Alpinia,Zingiberaceae,Zingiberales,Liliopsida,Tracheophyta,Plantae,ACCEPTED,EXACT,99,True,,2026-08-20
Alpinia oxyphylla,Alpinia oxyphylla,5302068,Alpinia,Zingiberaceae,Zingiberales,Liliopsida,Tracheophyta,Plantae,ACCEPTED,EXACT,99,True,,2026-08-20
Alpinia speciosa,,,,,,,,,,HIGHERRANK,0,False,no_match:HIGHERRANK,2026-08-20
Alpinia uraiensis,Alpinia uraiensis,5301991,Alpinia,Zingiberaceae,Zingiberales,Liliopsida,Tracheophyta,Plantae,ACCEPTED,EXACT,99,True,,2026-08-20
Alpinia zerumbet,Alpinia zerumbet,5301979,Alpinia,Zingiberaceae,Zingiberales,Liliopsida,Tracheophyta,Plantae,ACCEPTED,EXACT,99,True,,2026-08-20
Alstonia scholaris,Alstonia scholaris,5414410,Alstonia,Apocynaceae,Gentianales,Magnoliopsida,Tracheophyta,Plantae,ACCEPTED,EXACT,99,True,,2026-08-20
Alternanthera sessilis,Alternanthera sessilis,3084939,Alternanthera,Amaranthaceae,Caryophyllales,Magnoliopsida,Tracheophyta,Plantae,ACCEPTED,EXACT,97,True,,2026-08-20
Althaea officinalis,Althaea officinalis,3152520,Althaea,Malvaceae,Malvales,Magnoliopsida,Tracheophyta,Plantae,ACCEPTED,EXACT,99,True,,2026-08-20
Althaea rosea,Althaea rosea,7786241,Althaea,Malvaceae,Malvales,Magnoliopsida,Tracheophyta,Plantae,ACCEPTED,EXACT,97,True,,2026-08-20
Alysicarpus vaginalis,Alysicarpus vaginalis,2948605,Alysicarpus,Fabaceae,Fabales,Magnoliopsida,Tracheophyta,Plantae,ACCEPTED,EXACT,97,True,,2026-08-20
Amaranthus caudatus,Amaranthus caudatus,6109611,Amaranthus,Amaranthaceae,Caryophyllales,Magnoliopsida,Tracheophyta,Plantae,ACCEPTED,EXACT,97,True,,2026-08-20
Amaranthus cruentus,Amaranthus cruentus,5384390,Amaranthus,Amaranthaceae,Caryophyllales,Magnoliopsida,Tracheophyta,Plantae,ACCEPTED,EXACT,97,True,,2026-08-20
Amaranthus hypochondriacus,Amaranthus hypochondriacus,9080185,Amaranthus,Amaranthaceae,Caryophyllales,Magnoliopsida,Tracheophyta,Plantae,ACCEPTED,EXACT,99,True,,2026-08-20
Amaranthus mangostanus,Amaranthus tricolor,5384397,Amaranthus,Amaranthaceae,Caryophyllales,Magnoliopsida,Tracheophyta,Plantae,SYNONYM,EXACT,97,True,,2026-08-20
Amaranthus spinosus,Amaranthus spinosus,5384401,Amaranthus,Amaranthaceae,Caryophyllales,Magnoliopsida,Tracheophyta,Plantae,ACCEPTED,EXACT,99,True,,2026-08-20
Amaryllis belladonna,Amaryllis belladonna,5325855,Amaryllis,Amaryllidaceae,Asparagales,Liliopsida,Tracheophyta,Plantae,ACCEPTED,EXACT,97,True,,2026-08-20
Ambrosia peruviana,,,Ambrosia,Asteraceae,Asterales,,,Plantae,,HIGHERRANK,0,False,no_match:HIGHERRANK|genus_fallback,2026-08-20
Ambrosia trifida,Ambrosia trifida,3110588,Ambrosia,Asteraceae,Asterales,Magnoliopsida,Tracheophyta,Plantae,ACCEPTED,EXACT,99,True,,2026-08-20
Amburana cearensis,Amburana cearensis,2945821,Amburana,Fabaceae,Fabales,Magnoliopsida,Tracheophyta,Plantae,ACCEPTED,EXACT,99,True,,2026-08-20
Amelanchier alnifolia,Amelanchier alnifolia,8168485,Amelanchier,Rosaceae,Rosales,Magnoliopsida,Tracheophyta,Plantae,ACCEPTED,EXACT,97,True,,2026-08-20
Ammi majus,Ammi majus,3034182,Ammi,Apiaceae,Apiales,Magnoliopsida,Tracheophyta,Plantae,ACCEPTED,EXACT,97,True,,2026-08-20
Ammophila arenaria,Calamagrostis arenaria,4126489,Calamagrostis,Poaceae,Poales,Liliopsida,Tracheophyta,Plantae,SYNONYM,EXACT,100,True,,2026-08-20
Amomum aromaticum,Wurfbainia aromatica,10958923,Wurfbainia,Zingiberaceae,Zingiberales,Liliopsida,Tracheophyta,Plantae,SYNONYM,EXACT,98,True,,2026-08-20
Amomum subulatum,Amomum subulatum,5301632,Amomum,Zingiberaceae,Zingiberales,Liliopsida,Tracheophyta,Plantae,ACCEPTED,EXACT,99,True,,2026-08-20
Amomum xanthioides,Amomum xanthioides,8093158,Amomum,Zingiberaceae,Zingiberales,Liliopsida,Tracheophyta,Plantae,ACCEPTED,EXACT,97,True,,2026-08-20
Amorpha fruticosa,Amorpha fruticosa,5357407,Amorpha,Fabaceae,Fabales,Magnoliopsida,Tracheophyta,Plantae,ACCEPTED,EXACT,97,True,,2026-08-20
Amorphophallus campanulatus,Amorphophallus paeoniifolius,2871533,Amorphophallus,Araceae,Alismatales,Liliopsida,Tracheophyta,Plantae,SYNONYM,EXACT,98,True,,2026-08-20
Amorphophallus konjac,Amorphophallus konjac,2871520,Amorphophallus,Araceae,Alismatales,Liliopsida,Tracheophyta,Plantae,ACCEPTED,EXACT,98,True,,2026-08-20
Ampelopsis grossedentata,Nekemias grossedentata,9474674,Nekemias,Vitaceae,Vitales,Magnoliopsida,Tracheophyta,Plantae,SYNONYM,EXACT,98,True,,2026-08-20
Ampelopsis japonica,Ampelopsis japonica,7394232,Ampelopsis,Vitaceae,Vitales,Magnoliopsida,Tracheophyta,Plantae,ACCEPTED,EXACT,98,True,,2026-08-20
Amyris balsamifera,Amyris balsamifera,5421190,Amyris,Rutaceae,Sapindales,Magnoliopsida,Tracheophyta,Plantae,ACCEPTED,EXACT,99,True,,2026-08-20
Anacardium occidentale,Anacardium occidentale,5421368,Anacardium,Anacardiaceae,Sapindales,Magnoliopsida,Tracheophyta,Plantae,ACCEPTED,EXACT,98,True,,2026-08-20
Anacyclus pyrethrum,Anacyclus pyrethrum,3148578,Anacyclus,Asteraceae,Asterales,Magnoliopsida,Tracheophyta,Plantae,ACCEPTED,EXACT,97,True,,2026-08-20
Ananas comosus,Ananas comosus,5288819,Ananas,Bromeliaceae,Poales,Liliopsida,Tracheophyta,Plantae,ACCEPTED,EXACT,98,True,,2026-08-20
Ananas erectifolius,Ananas comosus,5288789,Ananas,Bromeliaceae,Poales,Liliopsida,Tracheophyta,Plantae,SYNONYM,EXACT,98,True,,2026-08-20
Ananas sativus,Ananas comosus,5828343,Ananas,Bromeliaceae,Poales,Liliopsida,Tracheophyta,Plantae,SYNONYM,EXACT,98,True,,2026-08-20
Anastatica hierochuntica,Anastatica hierochuntica,3041976,Anastatica,Brassicaceae,Brassicales,Magnoliopsida,Tracheophyta,Plantae,ACCEPTED,EXACT,99,True,,2026-08-20
Anchusa arvensis,Lycopsis arvensis,9309359,Lycopsis,Boraginaceae,Boraginales,Magnoliopsida,Tracheophyta,Plantae,SYNONYM,EXACT,97,True,,2026-08-20
Andrographis paniculata,Andrographis paniculata,3173178,Andrographis,Acanthaceae,Lamiales,Magnoliopsida,Tracheophyta,Plantae,ACCEPTED,EXACT,98,True,,2026-08-20
Androsace helvetica,Androsace helvetica,4006455,Androsace,Primulaceae,Ericales,Magnoliopsida,Tracheophyta,Plantae,ACCEPTED,EXACT,99,True,,2026-08-20
Androsace umbellata,Androsace umbellata,4007936,Androsace,Primulaceae,Ericales,Magnoliopsida,Tracheophyta,Plantae,ACCEPTED,EXACT,99,True,,2026-08-20
Anemarrhena asphodeloides,Anemarrhena asphodeloides,2771077,Anemarrhena,Asparagaceae,Asparagales,Liliopsida,Tracheophyta,Plantae,ACCEPTED,EXACT,99,True,,2026-08-20
Anethum graveolens,Anethum graveolens,3034646,Anethum,Apiaceae,Apiales,Magnoliopsida,Tracheophyta,Plantae,ACCEPTED,EXACT,97,True,,2026-08-20
Anethum sowa,Anethum sowa,3631014,Anethum,Apiaceae,Apiales,Magnoliopsida,Tracheophyta,Plantae,ACCEPTED,EXACT,97,True,,2026-08-20
Angelica acutiloba,Angelica acutiloba,5537879,Angelica,Apiaceae,Apiales,Magnoliopsida,Tracheophyta,Plantae,ACCEPTED,EXACT,99,True,,2026-08-20
Angelica archangelica,Angelica archangelica,5371808,Angelica,Apiaceae,Apiales,Magnoliopsida,Tracheophyta,Plantae,ACCEPTED,EXACT,99,True,,2026-08-20
Angelica cartilaginomarginata,Angelica cartilaginomarginata,5537835,Angelica,Apiaceae,Apiales,Magnoliopsida,Tracheophyta,Plantae,ACCEPTED,EXACT,99,True,,2026-08-20
Angelica dahurica,Angelica dahurica,5537813,Angelica,Apiaceae,Apiales,Magnoliopsida,Tracheophyta,Plantae,ACCEPTED,EXACT,97,True,,2026-08-20
Angelica furcijuga,Angelica tenuisecta,5540699,Angelica,Apiaceae,Apiales,Magnoliopsida,Tracheophyta,Plantae,SYNONYM,EXACT,98,True,,2026-08-20
Angelica gigas,Angelica gigas,5537749,Angelica,Apiaceae,Apiales,Magnoliopsida,Tracheophyta,Plantae,ACCEPTED,EXACT,99,True,,2026-08-20
Angelica glauca,Angelica glauca,5537742,Angelica,Apiaceae,Apiales,Magnoliopsida,Tracheophyta,Plantae,ACCEPTED,EXACT,99,True,,2026-08-20
Angelica japonica,Angelica japonica,6026374,Angelica,Apiaceae,Apiales,Magnoliopsida,Tracheophyta,Plantae,ACCEPTED,EXACT,99,True,,2026-08-20
Angelica keiskei,Angelica keiskei,6026372,Angelica,Apiaceae,Apiales,Magnoliopsida,Tracheophyta,Plantae,ACCEPTED,EXACT,99,True,,2026-08-20
Angelica koreana,Ostericum grosseserratum,5832015,Ostericum,Apiaceae,Apiales,Magnoliopsida,Tracheophyta,Plantae,SYNONYM,EXACT,98,True,,2026-08-20
Angelica pubescens,Angelica pubescens,5537546,Angelica,Apiaceae,Apiales,Magnoliopsida,Tracheophyta,Plantae,ACCEPTED,EXACT,99,True,,2026-08-20
Angelica shikokiana,Angelica shikokiana,5540746,Angelica,Apiaceae,Apiales,Magnoliopsida,Tracheophyta,Plantae,ACCEPTED,EXACT,97,True,,2026-08-20
Angelica sinensis,Angelica sinensis,6027415,Angelica,Apiaceae,Apiales,Magnoliopsida,Tracheophyta,Plantae,ACCEPTED,EXACT,99,True,,2026-08-20
Angelica utilis,Angelica keiskei,6026372,Angelica,Apiaceae,Apiales,Magnoliopsida,Tracheophyta,Plantae,SYNONYM,EXACT,97,True,,2026-08-20
Angelonia angustifolia,Angelonia angustifolia,3171809,Angelonia,Plantaginaceae,Lamiales,Magnoliopsida,Tracheophyta,Plantae,ACCEPTED,EXACT,99,True,,2026-08-20
Aniba rosaeodora,Aniba rosaeodora,7304518,Aniba,Lauraceae,Laurales,Magnoliopsida,Tracheophyta,Plantae,ACCEPTED,EXACT,99,True,,2026-08-20
Aniba rosodora,Aniba rosodora,10823001,Aniba,Lauraceae,Laurales,Magnoliopsida,Tracheophyta,Plantae,ACCEPTED,EXACT,99,True,,2026-08-20
Anigozanthos flavidus,Anigozanthos flavidus,8193234,Anigozanthos,Haemodoraceae,Commelinales,Liliopsida,Tracheophyta,Plantae,ACCEPTED,EXACT,98,True,,2026-08-20
Anigozanthos manglesii,Anigozanthos manglesii,2765842,Anigozanthos,Haemodoraceae,Commelinales,Liliopsida,Tracheophyta,Plantae,ACCEPTED,EXACT,97,True,,2026-08-20
Annona atemoya,Annona atemoya,5407120,Annona,Annonaceae,Magnoliales,Magnoliopsida,Tracheophyta,Plantae,ACCEPTED,EXACT,99,True,,2026-08-20
Annona cherimola,Annona cherimola,5407147,Annona,Annonaceae,Magnoliales,Magnoliopsida,Tracheophyta,Plantae,ACCEPTED,EXACT,99,True,,2026-08-20
Annona muricata,Annona muricata,5407273,Annona,Annonaceae,Magnoliales,Magnoliopsida,Tracheophyta,Plantae,ACCEPTED,EXACT,97,True,,2026-08-20
Annona reticulata,Annona reticulata,5407123,Annona,Annonaceae,Magnoliales,Magnoliopsida,Tracheophyta,Plantae,ACCEPTED,EXACT,97,True,,2026-08-20
Annona squamosa,Annona squamosa,5407099,Annona,Annonaceae,Magnoliales,Magnoliopsida,Tracheophyta,Plantae,ACCEPTED,EXACT,97,True,,2026-08-20
Anoectochilus formosanus,Anoectochilus formosanus,5308604,Anoectochilus,Orchidaceae,Asparagales,Liliopsida,Tracheophyta,Plantae,ACCEPTED,EXACT,99,True,,2026-08-20
Anogeissus latifolia,Terminalia anogeissiana,9256805,Terminalia,Combretaceae,Myrtales,Magnoliopsida,Tracheophyta,Plantae,SYNONYM,EXACT,97,True,,2026-08-20
Anogeissus leiocarpa,Terminalia leiocarpa,3698332,Terminalia,Combretaceae,Myrtales,Magnoliopsida,Tracheophyta,Plantae,SYNONYM,EXACT,98,True,,2026-08-20
Anredera cordifolia,Anredera cordifolia,3083508,Anredera,Basellaceae,Caryophyllales,Magnoliopsida,Tracheophyta,Plantae,ACCEPTED,EXACT,99,True,,2026-08-20
Antennaria dioica,Antennaria dioica,5385604,Antennaria,Asteraceae,Asterales,Magnoliopsida,Tracheophyta,Plantae,ACCEPTED,EXACT,99,True,,2026-08-20
Antennaria microphylla,Antennaria microphylla,7727725,Antennaria,Asteraceae,Asterales,Magnoliopsida,Tracheophyta,Plantae,ACCEPTED,EXACT,97,True,,2026-08-20
Anthemis nobilis,Chamaemelum nobile,5391599,Chamaemelum,Asteraceae,Asterales,Magnoliopsida,Tracheophyta,Plantae,SYNONYM,EXACT,98,True,,2026-08-20
Anthoxanthum odoratum,Anthoxanthum odoratum,2705975,Anthoxanthum,Poaceae,Poales,Liliopsida,Tracheophyta,Plantae,ACCEPTED,EXACT,99,True,,2026-08-20
Anthriscus cerefolium,Anthriscus cerefolium,5371746,Anthriscus,Apiaceae,Apiales,Magnoliopsida,Tracheophyta,Plantae,ACCEPTED,EXACT,99,True,,2026-08-20
Anthriscus sylvestris,Anthriscus sylvestris,5371742,Anthriscus,Apiaceae,Apiales,Magnoliopsida,Tracheophyta,Plantae,ACCEPTED,EXACT,99,True,,2026-08-20
Anthurium andraeanum,Anthurium andraeanum,2872695,Anthurium,Araceae,Alismatales,Liliopsida,Tracheophyta,Plantae,ACCEPTED,EXACT,98,True,,2026-08-20
Anthyllis vulneraria,Anthyllis vulneraria,5352367,Anthyllis,Fabaceae,Fabales,Magnoliopsida,Tracheophyta,Plantae,ACCEPTED,EXACT,97,True,,2026-08-20
Antidesma velutinosum,Antidesma velutinosum,3076798,Antidesma,Phyllanthaceae,Malpighiales,Magnoliopsida,Tracheophyta,Plantae,ACCEPTED,EXACT,98,True,,2026-08-20
Antirrhinum majus,Antirrhinum majus,3172001,Antirrhinum,Plantaginaceae,Lamiales,Magnoliopsida,Tracheophyta,Plantae,ACCEPTED,EXACT,99,True,,2026-08-20
Antrodia cinnamomea,Taiwanofungus camphoratus,5897924,Taiwanofungus,Fomitopsidaceae,Polyporales,Agaricomycetes,Basidiomycota,Fungi,SYNONYM,EXACT,98,True,,2026-08-20
Aphanothece sacrum,,,,,Cyanobacteriales,,,Bacteria,,HIGHERRANK,0,False,no_match:HIGHERRANK|genus_fallback,2026-08-20
Apios americana,Apios americana,2966796,Apios,Fabaceae,Fabales,Magnoliopsida,Tracheophyta,Plantae,ACCEPTED,EXACT,99,True,,2026-08-20
Apium graveolens,Apium graveolens,5371879,Apium,Apiaceae,Apiales,Magnoliopsida,Tracheophyta,Plantae,ACCEPTED,EXACT,97,True,,2026-08-20
Apocynum venetum,,,Apocynum,Apocynaceae,Gentianales,,,Plantae,,HIGHERRANK,0,False,no_match:HIGHERRANK|genus_fallback,2026-08-20
Aquilaria agallocha,Aquilaria agallocha,5524192,Aquilaria,Thymelaeaceae,Malvales,Magnoliopsida,Tracheophyta,Plantae,ACCEPTED,EXACT,97,True,,2026-08-20
Aquilaria crassna,Aquilaria crassna,8162077,Aquilaria,Thymelaeaceae,Malvales,Magnoliopsida,Tracheophyta,Plantae,ACCEPTED,EXACT,98,True,,2026-08-20
Aquilaria malaccensis,Aquilaria malaccensis,5524063,Aquilaria,Thymelaeaceae,Malvales,Magnoliopsida,Tracheophyta,Plantae,ACCEPTED,EXACT,97,True,,2026-08-20
Aquilaria sinensis,Aquilaria sinensis,5523984,Aquilaria,Thymelaeaceae,Malvales,Magnoliopsida,Tracheophyta,Plantae,ACCEPTED,EXACT,97,True,,2026-08-20
Arabidopsis thaliana,Arabidopsis thaliana,3052436,Arabidopsis,Brassicaceae,Brassicales,Magnoliopsida,Tracheophyta,Plantae,ACCEPTED,EXACT,98,True,,2026-08-20
Arachis hypogaea,Arachis hypogaea,5353770,Arachis,Fabaceae,Fabales,Magnoliopsida,Tracheophyta,Plantae,ACCEPTED,EXACT,99,True,,2026-08-20
Aralia continentalis,Aralia continentalis,3036875,Aralia,Araliaceae,Apiales,Magnoliopsida,Tracheophyta,Plantae,ACCEPTED,EXACT,99,True,,2026-08-20
Aralia cordata,Aralia cordata,3037015,Aralia,Araliaceae,Apiales,Magnoliopsida,Tracheophyta,Plantae,ACCEPTED,EXACT,99,True,,2026-08-20
Aralia elata,Aralia elata,3036892,Aralia,Araliaceae,Apiales,Magnoliopsida,Tracheophyta,Plantae,ACCEPTED,EXACT,97,True,,2026-08-20
Aralia nudicaulis,Aralia nudicaulis,3037021,Aralia,Araliaceae,Apiales,Magnoliopsida,Tracheophyta,Plantae,ACCEPTED,EXACT,97,True,,2026-08-20
Aralia racemosa,Aralia racemosa,3036958,Aralia,Araliaceae,Apiales,Magnoliopsida,Tracheophyta,Plantae,ACCEPTED,EXACT,99,True,,2026-08-20
Araucaria angustifolia,Araucaria angustifolia,2684940,Araucaria,Araucariaceae,Pinales,Pinopsida,Tracheophyta,Plantae,ACCEPTED,EXACT,97,True,,2026-08-20
Araucaria bidwillii,Araucaria bidwillii,2684918,Araucaria,Araucariaceae,Pinales,Pinopsida,Tracheophyta,Plantae,ACCEPTED,EXACT,99,True,,2026-08-20
Araucaria heterophylla,Araucaria heterophylla,2684969,Araucaria,Araucariaceae,Pinales,Pinopsida,Tracheophyta,Plantae,ACCEPTED,EXACT,99,True,,2026-08-20
Arbutus unedo,Arbutus unedo,2882803,Arbutus,Ericaceae,Ericales,Magnoliopsida,Tracheophyta,Plantae,ACCEPTED,EXACT,99,True,,2026-08-20
Arctium lappa,Arctium lappa,7353729,Arctium,Asteraceae,Asterales,Magnoliopsida,Tracheophyta,Plantae,ACCEPTED,EXACT,97,True,,2026-08-20
Arctium majus,Arctium lappa,7223163,Arctium,Asteraceae,Asterales,Magnoliopsida,Tracheophyta,Plantae,SYNONYM,EXACT,98,True,,2026-08-20
Arctium minus,Arctium minus,5393103,Arctium,Asteraceae,Asterales,Magnoliopsida,Tracheophyta,Plantae,ACCEPTED,EXACT,98,True,,2026-08-20
Arctostaphylos uva-ursi,Arctostaphylos uva-ursi,2882580,Arctostaphylos,Ericaceae,Ericales,Magnoliopsida,Tracheophyta,Plantae,ACCEPTED,EXACT,99,True,,2026-08-20
Arctostaphylos viscida,Arctostaphylos viscida,2882505,Arctostaphylos,Ericaceae,Ericales,Magnoliopsida,Tracheophyta,Plantae,ACCEPTED,EXACT,99,True,,2026-08-20
Ardisia crenata,Ardisia crenata,5414379,Ardisia,Primulaceae,Ericales,Magnoliopsida,Tracheophyta,Plantae,ACCEPTED,EXACT,98,True,,2026-08-20
Ardisia crispa,Ardisia crispa,7169429,Ardisia,Primulaceae,Ericales,Magnoliopsida,Tracheophyta,Plantae,ACCEPTED,EXACT,99,True,,2026-08-20
Ardisia japonica,Ardisia japonica,5558066,Ardisia,Primulaceae,Ericales,Magnoliopsida,Tracheophyta,Plantae,ACCEPTED,EXACT,99,True,,2026-08-20
Areca catechu,Areca catechu,2736531,Areca,Arecaceae,Arecales,Liliopsida,Tracheophyta,Plantae,ACCEPTED,EXACT,99,True,,2026-08-20
Arenaria kansuensis,Eremogone kansuensis,7663729,Eremogone,Caryophyllaceae,Caryophyllales,Magnoliopsida,Tracheophyta,Plantae,SYNONYM,EXACT,98,True,,2026-08-20
Argania spinosa,Sideroxylon spinosum,2886244,Sideroxylon,Sapotaceae,Ericales,Magnoliopsida,Tracheophyta,Plantae,SYNONYM,EXACT,98,True,,2026-08-20
Argemone mexicana,Argemone mexicana,2888485,Argemone,Papaveraceae,Ranunculales,Magnoliopsida,Tracheophyta,Plantae,ACCEPTED,EXACT,99,True,,2026-08-20
Arisaema amurense,Arisaema amurense,2866903,Arisaema,Araceae,Alismatales,Liliopsida,Tracheophyta,Plantae,ACCEPTED,EXACT,99,True,,2026-08-20
Arisaema consanguineum,Arisaema consanguineum,2866814,Arisaema,Araceae,Alismatales,Liliopsida,Tracheophyta,Plantae,ACCEPTED,EXACT,99,True,,2026-08-20
Aristotelia chilensis,Aristotelia chilensis,5651082,Aristotelia,Elaeocarpaceae,Oxalidales,Magnoliopsida,Tracheophyta,Plantae,ACCEPTED,EXACT,97,True,,2026-08-20
Armeria alpina,Armeria alpina,7136582,Armeria,Plumbaginaceae,Caryophyllales,Magnoliopsida,Tracheophyta,Plantae,ACCEPTED,EXACT,97,True,,2026-08-20
Armeria maritima,Armeria maritima,8930531,Armeria,Plumbaginaceae,Caryophyllales,Magnoliopsida,Tracheophyta,Plantae,ACCEPTED,EXACT,97,True,,2026-08-20
Arnebia euchroma,Arnebia euchroma,7295249,Arnebia,Boraginaceae,Boraginales,Magnoliopsida,Tracheophyta,Plantae,ACCEPTED,EXACT,99,True,,2026-08-20
Arnica chamissonis,Arnica chamissonis,5405938,Arnica,Asteraceae,Asterales,Magnoliopsida,Tracheophyta,Plantae,ACCEPTED,EXACT,99,True,,2026-08-20
Arnica montana,Arnica montana,5405976,Arnica,Asteraceae,Asterales,Magnoliopsida,Tracheophyta,Plantae,ACCEPTED,EXACT,97,True,,2026-08-20
Aronia arbutifolia,Aronia arbutifolia,5363629,Aronia,Rosaceae,Rosales,Magnoliopsida,Tracheophyta,Plantae,ACCEPTED,EXACT,97,True,,2026-08-20
Aronia melanocarpa,Aronia melanocarpa,5363627,Aronia,Rosaceae,Rosales,Magnoliopsida,Tracheophyta,Plantae,ACCEPTED,EXACT,97,True,,2026-08-20
Artemisia abrotanum,Artemisia abrotanum,8042568,Artemisia,Asteraceae,Asterales,Magnoliopsida,Tracheophyta,Plantae,ACCEPTED,EXACT,97,True,,2026-08-20
Artemisia absinthium,Artemisia absinthium,3121319,Artemisia,Asteraceae,Asterales,Magnoliopsida,Tracheophyta,Plantae,ACCEPTED,EXACT,99,True,,2026-08-20
Artemisia afra,Artemisia afra,8078031,Artemisia,Asteraceae,Asterales,Magnoliopsida,Tracheophyta,Plantae,ACCEPTED,EXACT,98,True,,2026-08-20
Artemisia annua,Artemisia annua,8373355,Artemisia,Asteraceae,Asterales,Magnoliopsida,Tracheophyta,Plantae,ACCEPTED,EXACT,97,True,,2026-08-20
Artemisia anomala,Artemisia anomala,3121446,Artemisia,Asteraceae,Asterales,Magnoliopsida,Tracheophyta,Plantae,ACCEPTED,EXACT,99,True,,2026-08-20
Artemisia arborescens,Artemisia arborescens,3120677,Artemisia,Asteraceae,Asterales,Magnoliopsida,Tracheophyta,Plantae,ACCEPTED,EXACT,99,True,,2026-08-20
Artemisia argyi,Artemisia argyi,3120648,Artemisia,Asteraceae,Asterales,Magnoliopsida,Tracheophyta,Plantae,ACCEPTED,EXACT,99,True,,2026-08-20
Artemisia asiatica,,,Artemisia,Asteraceae,Asterales,,,Plantae,,HIGHERRANK,0,False,no_match:HIGHERRANK|genus_fallback,2026-08-20
Artemisia capillaris,Artemisia capillaris,3120722,Artemisia,Asteraceae,Asterales,Magnoliopsida,Tracheophyta,Plantae,ACCEPTED,EXACT,97,True,,2026-08-20
Artemisia caruifolia,Artemisia caruifolia,4230571,Artemisia,Asteraceae,Asterales,Magnoliopsida,Tracheophyta,Plantae,ACCEPTED,EXACT,97,True,,2026-08-20
Artemisia dracunculus,Artemisia dracunculus,3121581,Artemisia,Asteraceae,Asterales,Magnoliopsida,Tracheophyta,Plantae,ACCEPTED,EXACT,97,True,,2026-08-20
Artemisia fukudo,Artemisia fukudo,3121398,Artemisia,Asteraceae,Asterales,Magnoliopsida,Tracheophyta,Plantae,ACCEPTED,EXACT,99,True,,2026-08-20
Artemisia glacialis,Artemisia glacialis,8102092,Artemisia,Asteraceae,Asterales,Magnoliopsida,Tracheophyta,Plantae,ACCEPTED,EXACT,97,True,,2026-08-20
Artemisia gmelinii,Artemisia gmelinii,3121593,Artemisia,Asteraceae,Asterales,Magnoliopsida,Tracheophyta,Plantae,ACCEPTED,EXACT,97,True,,2026-08-20
Artemisia herba-alba,Artemisia herba-alba,3120848,Artemisia,Asteraceae,Asterales,Magnoliopsida,Tracheophyta,Plantae,ACCEPTED,EXACT,97,True,,2026-08-20
Artemisia maritima,Artemisia maritima,3121650,Artemisia,Asteraceae,Asterales,Magnoliopsida,Tracheophyta,Plantae,ACCEPTED,EXACT,97,True,,2026-08-20
Artemisia montana,Artemisia montana,3121341,Artemisia,Asteraceae,Asterales,Magnoliopsida,Tracheophyta,Plantae,ACCEPTED,EXACT,97,True,,2026-08-20
Artemisia pallens,Artemisia pallens,9214325,Artemisia,Asteraceae,Asterales,Magnoliopsida,Tracheophyta,Plantae,ACCEPTED,EXACT,97,True,,2026-08-20
Artemisia princeps,Artemisia princeps,3121258,Artemisia,Asteraceae,Asterales,Magnoliopsida,Tracheophyta,Plantae,ACCEPTED,EXACT,99,True,,2026-08-20
Artemisia scoparia,Artemisia scoparia,3120713,Artemisia,Asteraceae,Asterales,Magnoliopsida,Tracheophyta,Plantae,ACCEPTED,EXACT,98,True,,2026-08-20
Artemisia tridentata,Artemisia tridentata,9396703,Artemisia,Asteraceae,Asterales,Magnoliopsida,Tracheophyta,Plantae,ACCEPTED,EXACT,98,True,,2026-08-20
Artemisia umbelliformis,Artemisia umbelliformis,8981321,Artemisia,Asteraceae,Asterales,Magnoliopsida,Tracheophyta,Plantae,ACCEPTED,EXACT,97,True,,2026-08-20
Artemisia vulgaris,Artemisia vulgaris,3120946,Artemisia,Asteraceae,Asterales,Magnoliopsida,Tracheophyta,Plantae,ACCEPTED,EXACT,97,True,,2026-08-20
Arthrospira platensis,Arthrospira platensis,3218108,Arthrospira,Microcoleaceae,Cyanobacteriales,Cyanobacteriia,Cyanobacteria,Bacteria,ACCEPTED,EXACT,99,True,,2026-08-20
Artocarpus altilis,Artocarpus altilis,2984573,Artocarpus,Moraceae,Rosales,Magnoliopsida,Tracheophyta,Plantae,ACCEPTED,EXACT,97,True,,2026-08-20
Artocarpus heterophyllus,Artocarpus heterophyllus,2984565,Artocarpus,Moraceae,Rosales,Magnoliopsida,Tracheophyta,Plantae,ACCEPTED,EXACT,99,True,,2026-08-20
Artocarpus lakoocha,Artocarpus lacucha,7873234,Artocarpus,Moraceae,Rosales,Magnoliopsida,Tracheophyta,Plantae,SYNONYM,EXACT,98,True,,2026-08-20
Aruncus aethusifolius,Aruncus sylvester,6369098,Aruncus,Rosaceae,Rosales,Magnoliopsida,Tracheophyta,Plantae,SYNONYM,EXACT,98,True,,2026-08-20
Aruncus dioicus,Aruncus dioicus,5362136,Aruncus,Rosaceae,Rosales,Magnoliopsida,Tracheophyta,Plantae,ACCEPTED,EXACT,99,True,,2026-08-20
Asarum heterotropoides,Asarum heterotropoides,7313559,Asarum,Aristolochiaceae,Piperales,Magnoliopsida,Tracheophyta,Plantae,ACCEPTED,EXACT,99,True,,2026-08-20
Asarum sieboldii,Asarum sieboldii,7313629,Asarum,Aristolochiaceae,Piperales,Magnoliopsida,Tracheophyta,Plantae,ACCEPTED,EXACT,99,True,,2026-08-20
Ascophyllum nodosum,Ascophyllum nodosum,3196524,Ascophyllum,Fucaceae,Fucales,Phaeophyceae,Ochrophyta,Chromista,ACCEPTED,EXACT,98,True,,2026-08-20
Asimina triloba,Asimina triloba,3158040,Asimina,Annonaceae,Magnoliales,Magnoliopsida,Tracheophyta,Plantae,ACCEPTED,EXACT,97,True,,2026-08-20
Aspalathus linearis,Aspalathus linearis,5348220,Aspalathus,Fabaceae,Fabales,Magnoliopsida,Tracheophyta,Plantae,ACCEPTED,EXACT,99,True,,2026-08-20
Asparagopsis armata,Asparagopsis armata,5279840,Asparagopsis,Bonnemaisoniaceae,Bonnemaisoniales,Florideophyceae,Rhodophyta,Plantae,ACCEPTED,EXACT,99,True,,2026-08-20
Asparagus cochinchinensis,Asparagus cochinchinensis,2768772,Asparagus,Asparagaceae,Asparagales,Liliopsida,Tracheophyta,Plantae,ACCEPTED,EXACT,99,True,,2026-08-20
Asparagus lucidus,Asparagus cochinchinensis,2768772,Asparagus,Asparagaceae,Asparagales,Liliopsida,Tracheophyta,Plantae,SYNONYM,EXACT,98,True,,2026-08-20
Asparagus officinalis,Asparagus officinalis,2768885,Asparagus,Asparagaceae,Asparagales,Liliopsida,Tracheophyta,Plantae,ACCEPTED,EXACT,98,True,,2026-08-20
Asparagus racemosus,Asparagus racemosus,2768632,Asparagus,Asparagaceae,Asparagales,Liliopsida,Tracheophyta,Plantae,ACCEPTED,EXACT,99,True,,2026-08-20
Aspergillus ferment,,,,,,,,,,NONE,0,False,no_match:NONE,2026-08-20
Asperula odorata,Galium odoratum,2914642,Galium,Rubiaceae,Gentianales,Magnoliopsida,Tracheophyta,Plantae,SYNONYM,EXACT,98,True,,2026-08-20
Aster ageratoides,Aster ageratoides,5387639,Aster,Asteraceae,Asterales,Magnoliopsida,Tracheophyta,Plantae,ACCEPTED,EXACT,98,True,,2026-08-20
Aster glehnii,Kitamuria glehnii,10802982,Kitamuria,Asteraceae,Asterales,Magnoliopsida,Tracheophyta,Plantae,SYNONYM,EXACT,98,True,,2026-08-20
Aster scaber,Aster scaber,7422131,Aster,Asteraceae,Asterales,Magnoliopsida,Tracheophyta,Plantae,ACCEPTED,EXACT,97,True,,2026-08-20
Aster spathulifolius,Aster spathulifolius,5387539,Aster,Asteraceae,Asterales,Magnoliopsida,Tracheophyta,Plantae,ACCEPTED,EXACT,99,True,,2026-08-20
Aster tripolium,,,,,,,,,,HIGHERRANK,0,False,no_match:HIGHERRANK,2026-08-20
Aster yomena,Aster yomena,7536079,Aster,Asteraceae,Asterales,Magnoliopsida,Tracheophyta,Plantae,ACCEPTED,EXACT,97,True,,2026-08-20
Asterionellopsis glacialis,Asterionella glacialis,3192611,Asterionella,Fragilariaceae,Fragilariales,Bacillariophyceae,Ochrophyta,Chromista,SYNONYM,EXACT,98,True,,2026-08-20
Astilbe chinensis,Astilbe rubra,7339513,Astilbe,Saxifragaceae,Saxifragales,Magnoliopsida,Tracheophyta,Plantae,SYNONYM,EXACT,97,True,,2026-08-20
Astragalus gummifer,Astragalus gummifer,5352898,Astragalus,Fabaceae,Fabales,Magnoliopsida,Tracheophyta,Plantae,ACCEPTED,EXACT,99,True,,2026-08-20
Astragalus koraiensis,Astragalus sikokianus,5344739,Astragalus,Fabaceae,Fabales,Magnoliopsida,Tracheophyta,Plantae,SYNONYM,EXACT,98,True,,2026-08-20
Astragalus membranaceus,,,,,,,,,,HIGHERRANK,0,False,no_match:HIGHERRANK,2026-08-20
Astragalus sinicus,Astragalus sinicus,5345082,Astragalus,Fabaceae,Fabales,Magnoliopsida,Tracheophyta,Plantae,ACCEPTED,EXACT,97,True,,2026-08-20
Astrocaryum murumuru,Astrocaryum murumuru,2738081,Astrocaryum,Arecaceae,Arecales,Liliopsida,Tracheophyta,Plantae,ACCEPTED,EXACT,98,True,,2026-08-20
Astrocaryum tucuma,Astrocaryum tucuma,2738074,Astrocaryum,Arecaceae,Arecales,Liliopsida,Tracheophyta,Plantae,ACCEPTED,EXACT,99,True,,2026-08-20
Astrocaryum vulgare,Astrocaryum vulgare,2738076,Astrocaryum,Arecaceae,Arecales,Liliopsida,Tracheophyta,Plantae,ACCEPTED,EXACT,99,True,,2026-08-20
Athrixia phylicoides,Athrixia phylicoides,3087104,Athrixia,Asteraceae,Asterales,Magnoliopsida,Tracheophyta,Plantae,ACCEPTED,EXACT,99,True,,2026-08-20
Atractylis lyrata,Atractylodes lancea,3122433,Atractylodes,Asteraceae,Asterales,Magnoliopsida,Tracheophyta,Plantae,SYNONYM,EXACT,97,True,,2026-08-20
Atractylodes chinensis,Atractylodes lancea,3122433,Atractylodes,Asteraceae,Asterales,Magnoliopsida,Tracheophyta,Plantae,SYNONYM,EXACT,98,True,,2026-08-20
Atractylodes japonica,Atractylodes lancea,3122433,Atractylodes,Asteraceae,Asterales,Magnoliopsida,Tracheophyta,Plantae,SYNONYM,EXACT,97,True,,2026-08-20
Atractylodes lancea,Atractylodes lancea,3122433,Atractylodes,Asteraceae,Asterales,Magnoliopsida,Tracheophyta,Plantae,ACCEPTED,EXACT,99,True,,2026-08-20
Atractylodes macrocephala,Atractylodes macrocephala,3122454,Atractylodes,Asteraceae,Asterales,Magnoliopsida,Tracheophyta,Plantae,ACCEPTED,EXACT,99,True,,2026-08-20
Atriplex halimus,Atriplex halimus,3083718,Atriplex,Amaranthaceae,Caryophyllales,Magnoliopsida,Tracheophyta,Plantae,ACCEPTED,EXACT,97,True,,2026-08-20
Atriplex nummularia,Atriplex nummularia,3083652,Atriplex,Amaranthaceae,Caryophyllales,Magnoliopsida,Tracheophyta,Plantae,ACCEPTED,EXACT,99,True,,2026-08-20
Attalea maripa,Attalea maripa,2732686,Attalea,Arecaceae,Arecales,Liliopsida,Tracheophyta,Plantae,ACCEPTED,EXACT,99,True,,2026-08-20
Attalea speciosa,Attalea speciosa,2732877,Attalea,Arecaceae,Arecales,Liliopsida,Tracheophyta,Plantae,ACCEPTED,EXACT,98,True,,2026-08-20
Aucoumea klaineana,Aucoumea klaineana,3992751,Aucoumea,Burseraceae,Sapindales,Magnoliopsida,Tracheophyta,Plantae,ACCEPTED,EXACT,99,True,,2026-08-20
Aureobasidium pullulans,Aureobasidium pullulans,3524384,Aureobasidium,Saccotheciaceae,Dothideales,Dothideomycetes,Ascomycota,Fungi,ACCEPTED,EXACT,97,True,,2026-08-20
Auricularia auricula-judae,Auricularia auricula-judae,5249271,Auricularia,Auriculariaceae,Auriculariales,Agaricomycetes,Basidiomycota,Fungi,ACCEPTED,EXACT,97,True,,2026-08-20
Avena sativa,Avena sativa,2705290,Avena,Poaceae,Poales,Liliopsida,Tracheophyta,Plantae,ACCEPTED,EXACT,99,True,,2026-08-20
Avena strigosa,Avena strigosa,2705295,Avena,Poaceae,Poales,Liliopsida,Tracheophyta,Plantae,ACCEPTED,EXACT,97,True,,2026-08-20
Averrhoa bilimbi,Averrhoa bilimbi,2891640,Averrhoa,Oxalidaceae,Oxalidales,Magnoliopsida,Tracheophyta,Plantae,ACCEPTED,EXACT,99,True,,2026-08-20
Averrhoa carambola,Averrhoa carambola,2891641,Averrhoa,Oxalidaceae,Oxalidales,Magnoliopsida,Tracheophyta,Plantae,ACCEPTED,EXACT,99,True,,2026-08-20
Azadirachta indica,Azadirachta indica,3190474,Azadirachta,Meliaceae,Sapindales,Magnoliopsida,Tracheophyta,Plantae,ACCEPTED,EXACT,99,True,,2026-08-20
Azolla imbricata,Azolla pinnata,4196486,Azolla,Salviniaceae,Salviniales,Polypodiopsida,Tracheophyta,Plantae,SYNONYM,EXACT,98,True,,2026-08-20
Baccharis dracunculifolia,Baccharis dracunculifolia,3129176,Baccharis,Asteraceae,Asterales,Magnoliopsida,Tracheophyta,Plantae,ACCEPTED,EXACT,99,True,,2026-08-20
Baccharis genistelloides,Baccharis genistelloides,3129545,Baccharis,Asteraceae,Asterales,Magnoliopsida,Tracheophyta,Plantae,ACCEPTED,EXACT,97,True,,2026-08-20
Backhousia anisata,Syzygium anisatum,3184661,Syzygium,Myrtaceae,Myrtales,Magnoliopsida,Tracheophyta,Plantae,SYNONYM,EXACT,98,True,,2026-08-20
Backhousia citriodora,Backhousia citriodora,3185109,Backhousia,Myrtaceae,Myrtales,Magnoliopsida,Tracheophyta,Plantae,ACCEPTED,EXACT,99,True,,2026-08-20
Bacopa monnieri,Bacopa monnieri,3171169,Bacopa,Plantaginaceae,Lamiales,Magnoliopsida,Tracheophyta,Plantae,ACCEPTED,EXACT,97,True,,2026-08-20
Bactris gasipaes,Bactris gasipaes,2733060,Bactris,Arecaceae,Arecales,Liliopsida,Tracheophyta,Plantae,ACCEPTED,EXACT,99,True,,2026-08-20
Baileya multiradiata,Baileya multiradiata,8347815,Baileya,Asteraceae,Asterales,Magnoliopsida,Tracheophyta,Plantae,ACCEPTED,EXACT,97,True,,2026-08-20
Baillonella toxisperma,Baillonella toxisperma,2886261,Baillonella,Sapotaceae,Ericales,Magnoliopsida,Tracheophyta,Plantae,ACCEPTED,EXACT,99,True,,2026-08-20
Balanites aegyptiaca,Balanites aegyptiaca,5421115,Balanites,Zygophyllaceae,Zygophyllales,Magnoliopsida,Tracheophyta,Plantae,ACCEPTED,EXACT,97,True,,2026-08-20
Balanites roxburghii,Balanites aegyptiaca,5421115,Balanites,Zygophyllaceae,Zygophyllales,Magnoliopsida,Tracheophyta,Plantae,SYNONYM,EXACT,98,True,,2026-08-20
Baliospermum montanum,Baliospermum solanifolium,3062296,Baliospermum,Euphorbiaceae,Malpighiales,Magnoliopsida,Tracheophyta,Plantae,SYNONYM,EXACT,98,True,,2026-08-20
Bambusa arundinacea,Bambusa arundinacea,8234573,Bambusa,Poaceae,Poales,Liliopsida,Tracheophyta,Plantae,ACCEPTED,EXACT,97,True,,2026-08-20
Bambusa textilis,Bambusa textilis,2705761,Bambusa,Poaceae,Poales,Liliopsida,Tracheophyta,Plantae,ACCEPTED,EXACT,99,True,,2026-08-20
Bambusa vulgaris,Bambusa vulgaris,7661971,Bambusa,Poaceae,Poales,Liliopsida,Tracheophyta,Plantae,ACCEPTED,EXACT,97,True,,2026-08-20
Banksia serrata,Banksia serrata,8144360,Banksia,Proteaceae,Proteales,Magnoliopsida,Tracheophyta,Plantae,ACCEPTED,EXACT,97,True,,2026-08-20
Baptisia tinctoria,Baptisia tinctoria,7943262,Baptisia,Fabaceae,Fabales,Magnoliopsida,Tracheophyta,Plantae,ACCEPTED,EXACT,98,True,,2026-08-20
Barklya syringifolia,Barklya syringifolia,2955818,Barklya,Fabaceae,Fabales,Magnoliopsida,Tracheophyta,Plantae,ACCEPTED,EXACT,99,True,,2026-08-20
Barleria prionitis,Barleria prionitis,3173129,Barleria,Acanthaceae,Lamiales,Magnoliopsida,Tracheophyta,Plantae,ACCEPTED,EXACT,99,True,,2026-08-20
Barosma betulina,Agathosma betulina,3190125,Agathosma,Rutaceae,Sapindales,Magnoliopsida,Tracheophyta,Plantae,SYNONYM,EXACT,98,True,,2026-08-20
Basella alba,Basella alba,3083504,Basella,Basellaceae,Caryophyllales,Magnoliopsida,Tracheophyta,Plantae,ACCEPTED,EXACT,99,True,,2026-08-20
Bassia butyracea,Diploknema butyracea,2886375,Diploknema,Sapotaceae,Ericales,Magnoliopsida,Tracheophyta,Plantae,SYNONYM,EXACT,98,True,,2026-08-20
Bassia latifolia,,,,,,,,,,HIGHERRANK,0,False,no_match:HIGHERRANK,2026-08-20
Belamcanda chinensis,Iris domestica,5298546,Iris,Iridaceae,Asparagales,Liliopsida,Tracheophyta,Plantae,SYNONYM,EXACT,97,True,,2026-08-20
Bellis perennis,Bellis perennis,3117424,Bellis,Asteraceae,Asterales,Magnoliopsida,Tracheophyta,Plantae,ACCEPTED,EXACT,99,True,,2026-08-20
Benincasa cerifera,Benincasa hispida,2874524,Benincasa,Cucurbitaceae,Cucurbitales,Magnoliopsida,Tracheophyta,Plantae,SYNONYM,EXACT,98,True,,2026-08-20
Berardia lanuginosa,Berardia lanuginosa,5389461,Berardia,Asteraceae,Asterales,Magnoliopsida,Tracheophyta,Plantae,ACCEPTED,EXACT,99,True,,2026-08-20
Berberis aquifolium,Mahonia aquifolium,3033865,Mahonia,Berberidaceae,Ranunculales,Magnoliopsida,Tracheophyta,Plantae,SYNONYM,EXACT,97,True,,2026-08-20
Berberis aristata,Berberis aristata,3982087,Berberis,Berberidaceae,Ranunculales,Magnoliopsida,Tracheophyta,Plantae,ACCEPTED,EXACT,97,True,,2026-08-20
Berberis vulgaris,Berberis vulgaris,3033894,Berberis,Berberidaceae,Ranunculales,Magnoliopsida,Tracheophyta,Plantae,ACCEPTED,EXACT,98,True,,2026-08-20
Berchemia lineata,Berchemia lineata,7799649,Berchemia,Rhamnaceae,Rosales,Magnoliopsida,Tracheophyta,Plantae,ACCEPTED,EXACT,97,True,,2026-08-20
Bergenia ciliata,Bergenia ciliata,8330218,Bergenia,Saxifragaceae,Saxifragales,Magnoliopsida,Tracheophyta,Plantae,ACCEPTED,EXACT,97,True,,2026-08-20
Bergenia crassifolia,Bergenia crassifolia,5567694,Bergenia,Saxifragaceae,Saxifragales,Magnoliopsida,Tracheophyta,Plantae,ACCEPTED,EXACT,99,True,,2026-08-20
Bergenia emeiensis,Bergenia emeiensis,7584129,Bergenia,Saxifragaceae,Saxifragales,Magnoliopsida,Tracheophyta,Plantae,ACCEPTED,EXACT,98,True,,2026-08-20
Bergenia ligulata,Bergenia pacumbis,5567668,Bergenia,Saxifragaceae,Saxifragales,Magnoliopsida,Tracheophyta,Plantae,SYNONYM,EXACT,98,True,,2026-08-20
Bertholletia excelsa,Bertholletia excelsa,3083180,Bertholletia,Lecythidaceae,Ericales,Magnoliopsida,Tracheophyta,Plantae,ACCEPTED,EXACT,97,True,,2026-08-20
Beta maritima,Beta maritima,5383922,Beta,Amaranthaceae,Caryophyllales,Magnoliopsida,Tracheophyta,Plantae,ACCEPTED,EXACT,99,True,,2026-08-20
Beta vulgaris,Beta vulgaris,8971274,Beta,Amaranthaceae,Caryophyllales,Magnoliopsida,Tracheophyta,Plantae,ACCEPTED,EXACT,99,True,,2026-08-20
Betaphycus gelatinum,Betaphycus gelatinus,6452649,Betaphycus,Solieriaceae,Gigartinales,Florideophyceae,Rhodophyta,Plantae,SYNONYM,EXACT,98,True,,2026-08-20
Betula alba,Betula pubescens,7226602,Betula,Betulaceae,Fagales,Magnoliopsida,Tracheophyta,Plantae,SYNONYM,EXACT,98,True,,2026-08-20
Betula alleghaniensis,Betula alleghaniensis,5331779,Betula,Betulaceae,Fagales,Magnoliopsida,Tracheophyta,Plantae,ACCEPTED,EXACT,99,True,,2026-08-20
Betula costata,Betula costata,5331601,Betula,Betulaceae,Fagales,Magnoliopsida,Tracheophyta,Plantae,ACCEPTED,EXACT,99,True,,2026-08-20
Betula ermanii,Betula ermanii,5332231,Betula,Betulaceae,Fagales,Magnoliopsida,Tracheophyta,Plantae,ACCEPTED,EXACT,99,True,,2026-08-20
Betula lenta,Betula lenta,5331709,Betula,Betulaceae,Fagales,Magnoliopsida,Tracheophyta,Plantae,ACCEPTED,EXACT,97,True,,2026-08-20
Betula papyrifera,Betula papyrifera,5332120,Betula,Betulaceae,Fagales,Magnoliopsida,Tracheophyta,Plantae,ACCEPTED,EXACT,98,True,,2026-08-20
Betula pendula,Betula pendula,5331916,Betula,Betulaceae,Fagales,Magnoliopsida,Tracheophyta,Plantae,ACCEPTED,EXACT,99,True,,2026-08-20
Betula platyphylla,Betula pendula,8245043,Betula,Betulaceae,Fagales,Magnoliopsida,Tracheophyta,Plantae,SYNONYM,EXACT,98,True,,2026-08-20
Betula pubescens,Betula pubescens,9118014,Betula,Betulaceae,Fagales,Magnoliopsida,Tracheophyta,Plantae,ACCEPTED,EXACT,99,True,,2026-08-20
Bidens pilosa,Bidens pilosa,5391845,Bidens,Asteraceae,Asterales,Magnoliopsida,Tracheophyta,Plantae,ACCEPTED,EXACT,99,True,,2026-08-20
Bidens tripartita,Bidens tripartita,5391862,Bidens,Asteraceae,Asterales,Magnoliopsida,Tracheophyta,Plantae,ACCEPTED,EXACT,97,True,,2026-08-20
Bifidobacterium is,Bifidobacterium,12256706,Bifidobacterium,Bifidobacteriaceae,Actinomycetales,Actinomycetia,Actinobacteriota,Bacteria,ACCEPTED,FUZZY,95,True,,2026-08-20
Bifurcaria bifurcata,Bifurcaria bifurcata,3197821,Bifurcaria,Sargassaceae,Fucales,Phaeophyceae,Ochrophyta,Chromista,ACCEPTED,EXACT,99,True,,2026-08-20
Bixa orellana,Bixa orellana,2874863,Bixa,Bixaceae,Malvales,Magnoliopsida,Tracheophyta,Plantae,ACCEPTED,EXACT,99,True,,2026-08-20
Blakeslea trispora,Blakeslea trispora,2558402,Blakeslea,Choanephoraceae,Mucorales,Mucoromycetes,Mucoromycota,Fungi,ACCEPTED,EXACT,99,True,,2026-08-20
Blechnum discolor,Lomaria discolor,7296864,Lomaria,Blechnaceae,Polypodiales,Polypodiopsida,Tracheophyta,Plantae,SYNONYM,EXACT,98,True,,2026-08-20
Bletia hyacinthina,Bletia hyacinthina,8014057,Bletia,Orchidaceae,Asparagales,Liliopsida,Tracheophyta,Plantae,ACCEPTED,EXACT,97,True,,2026-08-20
Bletilla striata,Bletilla striata,2808791,Bletilla,Orchidaceae,Asparagales,Liliopsida,Tracheophyta,Plantae,ACCEPTED,EXACT,99,True,,2026-08-20
Bobgunnia madagascariensis,Bobgunnia madagascariensis,2981738,Bobgunnia,Fabaceae,Fabales,Magnoliopsida,Tracheophyta,Plantae,ACCEPTED,EXACT,99,True,,2026-08-20
Bocoa prouacensis,Bocoa prouacensis,2941182,Bocoa,Fabaceae,Fabales,Magnoliopsida,Tracheophyta,Plantae,ACCEPTED,EXACT,99,True,,2026-08-20
Boehmeria nipononivea,Boehmeria nivea,2984359,Boehmeria,Urticaceae,Rosales,Magnoliopsida,Tracheophyta,Plantae,SYNONYM,EXACT,98,True,,2026-08-20
Boehmeria nivea,Boehmeria nivea,2984359,Boehmeria,Urticaceae,Rosales,Magnoliopsida,Tracheophyta,Plantae,ACCEPTED,EXACT,97,True,,2026-08-20
Boehmeria pannosa,,,Boehmeria,Urticaceae,Rosales,,,Plantae,,HIGHERRANK,0,False,no_match:HIGHERRANK|genus_fallback,2026-08-20
Boehmeria sieboldiana,Boehmeria sieboldiana,4101147,Boehmeria,Urticaceae,Rosales,Magnoliopsida,Tracheophyta,Plantae,ACCEPTED,EXACT,99,True,,2026-08-20
Boehmeria spicata,,,Boehmeria,Urticaceae,Rosales,,,Plantae,,HIGHERRANK,0,False,no_match:HIGHERRANK|genus_fallback,2026-08-20
Boerhavia diffusa,Boerhavia diffusa,3086282,Boerhavia,Nyctaginaceae,Caryophyllales,Magnoliopsida,Tracheophyta,Plantae,ACCEPTED,EXACT,97,True,,2026-08-20
Boerhavia repens,Boerhavia repens,3086288,Boerhavia,Nyctaginaceae,Caryophyllales,Magnoliopsida,Tracheophyta,Plantae,ACCEPTED,EXACT,97,True,,2026-08-20
Boesenbergia pandurata,Boesenbergia rotunda,2758480,Boesenbergia,Zingiberaceae,Zingiberales,Liliopsida,Tracheophyta,Plantae,SYNONYM,EXACT,98,True,,2026-08-20
Boletus edulis,Boletus edulis,5954958,Boletus,Boletaceae,Boletales,Agaricomycetes,Basidiomycota,Fungi,ACCEPTED,EXACT,97,True,,2026-08-20
Bombax costatum,Bombax costatum,4073451,Bombax,Malvaceae,Malvales,Magnoliopsida,Tracheophyta,Plantae,ACCEPTED,EXACT,99,True,,2026-08-20
Bombax malabaricum,Bombax ceiba,3152226,Bombax,Malvaceae,Malvales,Magnoliopsida,Tracheophyta,Plantae,SYNONYM,EXACT,98,True,,2026-08-20
Borago officinalis,Borago officinalis,2926110,Borago,Boraginaceae,Boraginales,Magnoliopsida,Tracheophyta,Plantae,ACCEPTED,EXACT,99,True,,2026-08-20
Borassus flabellifer,Borassus flabellifer,2733934,Borassus,Arecaceae,Arecales,Liliopsida,Tracheophyta,Plantae,ACCEPTED,EXACT,99,True,,2026-08-20
Borojoa patinoi,Alibertia patinoi,7825670,Alibertia,Rubiaceae,Gentianales,Magnoliopsida,Tracheophyta,Plantae,SYNONYM,EXACT,98,True,,2026-08-20
Boronia megastigma,Boronia megastigma,3190409,Boronia,Rutaceae,Sapindales,Magnoliopsida,Tracheophyta,Plantae,ACCEPTED,EXACT,97,True,,2026-08-20
Boschniakia rossica,Boschniakia rossica,3173325,Boschniakia,Orobanchaceae,Lamiales,Magnoliopsida,Tracheophyta,Plantae,ACCEPTED,EXACT,97,True,,2026-08-20
Boswellia carterii,Boswellia sacra,8330171,Boswellia,Burseraceae,Sapindales,Magnoliopsida,Tracheophyta,Plantae,SYNONYM,FUZZY,94,True,,2026-08-14
Boswellia frereana,Boswellia frereana,5421351,Boswellia,Burseraceae,Sapindales,Magnoliopsida,Tracheophyta,Plantae,ACCEPTED,EXACT,99,True,,2026-08-20
Boswellia papyrifera,Boswellia papyrifera,5421356,Boswellia,Burseraceae,Sapindales,Magnoliopsida,Tracheophyta,Plantae,ACCEPTED,EXACT,99,True,,2026-08-20
Boswellia sacra,Boswellia sacra,8330171,Boswellia,Burseraceae,Sapindales,Magnoliopsida,Tracheophyta,Plantae,ACCEPTED,EXACT,98,True,,2026-08-14
Boswellia serrata,Boswellia serrata,5421354,Boswellia,Burseraceae,Sapindales,Magnoliopsida,Tracheophyta,Plantae,ACCEPTED,EXACT,98,True,,2026-08-20
Botrychium schaffneri,Sceptridium schaffneri,3659271,Sceptridium,Ophioglossaceae,Ophioglossales,Polypodiopsida,Tracheophyta,Plantae,SYNONYM,EXACT,98,True,,2026-08-20
Botrychium ternatum,,,Botrychium,Ophioglossaceae,Ophioglossales,,,Plantae,,HIGHERRANK,0,False,no_match:HIGHERRANK|genus_fallback,2026-08-20
Botrychium virginianum,Botrychium virginianum,7917024,Botrychium,Ophioglossaceae,Ophioglossales,Polypodiopsida,Tracheophyta,Plantae,ACCEPTED,EXACT,97,True,,2026-08-20
Botryocladia occidentalis,Botryocladia occidentalis,2663187,Botryocladia,Rhodymeniaceae,Rhodymeniales,Florideophyceae,Rhodophyta,Plantae,ACCEPTED,EXACT,99,True,,2026-08-20
Bougainvillea glabra,Bougainvillea glabra,5384862,Bougainvillea,Nyctaginaceae,Caryophyllales,Magnoliopsida,Tracheophyta,Plantae,ACCEPTED,EXACT,98,True,,2026-08-20
Bougainvillea spectabilis,Bougainvillea spectabilis,7167078,Bougainvillea,Nyctaginaceae,Caryophyllales,Magnoliopsida,Tracheophyta,Plantae,ACCEPTED,EXACT,99,True,,2026-08-20
Brachiaria mutica,Urochloa mutica,2705848,Urochloa,Poaceae,Poales,Liliopsida,Tracheophyta,Plantae,SYNONYM,EXACT,98,True,,2026-08-20
Brachychiton acerifolius,Brachychiton acerifolius,8119595,Brachychiton,Malvaceae,Malvales,Magnoliopsida,Tracheophyta,Plantae,ACCEPTED,EXACT,98,True,,2026-08-20
Brasenia schreberi,Brasenia schreberi,2882446,Brasenia,Cabombaceae,Nymphaeales,Magnoliopsida,Tracheophyta,Plantae,ACCEPTED,EXACT,99,True,,2026-08-20
Brassica alba,Brassica alba,7691550,Brassica,Brassicaceae,Brassicales,Magnoliopsida,Tracheophyta,Plantae,ACCEPTED,EXACT,97,True,,2026-08-20
Brassica campestris,Brassica campestris,8426995,Brassica,Brassicaceae,Brassicales,Magnoliopsida,Tracheophyta,Plantae,ACCEPTED,EXACT,97,True,,2026-08-20
Brassica juncea,Brassica juncea,3042751,Brassica,Brassicaceae,Brassicales,Magnoliopsida,Tracheophyta,Plantae,ACCEPTED,EXACT,97,True,,2026-08-20
Brassica napus,Brassica napus,3042636,Brassica,Brassicaceae,Brassicales,Magnoliopsida,Tracheophyta,Plantae,ACCEPTED,EXACT,99,True,,2026-08-20
Brassica nigra,Brassica nigra,3042658,Brassica,Brassicaceae,Brassicales,Magnoliopsida,Tracheophyta,Plantae,ACCEPTED,EXACT,98,True,,2026-08-20
Brassica oleracea,Brassica oleracea,3042845,Brassica,Brassicaceae,Brassicales,Magnoliopsida,Tracheophyta,Plantae,ACCEPTED,EXACT,98,True,,2026-08-20
Brassica rapa,Brassica rapa,7903057,Brassica,Brassicaceae,Brassicales,Magnoliopsida,Tracheophyta,Plantae,ACCEPTED,EXACT,97,True,,2026-08-20
Brassocattleya marcella,,,Brassocattleya,Orchidaceae,Asparagales,,,Plantae,,HIGHERRANK,0,False,no_match:HIGHERRANK|genus_fallback,2026-08-20
Bromelia balansea,Bromelia balansae,5287939,Bromelia,Bromeliaceae,Poales,Liliopsida,Tracheophyta,Plantae,ACCEPTED,FUZZY,95,True,,2026-08-20
Broussonetia kazinoki,Broussonetia kazinoki,6358484,Broussonetia,Moraceae,Rosales,Magnoliopsida,Tracheophyta,Plantae,ACCEPTED,EXACT,99,True,,2026-08-20
Broussonetia papyrifera,Broussonetia papyrifera,5361944,Broussonetia,Moraceae,Rosales,Magnoliopsida,Tracheophyta,Plantae,ACCEPTED,EXACT,97,True,,2026-08-20
Brucea amarissima,Brucea javanica,5555210,Brucea,Simaroubaceae,Sapindales,Magnoliopsida,Tracheophyta,Plantae,SYNONYM,EXACT,97,True,,2026-08-20
Buchanania lanzan,Buchanania cochinchinensis,5544043,Buchanania,Anacardiaceae,Sapindales,Magnoliopsida,Tracheophyta,Plantae,SYNONYM,EXACT,98,True,,2026-08-20
Buddleja axillaris,Buddleja axillaris,4055578,Buddleja,Scrophulariaceae,Lamiales,Magnoliopsida,Tracheophyta,Plantae,ACCEPTED,EXACT,98,True,,2026-08-20
Buddleja davidii,Buddleja davidii,3173338,Buddleja,Scrophulariaceae,Lamiales,Magnoliopsida,Tracheophyta,Plantae,ACCEPTED,EXACT,99,True,,2026-08-20
Buddleja globosa,Buddleja globosa,6387494,Buddleja,Scrophulariaceae,Lamiales,Magnoliopsida,Tracheophyta,Plantae,ACCEPTED,EXACT,99,True,,2026-08-20
Buddleja officinalis,Buddleja officinalis,3173336,Buddleja,Scrophulariaceae,Lamiales,Magnoliopsida,Tracheophyta,Plantae,ACCEPTED,EXACT,99,True,,2026-08-20
Buglossoides arvensis,Buglossoides arvensis,2925901,Buglossoides,Boraginaceae,Boraginales,Magnoliopsida,Tracheophyta,Plantae,ACCEPTED,EXACT,99,True,,2026-08-20
Bulbine frutescens,Bulbine frutescens,5304927,Bulbine,Asphodelaceae,Asparagales,Liliopsida,Tracheophyta,Plantae,ACCEPTED,EXACT,99,True,,2026-08-20
Bulnesia sarmientoi,Gonopterodendron sarmientoi,10172515,Gonopterodendron,Zygophyllaceae,Zygophyllales,Magnoliopsida,Tracheophyta,Plantae,SYNONYM,EXACT,97,True,,2026-08-20
Bupleurum chinense,Bupleurum chinense,6027145,Bupleurum,Apiaceae,Apiales,Magnoliopsida,Tracheophyta,Plantae,ACCEPTED,EXACT,97,True,,2026-08-20
Bupleurum falcatum,Bupleurum falcatum,6027105,Bupleurum,Apiaceae,Apiales,Magnoliopsida,Tracheophyta,Plantae,ACCEPTED,EXACT,98,True,,2026-08-20
Bursera bipinnata,Bursera bipinnata,7286788,Bursera,Burseraceae,Sapindales,Magnoliopsida,Tracheophyta,Plantae,ACCEPTED,EXACT,99,True,,2026-08-20
Bursera fagaroides,Bursera fagaroides,3190449,Bursera,Burseraceae,Sapindales,Magnoliopsida,Tracheophyta,Plantae,ACCEPTED,EXACT,99,True,,2026-08-20
Bursera graveolens,Bursera graveolens,7286883,Bursera,Burseraceae,Sapindales,Magnoliopsida,Tracheophyta,Plantae,ACCEPTED,EXACT,99,True,,2026-08-20
Bursera simaruba,Bursera simaruba,3190450,Bursera,Burseraceae,Sapindales,Magnoliopsida,Tracheophyta,Plantae,ACCEPTED,EXACT,99,True,,2026-08-20
Butea frondosa,Butea frondosa,7677617,Butea,Fabaceae,Fabales,Magnoliopsida,Tracheophyta,Plantae,ACCEPTED,EXACT,97,True,,2026-08-20
Butea monosperma,Butea monosperma,8234570,Butea,Fabaceae,Fabales,Magnoliopsida,Tracheophyta,Plantae,ACCEPTED,EXACT,97,True,,2026-08-20
Butea superba,Butea superba,7797090,Butea,Fabaceae,Fabales,Magnoliopsida,Tracheophyta,Plantae,ACCEPTED,EXACT,98,True,,2026-08-20
Butyrospermum parkii,Vitellaria paradoxa,7065379,Vitellaria,Sapotaceae,Ericales,Magnoliopsida,Tracheophyta,Plantae,SYNONYM,EXACT,98,True,,2026-08-20
Buxus sempervirens,Buxus sempervirens,2984671,Buxus,Buxaceae,Buxales,Magnoliopsida,Tracheophyta,Plantae,ACCEPTED,EXACT,97,True,,2026-08-20
Byttneria andamanensis,Byttneria andamanensis,3670330,Byttneria,Malvaceae,Malvales,Magnoliopsida,Tracheophyta,Plantae,ACCEPTED,EXACT,99,True,,2026-08-20
Caesalpinia benthamiana,Mezoneuron benthamianum,5354728,Mezoneuron,Fabaceae,Fabales,Magnoliopsida,Tracheophyta,Plantae,SYNONYM,EXACT,98,True,,2026-08-20
Caesalpinia decapetala,Biancaea decapetala,3974372,Biancaea,Fabaceae,Fabales,Magnoliopsida,Tracheophyta,Plantae,SYNONYM,EXACT,98,True,,2026-08-20
Caesalpinia echinata,Paubrasilia echinata,9119360,Paubrasilia,Fabaceae,Fabales,Magnoliopsida,Tracheophyta,Plantae,SYNONYM,EXACT,98,True,,2026-08-20
Caesalpinia pulcherrima,Caesalpinia pulcherrima,2958715,Caesalpinia,Fabaceae,Fabales,Magnoliopsida,Tracheophyta,Plantae,ACCEPTED,EXACT,98,True,,2026-08-20
Caesalpinia sappan,Biancaea sappan,2958871,Biancaea,Fabaceae,Fabales,Magnoliopsida,Tracheophyta,Plantae,SYNONYM,EXACT,98,True,,2026-08-20
Caesalpinia spinosa,Tara spinosa,5354727,Tara,Fabaceae,Fabales,Magnoliopsida,Tracheophyta,Plantae,SYNONYM,EXACT,98,True,,2026-08-20
Cajanus cajan,Cajanus cajan,7587087,Cajanus,Fabaceae,Fabales,Magnoliopsida,Tracheophyta,Plantae,ACCEPTED,EXACT,97,True,,2026-08-20
Cakile maritima,Cakile maritima,3048831,Cakile,Brassicaceae,Brassicales,Magnoliopsida,Tracheophyta,Plantae,ACCEPTED,EXACT,99,True,,2026-08-20
Calamintha officinalis,Clinopodium nepeta,7757431,Clinopodium,Lamiaceae,Lamiales,Magnoliopsida,Tracheophyta,Plantae,SYNONYM,EXACT,98,True,,2026-08-20
Calanthe discolor,Calanthe discolor,2795312,Calanthe,Orchidaceae,Asparagales,Liliopsida,Tracheophyta,Plantae,ACCEPTED,EXACT,99,True,,2026-08-20
Calendula officinalis,Calendula officinalis,5391480,Calendula,Asteraceae,Asterales,Magnoliopsida,Tracheophyta,Plantae,ACCEPTED,EXACT,98,True,,2026-08-20
Calliblepharis jubata,Calliblepharis jubata,2667664,Calliblepharis,Cystocloniaceae,Gigartinales,Florideophyceae,Rhodophyta,Plantae,ACCEPTED,EXACT,98,True,,2026-08-20
Callicarpa dichotoma,Callicarpa dichotoma,5341132,Callicarpa,Lamiaceae,Lamiales,Magnoliopsida,Tracheophyta,Plantae,ACCEPTED,EXACT,97,True,,2026-08-20
Callicarpa macrophylla,Callicarpa macrophylla,5609508,Callicarpa,Lamiaceae,Lamiales,Magnoliopsida,Tracheophyta,Plantae,ACCEPTED,EXACT,99,True,,2026-08-20
Callistephus chinensis,Callistephus chinensis,3092946,Callistephus,Asteraceae,Asterales,Magnoliopsida,Tracheophyta,Plantae,ACCEPTED,EXACT,98,True,,2026-08-20
Callitris columellaris,Callitris columellaris,2684338,Callitris,Cupressaceae,Pinales,Pinopsida,Tracheophyta,Plantae,ACCEPTED,EXACT,99,True,,2026-08-20
Callitris glaucophylla,Callitris columellaris,2684338,Callitris,Cupressaceae,Pinales,Pinopsida,Tracheophyta,Plantae,SYNONYM,EXACT,98,True,,2026-08-20
Callitris quadrivalvis,Tetraclinis articulata,2684184,Tetraclinis,Cupressaceae,Pinales,Pinopsida,Tracheophyta,Plantae,SYNONYM,EXACT,97,True,,2026-08-20
Calluna vulgaris,Calluna vulgaris,2882482,Calluna,Ericaceae,Ericales,Magnoliopsida,Tracheophyta,Plantae,ACCEPTED,EXACT,97,True,,2026-08-20
Calocedrus decurrens,Calocedrus decurrens,2683936,Calocedrus,Cupressaceae,Pinales,Pinopsida,Tracheophyta,Plantae,ACCEPTED,EXACT,99,True,,2026-08-20
Calocedrus formosana,Calocedrus formosana,2683946,Calocedrus,Cupressaceae,Pinales,Pinopsida,Tracheophyta,Plantae,ACCEPTED,EXACT,99,True,,2026-08-20
Calochortus tolmiei,Calochortus tolmiei,2750726,Calochortus,Liliaceae,Liliales,Liliopsida,Tracheophyta,Plantae,ACCEPTED,EXACT,99,True,,2026-08-20
Calodendrum capense,Calodendrum capense,4937111,Calodendrum,Rutaceae,Sapindales,Magnoliopsida,Tracheophyta,Plantae,ACCEPTED,EXACT,99,True,,2026-08-20
Calophyllum inophyllum,Calophyllum inophyllum,9531830,Calophyllum,Calophyllaceae,Malpighiales,Magnoliopsida,Tracheophyta,Plantae,ACCEPTED,EXACT,97,True,,2026-08-20
Calophyllum tacamahaca,Calophyllum tacamahaca,7424662,Calophyllum,Calophyllaceae,Malpighiales,Magnoliopsida,Tracheophyta,Plantae,ACCEPTED,EXACT,99,True,,2026-08-20
Calotropis procera,Calotropis procera,5414566,Calotropis,Apocynaceae,Gentianales,Magnoliopsida,Tracheophyta,Plantae,ACCEPTED,EXACT,97,True,,2026-08-20
Calycanthus praecox,Chimonanthus praecox,7275851,Chimonanthus,Calycanthaceae,Laurales,Magnoliopsida,Tracheophyta,Plantae,SYNONYM,EXACT,98,True,,2026-08-20
Calycophyllum spruceanum,Calycophyllum spruceanum,2904000,Calycophyllum,Rubiaceae,Gentianales,Magnoliopsida,Tracheophyta,Plantae,ACCEPTED,EXACT,97,True,,2026-08-20
Calystegia sepium,Calystegia sepium,2928441,Calystegia,Convolvulaceae,Solanales,Magnoliopsida,Tracheophyta,Plantae,ACCEPTED,EXACT,98,True,,2026-08-20
Calystegia soldanella,Calystegia soldanella,7646357,Calystegia,Convolvulaceae,Solanales,Magnoliopsida,Tracheophyta,Plantae,ACCEPTED,EXACT,97,True,,2026-08-20
Camelina sativa,Camelina sativa,9073641,Camelina,Brassicaceae,Brassicales,Magnoliopsida,Tracheophyta,Plantae,ACCEPTED,EXACT,97,True,,2026-08-20
Camellia chekiangoleosa,Camellia chekiangoleosa,3590904,Camellia,Theaceae,Ericales,Magnoliopsida,Tracheophyta,Plantae,ACCEPTED,EXACT,99,True,,2026-08-20
Camellia euryoides,Camellia euryoides,7313842,Camellia,Theaceae,Ericales,Magnoliopsida,Tracheophyta,Plantae,ACCEPTED,EXACT,99,True,,2026-08-20
Camellia japonica,Camellia japonica,3189636,Camellia,Theaceae,Ericales,Magnoliopsida,Tracheophyta,Plantae,ACCEPTED,EXACT,97,True,,2026-08-20
Camellia kissi,Camellia kissii,7979840,Camellia,Theaceae,Ericales,Magnoliopsida,Tracheophyta,Plantae,ACCEPTED,FUZZY,96,True,,2026-08-20
Camellia oleifera,Camellia oleifera,8307542,Camellia,Theaceae,Ericales,Magnoliopsida,Tracheophyta,Plantae,ACCEPTED,EXACT,97,True,,2026-08-20
Camellia reticulata,Camellia reticulata,7152692,Camellia,Theaceae,Ericales,Magnoliopsida,Tracheophyta,Plantae,ACCEPTED,EXACT,99,True,,2026-08-20
Camellia sasanqua,Camellia sasanqua,3189637,Camellia,Theaceae,Ericales,Magnoliopsida,Tracheophyta,Plantae,ACCEPTED,EXACT,97,True,,2026-08-20
Camellia sinensis,Camellia sinensis,3189635,Camellia,Theaceae,Ericales,Magnoliopsida,Tracheophyta,Plantae,ACCEPTED,EXACT,99,True,,2026-08-20
Campanula rotundifolia,Campanula rotundifolia,5410907,Campanula,Campanulaceae,Asterales,Magnoliopsida,Tracheophyta,Plantae,ACCEPTED,EXACT,97,True,,2026-08-20
Campomanesia lineatifolia,Campomanesia lineatifolia,3181134,Campomanesia,Myrtaceae,Myrtales,Magnoliopsida,Tracheophyta,Plantae,ACCEPTED,EXACT,99,True,,2026-08-20
Campsis grandiflora,Campsis grandiflora,4094511,Campsis,Bignoniaceae,Lamiales,Magnoliopsida,Tracheophyta,Plantae,ACCEPTED,EXACT,99,True,,2026-08-20
Cananga odorata,Cananga odorata,5407583,Cananga,Annonaceae,Magnoliales,Magnoliopsida,Tracheophyta,Plantae,ACCEPTED,EXACT,99,True,,2026-08-20
Canarium commune,,,,,,,,,,HIGHERRANK,0,False,no_match:HIGHERRANK,2026-08-20
Canarium indicum,Canarium indicum,5421345,Canarium,Burseraceae,Sapindales,Magnoliopsida,Tracheophyta,Plantae,ACCEPTED,EXACT,99,True,,2026-08-20
Canarium luzonicum,Canarium luzonicum,7445618,Canarium,Burseraceae,Sapindales,Magnoliopsida,Tracheophyta,Plantae,ACCEPTED,EXACT,98,True,,2026-08-20
Canarium pimela,Canarium pimela,5421347,Canarium,Burseraceae,Sapindales,Magnoliopsida,Tracheophyta,Plantae,ACCEPTED,EXACT,97,True,,2026-08-20
Canavalia ensiformis,Canavalia ensiformis,7799711,Canavalia,Fabaceae,Fabales,Magnoliopsida,Tracheophyta,Plantae,ACCEPTED,EXACT,97,True,,2026-08-20
Canavalia gladiata,Canavalia gladiata,2962057,Canavalia,Fabaceae,Fabales,Magnoliopsida,Tracheophyta,Plantae,ACCEPTED,EXACT,97,True,,2026-08-20
Canna generalis,Canna generalis,9442731,Canna,Cannaceae,Zingiberales,Liliopsida,Tracheophyta,Plantae,ACCEPTED,EXACT,97,True,,2026-08-20
Canna hybrid,Canna hybrida,7529533,Canna,Cannaceae,Zingiberales,Liliopsida,Tracheophyta,Plantae,ACCEPTED,FUZZY,96,True,,2026-08-20
Canna indica,Canna indica,8034409,Canna,Cannaceae,Zingiberales,Liliopsida,Tracheophyta,Plantae,ACCEPTED,EXACT,98,True,,2026-08-20
Cannabis sativa,Cannabis sativa,5361880,Cannabis,Cannabaceae,Rosales,Magnoliopsida,Tracheophyta,Plantae,ACCEPTED,EXACT,99,True,,2026-08-20
Canola sterols,,,,,,,,,,NONE,0,False,no_match:NONE,2026-08-20
Cantharellus cibarius,Cantharellus cibarius,5249504,Cantharellus,Hydnaceae,Cantharellales,Agaricomycetes,Basidiomycota,Fungi,ACCEPTED,EXACT,99,True,,2026-08-20
Capparis mitchellii,Capparis mitchellii,5601837,Capparis,Capparaceae,Brassicales,Magnoliopsida,Tracheophyta,Plantae,ACCEPTED,EXACT,99,True,,2026-08-20
Capparis moonii,Capparis moonii,5601822,Capparis,Capparaceae,Brassicales,Magnoliopsida,Tracheophyta,Plantae,ACCEPTED,EXACT,99,True,,2026-08-20
Capparis spinosa,Capparis spinosa,6370689,Capparis,Capparaceae,Brassicales,Magnoliopsida,Tracheophyta,Plantae,ACCEPTED,EXACT,99,True,,2026-08-20
Capryloyl gold,,,,,,,,,,NONE,0,False,no_match:NONE,2026-08-20
Capsella bursa-pastoris,Capsella bursa-pastoris,5375388,Capsella,Brassicaceae,Brassicales,Magnoliopsida,Tracheophyta,Plantae,ACCEPTED,EXACT,99,True,,2026-08-20
Capsicum annuum,Capsicum annuum,2932944,Capsicum,Solanaceae,Solanales,Magnoliopsida,Tracheophyta,Plantae,ACCEPTED,EXACT,99,True,,2026-08-20
Capsicum chinense,Capsicum chinense,2932942,Capsicum,Solanaceae,Solanales,Magnoliopsida,Tracheophyta,Plantae,ACCEPTED,EXACT,99,True,,2026-08-20
Capsicum frutescens,Capsicum frutescens,8403992,Capsicum,Solanaceae,Solanales,Magnoliopsida,Tracheophyta,Plantae,ACCEPTED,EXACT,97,True,,2026-08-20
Capsosiphon fulvescens,Capsosiphon fulvescens,2645400,Capsosiphon,Capsosiphonaceae,Ulvales,Ulvophyceae,Chlorophyta,Plantae,ACCEPTED,EXACT,99,True,,2026-08-20
Caragana sinica,Caragana sinica,2943171,Caragana,Fabaceae,Fabales,Magnoliopsida,Tracheophyta,Plantae,ACCEPTED,EXACT,99,True,,2026-08-20
Caralluma fimbriata,Ceropegia adscendens,9458069,Ceropegia,Apocynaceae,Gentianales,Magnoliopsida,Tracheophyta,Plantae,SYNONYM,EXACT,98,True,,2026-08-20
Carapa guaianensis,Carapa guianensis,3190513,Carapa,Meliaceae,Sapindales,Magnoliopsida,Tracheophyta,Plantae,ACCEPTED,FUZZY,93,True,,2026-08-20
Carapa procera,Carapa procera,3851350,Carapa,Meliaceae,Sapindales,Magnoliopsida,Tracheophyta,Plantae,ACCEPTED,EXACT,99,True,,2026-08-20
Carbenia benedicta,Centaurea benedicta,3127691,Centaurea,Asteraceae,Asterales,Magnoliopsida,Tracheophyta,Plantae,SYNONYM,EXACT,97,True,,2026-08-20
Cardiospermum halicacabum,Cardiospermum halicacabum,3189939,Cardiospermum,Sapindaceae,Sapindales,Magnoliopsida,Tracheophyta,Plantae,ACCEPTED,EXACT,99,True,,2026-08-20
Carex humillis,Carex humilis,2723953,Carex,Cyperaceae,Poales,Liliopsida,Tracheophyta,Plantae,ACCEPTED,FUZZY,95,True,,2026-08-20
Carex kobomugi,Carex kobomugi,2727576,Carex,Cyperaceae,Poales,Liliopsida,Tracheophyta,Plantae,ACCEPTED,EXACT,99,True,,2026-08-20
Carica papaya,Carica papaya,2874484,Carica,Caricaceae,Brassicales,Magnoliopsida,Tracheophyta,Plantae,ACCEPTED,EXACT,99,True,,2026-08-20
Carlina acaulis,Carlina acaulis,3105433,Carlina,Asteraceae,Asterales,Magnoliopsida,Tracheophyta,Plantae,ACCEPTED,EXACT,97,True,,2026-08-20
Carnegiea gigantea,Carnegiea gigantea,5384200,Carnegiea,Cactaceae,Caryophyllales,Magnoliopsida,Tracheophyta,Plantae,ACCEPTED,EXACT,99,True,,2026-08-20
Carpinus betulus,Carpinus betulus,2875818,Carpinus,Betulaceae,Fagales,Magnoliopsida,Tracheophyta,Plantae,ACCEPTED,EXACT,98,True,,2026-08-20
Carpinus cordata,Carpinus cordata,2875893,Carpinus,Betulaceae,Fagales,Magnoliopsida,Tracheophyta,Plantae,ACCEPTED,EXACT,99,True,,2026-08-20
Carpinus laxiflora,Carpinus laxiflora,2875910,Carpinus,Betulaceae,Fagales,Magnoliopsida,Tracheophyta,Plantae,ACCEPTED,EXACT,99,True,,2026-08-20
Carpinus tschonoskii,Carpinus tschonoskii,2875940,Carpinus,Betulaceae,Fagales,Magnoliopsida,Tracheophyta,Plantae,ACCEPTED,EXACT,99,True,,2026-08-20
Carpinus turczaninowii,Carpinus turczaninowii,2875945,Carpinus,Betulaceae,Fagales,Magnoliopsida,Tracheophyta,Plantae,ACCEPTED,EXACT,99,True,,2026-08-20
Carpobrotus edulis,Carpobrotus edulis,3084842,Carpobrotus,Aizoaceae,Caryophyllales,Magnoliopsida,Tracheophyta,Plantae,ACCEPTED,EXACT,98,True,,2026-08-20
Carpotroche brasiliensis,Carpotroche brasiliensis,7274079,Carpotroche,Achariaceae,Malpighiales,Magnoliopsida,Tracheophyta,Plantae,ACCEPTED,EXACT,97,True,,2026-08-20
Carrageenan is,,,,,,,,,,NONE,0,False,no_match:NONE,2026-08-20
Carthamus tinctorius,Carthamus tinctorius,3138327,Carthamus,Asteraceae,Asterales,Magnoliopsida,Tracheophyta,Plantae,ACCEPTED,EXACT,99,True,,2026-08-20
Carum carvi,Carum carvi,3034714,Carum,Apiaceae,Apiales,Magnoliopsida,Tracheophyta,Plantae,ACCEPTED,EXACT,99,True,,2026-08-20
Carum copticum,Carum copticum,7741980,Carum,Apiaceae,Apiales,Magnoliopsida,Tracheophyta,Plantae,ACCEPTED,EXACT,97,True,,2026-08-20
Carum petroselinum,Petroselinum crispum,7224069,Petroselinum,Apiaceae,Apiales,Magnoliopsida,Tracheophyta,Plantae,SYNONYM,EXACT,98,True,,2026-08-20
Carya illinoensis,Carya illinoensis,4205617,Carya,Juglandaceae,Fagales,Magnoliopsida,Tracheophyta,Plantae,ACCEPTED,EXACT,99,True,,2026-08-20
Carya illinoinensis,Carya illinoinensis,3054289,Carya,Juglandaceae,Fagales,Magnoliopsida,Tracheophyta,Plantae,ACCEPTED,EXACT,99,True,,2026-08-20
Caryocar brasiliense,Caryocar brasiliense,3189663,Caryocar,Caryocaraceae,Malpighiales,Magnoliopsida,Tracheophyta,Plantae,ACCEPTED,EXACT,98,True,,2026-08-20
Caryocar villosum,Caryocar villosum,3826009,Caryocar,Caryocaraceae,Malpighiales,Magnoliopsida,Tracheophyta,Plantae,ACCEPTED,EXACT,99,True,,2026-08-20
Caryopteris incana,Caryopteris incana,7308640,Caryopteris,Lamiaceae,Lamiales,Magnoliopsida,Tracheophyta,Plantae,ACCEPTED,EXACT,99,True,,2026-08-20
Casearia sylvestris,Casearia sylvestris,5331148,Casearia,Salicaceae,Malpighiales,Magnoliopsida,Tracheophyta,Plantae,ACCEPTED,EXACT,99,True,,2026-08-20
Cassia alata,Senna alata,2956947,Senna,Fabaceae,Fabales,Magnoliopsida,Tracheophyta,Plantae,SYNONYM,EXACT,98,True,,2026-08-20
Cassia angustifolia,Senna alexandrina,7302622,Senna,Fabaceae,Fabales,Magnoliopsida,Tracheophyta,Plantae,SYNONYM,EXACT,98,True,,2026-08-20
Cassia artemisioides,Senna artemisioides,7679480,Senna,Fabaceae,Fabales,Magnoliopsida,Tracheophyta,Plantae,SYNONYM,EXACT,97,True,,2026-08-20
Cassia auriculata,Senna auriculata,2956966,Senna,Fabaceae,Fabales,Magnoliopsida,Tracheophyta,Plantae,SYNONYM,EXACT,98,True,,2026-08-20
Cassia fistula,Cassia fistula,5357108,Cassia,Fabaceae,Fabales,Magnoliopsida,Tracheophyta,Plantae,ACCEPTED,EXACT,97,True,,2026-08-20
Cassia italica,,,,,,,,,,HIGHERRANK,0,False,no_match:HIGHERRANK,2026-08-20
Cassia mimosoides,Cassia mimosoides,7649706,Cassia,Fabaceae,Fabales,Magnoliopsida,Tracheophyta,Plantae,ACCEPTED,EXACT,97,True,,2026-08-20
Cassia nomame,Chamaecrista nomame,8541694,Chamaecrista,Fabaceae,Fabales,Magnoliopsida,Tracheophyta,Plantae,SYNONYM,EXACT,97,True,,2026-08-20
Cassia obtusifolia,Senna obtusifolia,2957408,Senna,Fabaceae,Fabales,Magnoliopsida,Tracheophyta,Plantae,SYNONYM,EXACT,98,True,,2026-08-20
Cassia senna,Senna alexandrina,2958032,Senna,Fabaceae,Fabales,Magnoliopsida,Tracheophyta,Plantae,SYNONYM,EXACT,98,True,,2026-08-20
Cassytha filiformis,Cassytha filiformis,3033999,Cassytha,Lauraceae,Laurales,Magnoliopsida,Tracheophyta,Plantae,ACCEPTED,EXACT,97,True,,2026-08-20
Castanea crenata,Castanea crenata,5333249,Castanea,Fagaceae,Fagales,Magnoliopsida,Tracheophyta,Plantae,ACCEPTED,EXACT,99,True,,2026-08-20
Castanea sativa,Castanea sativa,5333294,Castanea,Fagaceae,Fagales,Magnoliopsida,Tracheophyta,Plantae,ACCEPTED,EXACT,99,True,,2026-08-20
Castanopsis cuspidata,Castanopsis cuspidata,5333089,Castanopsis,Fagaceae,Fagales,Magnoliopsida,Tracheophyta,Plantae,ACCEPTED,EXACT,99,True,,2026-08-20
Casuarina stricta,Casuarina stricta,2891904,Casuarina,Casuarinaceae,Fagales,Magnoliopsida,Tracheophyta,Plantae,ACCEPTED,EXACT,97,True,,2026-08-20
Catalpa bignonioides,Catalpa bignonioides,3172615,Catalpa,Bignoniaceae,Lamiales,Magnoliopsida,Tracheophyta,Plantae,ACCEPTED,EXACT,99,True,,2026-08-20
Catalpa ovata,Catalpa ovata,3172613,Catalpa,Bignoniaceae,Lamiales,Magnoliopsida,Tracheophyta,Plantae,ACCEPTED,EXACT,99,True,,2026-08-20
Caulerpa okamurae,Caulerpa okamurae,2643090,Caulerpa,Caulerpaceae,Bryopsidales,Ulvophyceae,Chlorophyta,Plantae,ACCEPTED,EXACT,99,True,,2026-08-20
Caulerpa taxifolia,Caulerpa taxifolia,2643172,Caulerpa,Caulerpaceae,Bryopsidales,Ulvophyceae,Chlorophyta,Plantae,ACCEPTED,EXACT,99,True,,2026-08-20
Caulophyllum thalictroides,Caulophyllum thalictroides,3033920,Caulophyllum,Berberidaceae,Ranunculales,Magnoliopsida,Tracheophyta,Plantae,ACCEPTED,EXACT,97,True,,2026-08-20
Cayaponia tayuya,Cayaponia tayuya,3622726,Cayaponia,Cucurbitaceae,Cucurbitales,Magnoliopsida,Tracheophyta,Plantae,ACCEPTED,EXACT,99,True,,2026-08-20
Ceanothus americanus,Ceanothus americanus,3039318,Ceanothus,Rhamnaceae,Rosales,Magnoliopsida,Tracheophyta,Plantae,ACCEPTED,EXACT,98,True,,2026-08-20
Cecropia obtusa,Cecropia obtusa,4013449,Cecropia,Urticaceae,Rosales,Magnoliopsida,Tracheophyta,Plantae,ACCEPTED,EXACT,99,True,,2026-08-20
Cedrela odorata,Cedrela odorata,3190511,Cedrela,Meliaceae,Sapindales,Magnoliopsida,Tracheophyta,Plantae,ACCEPTED,EXACT,97,True,,2026-08-20
Cedrela sinensis,Toona sinensis,7271504,Toona,Meliaceae,Sapindales,Magnoliopsida,Tracheophyta,Plantae,SYNONYM,EXACT,98,True,,2026-08-20
Cedrelopsis grevei,Cedrelopsis grevei,3990259,Cedrelopsis,Rutaceae,Sapindales,Magnoliopsida,Tracheophyta,Plantae,ACCEPTED,EXACT,99,True,,2026-08-20
Cedrus atlantica,Cedrus atlantica,5284702,Cedrus,Pinaceae,Pinales,Pinopsida,Tracheophyta,Plantae,ACCEPTED,EXACT,98,True,,2026-08-20
Cedrus deodara,Cedrus deodara,5284698,Cedrus,Pinaceae,Pinales,Pinopsida,Tracheophyta,Plantae,ACCEPTED,EXACT,97,True,,2026-08-20
Cedrus libani,Cedrus libani,5284682,Cedrus,Pinaceae,Pinales,Pinopsida,Tracheophyta,Plantae,ACCEPTED,EXACT,98,True,,2026-08-20
Ceiba pentandra,Ceiba pentandra,5406697,Ceiba,Malvaceae,Malvales,Magnoliopsida,Tracheophyta,Plantae,ACCEPTED,EXACT,98,True,,2026-08-20
Celastrus orbiculatus,Celastrus orbiculatus,3169169,Celastrus,Celastraceae,Celastrales,Magnoliopsida,Tracheophyta,Plantae,ACCEPTED,EXACT,98,True,,2026-08-20
Celastrus paniculatus,Celastrus paniculatus,7265565,Celastrus,Celastraceae,Celastrales,Magnoliopsida,Tracheophyta,Plantae,ACCEPTED,EXACT,99,True,,2026-08-20
Celosia cristata,Celosia argentea,6429520,Celosia,Amaranthaceae,Caryophyllales,Magnoliopsida,Tracheophyta,Plantae,SYNONYM,EXACT,98,True,,2026-08-20
Centaurea cyanus,Centaurea cyanus,3089561,Centaurea,Asteraceae,Asterales,Magnoliopsida,Tracheophyta,Plantae,ACCEPTED,EXACT,99,True,,2026-08-20
Centaurea nigra,Centaurea nigra,3128225,Centaurea,Asteraceae,Asterales,Magnoliopsida,Tracheophyta,Plantae,ACCEPTED,EXACT,97,True,,2026-08-20
Centaurium erythraea,Centaurium erythraea,5414457,Centaurium,Gentianaceae,Gentianales,Magnoliopsida,Tracheophyta,Plantae,ACCEPTED,EXACT,98,True,,2026-08-14
Centella asiatica,Centella asiatica,3034128,Centella,Apiaceae,Apiales,Magnoliopsida,Tracheophyta,Plantae,ACCEPTED,EXACT,99,True,,2026-08-20
Centipeda cunninghamii,Centipeda cunninghamii,5391287,Centipeda,Asteraceae,Asterales,Magnoliopsida,Tracheophyta,Plantae,ACCEPTED,EXACT,99,True,,2026-08-20
Centipeda minima,Centipeda minima,5391292,Centipeda,Asteraceae,Asterales,Magnoliopsida,Tracheophyta,Plantae,ACCEPTED,EXACT,98,True,,2026-08-20
Centotheca lappacea,Centotheca lappacea,2706433,Centotheca,Poaceae,Poales,Liliopsida,Tracheophyta,Plantae,ACCEPTED,EXACT,99,True,,2026-08-20
Ceramium kondoi,Ceramium kondoi,5277055,Ceramium,Ceramiaceae,Ceramiales,Florideophyceae,Rhodophyta,Plantae,ACCEPTED,EXACT,99,True,,2026-08-20
Ceramium rubrum,Ceramium rubrum,8157145,Ceramium,Ceramiaceae,Ceramiales,Florideophyceae,Rhodophyta,Plantae,ACCEPTED,EXACT,97,True,,2026-08-20
Cerastium arcticum,Cerastium arcticum,3085444,Cerastium,Caryophyllaceae,Caryophyllales,Magnoliopsida,Tracheophyta,Plantae,ACCEPTED,EXACT,99,True,,2026-08-20
Cerasus youkou,,,Prunus,Rosaceae,Rosales,,,Plantae,,HIGHERRANK,0,False,no_match:HIGHERRANK|genus_fallback,2026-08-20
Ceratoneis closterium,Ceratoneis closterium,7362668,Cylindrotheca,Bacillariaceae,Bacillariales,Bacillariophyceae,Ochrophyta,Chromista,ACCEPTED,EXACT,99,True,,2026-08-20
Ceratonia siliqua,Ceratonia siliqua,5356354,Ceratonia,Fabaceae,Fabales,Magnoliopsida,Tracheophyta,Plantae,ACCEPTED,EXACT,99,True,,2026-08-20
Ceratostigma willmottianum,Ceratostigma willmottianum,4089798,Ceratostigma,Plumbaginaceae,Caryophyllales,Magnoliopsida,Tracheophyta,Plantae,ACCEPTED,EXACT,99,True,,2026-08-20
Cercidium floridum,Parkinsonia florida,5359949,Parkinsonia,Fabaceae,Fabales,Magnoliopsida,Tracheophyta,Plantae,SYNONYM,EXACT,97,True,,2026-08-20
Cercis chinensis,Cercis chinensis,5353599,Cercis,Fabaceae,Fabales,Magnoliopsida,Tracheophyta,Plantae,ACCEPTED,EXACT,99,True,,2026-08-20
Cereus grandiflorus,Selenicereus grandiflorus,7279989,Selenicereus,Cactaceae,Caryophyllales,Magnoliopsida,Tracheophyta,Plantae,SYNONYM,EXACT,98,True,,2026-08-20
Ceriporia lacerata,Irpex laceratus,11743138,Irpex,Irpicaceae,Polyporales,Agaricomycetes,Basidiomycota,Fungi,SYNONYM,EXACT,98,True,,2026-08-20
Cestrum latifolium,Cestrum latifolium,8131064,Cestrum,Solanaceae,Solanales,Magnoliopsida,Tracheophyta,Plantae,ACCEPTED,EXACT,97,True,,2026-08-20
Cetraria islandica,Cetraria islandica,2605272,Cetraria,Parmeliaceae,Lecanorales,Lecanoromycetes,Ascomycota,Fungi,ACCEPTED,EXACT,99,True,,2026-08-20
Cetyl kombo,,,,,,,,,,NONE,0,False,no_match:NONE,2026-08-20
Chaenomeles japonica,Chaenomeles japonica,3000610,Chaenomeles,Rosaceae,Rosales,Magnoliopsida,Tracheophyta,Plantae,ACCEPTED,EXACT,97,True,,2026-08-20
Chaenomeles sinensis,Pseudocydonia sinensis,3000699,Pseudocydonia,Rosaceae,Rosales,Magnoliopsida,Tracheophyta,Plantae,SYNONYM,EXACT,98,True,,2026-08-20
Chaenomeles speciosa,Chaenomeles speciosa,3000679,Chaenomeles,Rosaceae,Rosales,Magnoliopsida,Tracheophyta,Plantae,ACCEPTED,EXACT,99,True,,2026-08-20
Chaetoceros calcitrans,Chaetoceros tenuissimus,4376590,Chaetoceros,Chaetocerotaceae,Chaetocerotales,Bacillariophyceae,Ochrophyta,Chromista,SYNONYM,EXACT,98,True,,2026-08-20
Chaetomorpha solitaria,,,Chaetomorpha,Cladophoraceae,Cladophorales,,,Plantae,,HIGHERRANK,0,False,no_match:HIGHERRANK|genus_fallback,2026-08-20
Chamaecrista nomame,Chamaecrista nomame,8541694,Chamaecrista,Fabaceae,Fabales,Magnoliopsida,Tracheophyta,Plantae,ACCEPTED,EXACT,99,True,,2026-08-20
Chamaecyparis formosensis,Chamaecyparis formosensis,2683884,Chamaecyparis,Cupressaceae,Pinales,Pinopsida,Tracheophyta,Plantae,ACCEPTED,EXACT,99,True,,2026-08-20
Chamaecyparis lawsoniana,Chamaecyparis lawsoniana,2683866,Chamaecyparis,Cupressaceae,Pinales,Pinopsida,Tracheophyta,Plantae,ACCEPTED,EXACT,99,True,,2026-08-20
Chamaecyparis obtusa,Chamaecyparis obtusa,2683849,Chamaecyparis,Cupressaceae,Pinales,Pinopsida,Tracheophyta,Plantae,ACCEPTED,EXACT,98,True,,2026-08-20
Chamomilla recutita,Matricaria chamomilla,8370958,Matricaria,Asteraceae,Asterales,Magnoliopsida,Tracheophyta,Plantae,SYNONYM,EXACT,98,True,,2026-08-20
Chamomilla vulgaris,Matricaria chamomilla,8370958,Matricaria,Asteraceae,Asterales,Magnoliopsida,Tracheophyta,Plantae,SYNONYM,EXACT,98,True,,2026-08-20
Chelidonium majus,Chelidonium majus,5334186,Chelidonium,Papaveraceae,Ranunculales,Magnoliopsida,Tracheophyta,Plantae,ACCEPTED,EXACT,98,True,,2026-08-20
Chenopodium album,Chenopodium album,3083838,Chenopodium,Amaranthaceae,Caryophyllales,Magnoliopsida,Tracheophyta,Plantae,ACCEPTED,EXACT,97,True,,2026-08-20
Chenopodium ambrosioides,,,Chenopodium,Amaranthaceae,Caryophyllales,,,Plantae,,HIGHERRANK,0,False,no_match:HIGHERRANK|genus_fallback,2026-08-20
Chenopodium formosanum,Chenopodium giganteum,3756077,Chenopodium,Amaranthaceae,Caryophyllales,Magnoliopsida,Tracheophyta,Plantae,SYNONYM,EXACT,98,True,,2026-08-20
Chenopodium pallidicaule,Chenopodium pallidicaule,6447752,Chenopodium,Amaranthaceae,Caryophyllales,Magnoliopsida,Tracheophyta,Plantae,ACCEPTED,EXACT,99,True,,2026-08-20
Chenopodium quinoa,Chenopodium quinoa,3083935,Chenopodium,Amaranthaceae,Caryophyllales,Magnoliopsida,Tracheophyta,Plantae,ACCEPTED,EXACT,99,True,,2026-08-20
Chimaphila umbellata,Chimaphila umbellata,2888307,Chimaphila,Ericaceae,Ericales,Magnoliopsida,Tracheophyta,Plantae,ACCEPTED,EXACT,97,True,,2026-08-20
Chimonanthus salicifolius,Chimonanthus nitens,3915883,Chimonanthus,Calycanthaceae,Laurales,Magnoliopsida,Tracheophyta,Plantae,SYNONYM,EXACT,98,True,,2026-08-20
Chionanthus retusus,Chionanthus retusus,9594152,Chionanthus,Oleaceae,Lamiales,Magnoliopsida,Tracheophyta,Plantae,ACCEPTED,EXACT,99,True,,2026-08-20
Chlamydomonas extract,,,Chlamydomonas,Chlamydomonadaceae,Volvocales,,,Plantae,,HIGHERRANK,0,False,no_match:HIGHERRANK|genus_fallback,2026-08-20
Chloranthus glaber,Sarcandra glabra,7339076,Sarcandra,Chloranthaceae,Chloranthales,Magnoliopsida,Tracheophyta,Plantae,SYNONYM,EXACT,98,True,,2026-08-20
Chloranthus japonicus,Chloranthus japonicus,3750475,Chloranthus,Chloranthaceae,Chloranthales,Magnoliopsida,Tracheophyta,Plantae,ACCEPTED,EXACT,99,True,,2026-08-20
Chloranthus serratus,Chloranthus serratus,7339068,Chloranthus,Chloranthaceae,Chloranthales,Magnoliopsida,Tracheophyta,Plantae,ACCEPTED,EXACT,99,True,,2026-08-20
Chlorella ellipsoidea,Chloroidium ellipsoideum,7462014,Chloroidium,Oocystaceae,Oocystales,Trebouxiophyceae,Chlorophyta,Plantae,SYNONYM,EXACT,98,True,,2026-08-20
Chlorella emersonii,Chlorella emersonii,5270951,Chlorella,Chlorellaceae,Chlorellales,Trebouxiophyceae,Chlorophyta,Plantae,ACCEPTED,EXACT,99,True,,2026-08-20
Chlorella minutissima,Chlorella minutissima,7523433,Chlorella,Chlorellaceae,Chlorellales,Trebouxiophyceae,Chlorophyta,Plantae,ACCEPTED,EXACT,98,True,,2026-08-20
Chlorella protothecoides,Auxenochlorella protothecoides,2638448,Auxenochlorella,Chlorellaceae,Chlorellales,Trebouxiophyceae,Chlorophyta,Plantae,SYNONYM,EXACT,98,True,,2026-08-20
Chlorella pyrenoidosa,Auxenochlorella pyrenoidosa,9421491,Auxenochlorella,Chlorellaceae,Chlorellales,Trebouxiophyceae,Chlorophyta,Plantae,SYNONYM,EXACT,98,True,,2026-08-20
Chlorella sorokiniana,Chlorella sorokiniana,5270956,Chlorella,Chlorellaceae,Chlorellales,Trebouxiophyceae,Chlorophyta,Plantae,ACCEPTED,EXACT,99,True,,2026-08-20
Chlorella variabilis,Chlorella variabilis,7938682,Chlorella,Chlorellaceae,Chlorellales,Trebouxiophyceae,Chlorophyta,Plantae,ACCEPTED,EXACT,99,True,,2026-08-20
Chlorella vulgaris,Chlorella vulgaris,5270961,Chlorella,Chlorellaceae,Chlorellales,Trebouxiophyceae,Chlorophyta,Plantae,ACCEPTED,EXACT,98,True,,2026-08-20
Chlorogloeopsis fritschii,Chlorogloeopsis fritschii,3219388,Chlorogloeopsis,Nostocaceae,Cyanobacteriales,Cyanobacteriia,Cyanobacteria,Bacteria,ACCEPTED,EXACT,99,True,,2026-08-20
Chlorophora tinctoria,Maclura tinctoria,2984583,Maclura,Moraceae,Rosales,Magnoliopsida,Tracheophyta,Plantae,SYNONYM,EXACT,97,True,,2026-08-20
Choerospondias axillaris,Choerospondias axillaris,3661517,Choerospondias,Anacardiaceae,Sapindales,Magnoliopsida,Tracheophyta,Plantae,ACCEPTED,EXACT,99,True,,2026-08-20
Chondracanthus teedei,Chondracanthus teedei,8037811,Chondracanthus,Gigartinaceae,Gigartinales,Florideophyceae,Rhodophyta,Plantae,ACCEPTED,EXACT,99,True,,2026-08-20
Chondracanthus tenellus,Chondracanthus tenellus,5279154,Chondracanthus,Gigartinaceae,Gigartinales,Florideophyceae,Rhodophyta,Plantae,ACCEPTED,EXACT,99,True,,2026-08-20
Chondria crassicaulis,Chondria crassicaulis,5279806,Chondria,Rhodomelaceae,Ceramiales,Florideophyceae,Rhodophyta,Plantae,ACCEPTED,EXACT,99,True,,2026-08-20
Chondrus crispus,Chondrus crispus,5279115,Chondrus,Gigartinaceae,Gigartinales,Florideophyceae,Rhodophyta,Plantae,ACCEPTED,EXACT,99,True,,2026-08-20
Chondrus elatus,,,,,,,,,,NONE,0,False,no_match:NONE,2026-08-20
Chondrus ocellatus,Chondrus ocellatus,5279111,Chondrus,Gigartinaceae,Gigartinales,Florideophyceae,Rhodophyta,Plantae,ACCEPTED,EXACT,99,True,,2026-08-20
Chonemorpha macrophylla,Chonemorpha fragrans,3616952,Chonemorpha,Apocynaceae,Gentianales,Magnoliopsida,Tracheophyta,Plantae,SYNONYM,EXACT,98,True,,2026-08-20
Chromolaena odorata,Chromolaena odorata,3087725,Chromolaena,Asteraceae,Asterales,Magnoliopsida,Tracheophyta,Plantae,ACCEPTED,EXACT,99,True,,2026-08-20
Chromulina ochromonoides,,,Chromulina,Chromulinaceae,Ochromonadales,,,Chromista,,HIGHERRANK,0,False,no_match:HIGHERRANK|genus_fallback,2026-08-20
Chrysalidocarpus lutescens,Dypsis lutescens,2735935,Dypsis,Arecaceae,Arecales,Liliopsida,Tracheophyta,Plantae,SYNONYM,EXACT,98,True,,2026-08-20
Chrysanthellum americanum,Chrysanthellum americanum,3088353,Chrysanthellum,Asteraceae,Asterales,Magnoliopsida,Tracheophyta,Plantae,ACCEPTED,EXACT,97,True,,2026-08-20
Chrysanthellum indicum,Chrysanthellum indicum,3088368,Chrysanthellum,Asteraceae,Asterales,Magnoliopsida,Tracheophyta,Plantae,ACCEPTED,EXACT,99,True,,2026-08-20
Chrysanthemum balsamita,Tanacetum balsamita,3118254,Tanacetum,Asteraceae,Asterales,Magnoliopsida,Tracheophyta,Plantae,SYNONYM,EXACT,97,True,,2026-08-20
Chrysanthemum boreale,,,Chrysanthemum,Asteraceae,Asterales,,,Plantae,,HIGHERRANK,0,False,no_match:HIGHERRANK|genus_fallback,2026-08-20
Chrysanthemum burbankii,Leucanthemum maximum,5401002,Leucanthemum,Asteraceae,Asterales,Magnoliopsida,Tracheophyta,Plantae,SYNONYM,EXACT,98,True,,2026-08-20
Chrysanthemum coccineum,Chrysanthemum coccineum,7804240,Chrysanthemum,Asteraceae,Asterales,Magnoliopsida,Tracheophyta,Plantae,ACCEPTED,EXACT,97,True,,2026-08-20
Chrysanthemum indicum,Chrysanthemum indicum,3150814,Chrysanthemum,Asteraceae,Asterales,Magnoliopsida,Tracheophyta,Plantae,ACCEPTED,EXACT,97,True,,2026-08-20
Chrysanthemum morifolium,Chrysanthemum morifolium,3150767,Chrysanthemum,Asteraceae,Asterales,Magnoliopsida,Tracheophyta,Plantae,ACCEPTED,EXACT,97,True,,2026-08-20
Chrysanthemum parthenium,Tanacetum parthenium,3118430,Tanacetum,Asteraceae,Asterales,Magnoliopsida,Tracheophyta,Plantae,SYNONYM,EXACT,97,True,,2026-08-20
Chrysanthemum sibiricum,,,Chrysanthemum,Asteraceae,Asterales,,,Plantae,,HIGHERRANK,0,False,no_match:HIGHERRANK|genus_fallback,2026-08-20
Chrysanthemum sinense,Chrysanthemum morifolium,3150767,Chrysanthemum,Asteraceae,Asterales,Magnoliopsida,Tracheophyta,Plantae,SYNONYM,EXACT,97,True,,2026-08-20
Chrysanthemum zawadskii,Chrysanthemum zawadzkii,10906157,Chrysanthemum,Asteraceae,Asterales,Magnoliopsida,Tracheophyta,Plantae,SYNONYM,EXACT,98,True,,2026-08-20
Chrysophyllum cainito,Chrysophyllum cainito,2885828,Chrysophyllum,Sapotaceae,Ericales,Magnoliopsida,Tracheophyta,Plantae,ACCEPTED,EXACT,97,True,,2026-08-20
Cibotium barometz,Cibotium barometz,4195539,Cibotium,Cibotiaceae,Cyatheales,Polypodiopsida,Tracheophyta,Plantae,ACCEPTED,EXACT,99,True,,2026-08-20
Cicer arietinum,Cicer arietinum,2947311,Cicer,Fabaceae,Fabales,Magnoliopsida,Tracheophyta,Plantae,ACCEPTED,EXACT,99,True,,2026-08-20
Cichorium intybus,Cichorium intybus,5392252,Cichorium,Asteraceae,Asterales,Magnoliopsida,Tracheophyta,Plantae,ACCEPTED,EXACT,99,True,,2026-08-20
Cimicifuga dahurica,Actaea dahurica,8254182,Actaea,Ranunculaceae,Ranunculales,Magnoliopsida,Tracheophyta,Plantae,SYNONYM,EXACT,97,True,,2026-08-20
Cimicifuga racemosa,Actaea racemosa,6376106,Actaea,Ranunculaceae,Ranunculales,Magnoliopsida,Tracheophyta,Plantae,SYNONYM,EXACT,98,True,,2026-08-20
Cimicifuga simplex,Actaea simplex,8386523,Actaea,Ranunculaceae,Ranunculales,Magnoliopsida,Tracheophyta,Plantae,SYNONYM,EXACT,97,True,,2026-08-20
Cinchona calisaya,Cinchona calisaya,2901375,Cinchona,Rubiaceae,Gentianales,Magnoliopsida,Tracheophyta,Plantae,ACCEPTED,EXACT,99,True,,2026-08-20
Cinchona pubescens,Cinchona pubescens,2901294,Cinchona,Rubiaceae,Gentianales,Magnoliopsida,Tracheophyta,Plantae,ACCEPTED,EXACT,97,True,,2026-08-20
Cinchona succirubra,Cinchona pubescens,2901294,Cinchona,Rubiaceae,Gentianales,Magnoliopsida,Tracheophyta,Plantae,SYNONYM,EXACT,97,True,,2026-08-20
Cinnamomum camphora,Cinnamomum camphora,3033991,Cinnamomum,Lauraceae,Laurales,Magnoliopsida,Tracheophyta,Plantae,ACCEPTED,EXACT,97,True,,2026-08-14
Cinnamomum cassia,,,Cinnamomum,Lauraceae,Laurales,,,Plantae,,HIGHERRANK,0,False,no_match:HIGHERRANK|genus_fallback,2026-08-20
Cinnamomum culilawan,Cinnamomum culitlawan,7692124,Cinnamomum,Lauraceae,Laurales,Magnoliopsida,Tracheophyta,Plantae,SYNONYM,EXACT,98,True,,2026-08-20
Cinnamomum japonicum,,,Cinnamomum,Lauraceae,Laurales,,,Plantae,,HIGHERRANK,0,False,no_match:HIGHERRANK|genus_fallback,2026-08-20
Cinnamomum loureiroi,Cinnamomum loureiroi,4182513,Cinnamomum,Lauraceae,Laurales,Magnoliopsida,Tracheophyta,Plantae,ACCEPTED,EXACT,97,True,,2026-08-20
Cinnamomum osmophloeum,Cinnamomum osmophloeum,4181555,Cinnamomum,Lauraceae,Laurales,Magnoliopsida,Tracheophyta,Plantae,ACCEPTED,EXACT,99,True,,2026-08-20
Cinnamomum tamala,Cinnamomum tamala,9128079,Cinnamomum,Lauraceae,Laurales,Magnoliopsida,Tracheophyta,Plantae,ACCEPTED,EXACT,99,True,,2026-08-20
Cinnamomum zeylanicum,Cinnamomum verum,3033987,Cinnamomum,Lauraceae,Laurales,Magnoliopsida,Tracheophyta,Plantae,SYNONYM,EXACT,97,True,,2026-08-20
Cinnamosma fragrans,Cinnamosma fragrans,3877824,Cinnamosma,Canellaceae,Canellales,Magnoliopsida,Tracheophyta,Plantae,ACCEPTED,EXACT,99,True,,2026-08-20
Cipadessa baccifera,Cipadessa baccifera,3851819,Cipadessa,Meliaceae,Sapindales,Magnoliopsida,Tracheophyta,Plantae,ACCEPTED,EXACT,99,True,,2026-08-20
Circaea cordata,Circaea cordata,3665469,Circaea,Onagraceae,Myrtales,Magnoliopsida,Tracheophyta,Plantae,ACCEPTED,EXACT,99,True,,2026-08-20
Cirsium eriophorum,Lophiolepis eriophora,12171609,Lophiolepis,Asteraceae,Asterales,Magnoliopsida,Tracheophyta,Plantae,SYNONYM,EXACT,98,True,,2026-08-20
Cirsium japonicum,Cirsium japonicum,3112887,Cirsium,Asteraceae,Asterales,Magnoliopsida,Tracheophyta,Plantae,ACCEPTED,EXACT,98,True,,2026-08-20
Cirsium rhinoceros,Cirsium rhinoceros,3113491,Cirsium,Asteraceae,Asterales,Magnoliopsida,Tracheophyta,Plantae,ACCEPTED,EXACT,99,True,,2026-08-20
Cirsium setidens,Cirsium setidens,3112677,Cirsium,Asteraceae,Asterales,Magnoliopsida,Tracheophyta,Plantae,ACCEPTED,EXACT,99,True,,2026-08-20
Cissampelos pareira,Cissampelos pareira,3033937,Cissampelos,Menispermaceae,Ranunculales,Magnoliopsida,Tracheophyta,Plantae,ACCEPTED,EXACT,99,True,,2026-08-20
Cissus hypoglauca,Nothocissus hypoglauca,4055182,Nothocissus,Vitaceae,Vitales,Magnoliopsida,Tracheophyta,Plantae,SYNONYM,EXACT,98,True,,2026-08-20
Cistanche deserticola,Cistanche deserticola,3730700,Cistanche,Orobanchaceae,Lamiales,Magnoliopsida,Tracheophyta,Plantae,ACCEPTED,EXACT,99,True,,2026-08-20
Cistanche tubulosa,Cistanche tubulosa,7332217,Cistanche,Orobanchaceae,Lamiales,Magnoliopsida,Tracheophyta,Plantae,ACCEPTED,EXACT,97,True,,2026-08-20
Cistus creticus,Cistus creticus,6438085,Cistus,Cistaceae,Malvales,Magnoliopsida,Tracheophyta,Plantae,ACCEPTED,EXACT,97,True,,2026-08-20
Cistus cyprius,Cistus cyprius,3595650,Cistus,Cistaceae,Malvales,Magnoliopsida,Tracheophyta,Plantae,ACCEPTED,EXACT,99,True,,2026-08-20
Cistus incanus,Cistus incanus,2874028,Cistus,Cistaceae,Malvales,Magnoliopsida,Tracheophyta,Plantae,ACCEPTED,EXACT,98,True,,2026-08-20
Cistus ladaniferus,,,Cistus,Cistaceae,Malvales,,,Plantae,,HIGHERRANK,0,False,no_match:HIGHERRANK|genus_fallback,2026-08-20
Cistus monspeliensis,Cistus monspeliensis,2874030,Cistus,Cistaceae,Malvales,Magnoliopsida,Tracheophyta,Plantae,ACCEPTED,EXACT,99,True,,2026-08-20
Cistus spp,,,Cistus,Cistaceae,Malvales,,,Plantae,,HIGHERRANK,0,False,no_match:HIGHERRANK|genus_fallback,2026-08-20
Citrofortunella microcarpa,Citrus microcarpa,3831218,Citrus,Rutaceae,Sapindales,Magnoliopsida,Tracheophyta,Plantae,SYNONYM,EXACT,98,True,,2026-08-20
Citrullus colocynthis,Citrullus colocynthis,2874622,Citrullus,Cucurbitaceae,Cucurbitales,Magnoliopsida,Tracheophyta,Plantae,ACCEPTED,EXACT,99,True,,2026-08-20
Citrullus lanatus,Citrullus lanatus,2874621,Citrullus,Cucurbitaceae,Cucurbitales,Magnoliopsida,Tracheophyta,Plantae,ACCEPTED,EXACT,97,True,,2026-08-20
Citrus aurantifolia,Citrus aurantiifolia,3190164,Citrus,Rutaceae,Sapindales,Magnoliopsida,Tracheophyta,Plantae,ACCEPTED,FUZZY,96,True,,2026-08-20
Citrus aurantium,Citrus aurantium,8077391,Citrus,Rutaceae,Sapindales,Magnoliopsida,Tracheophyta,Plantae,ACCEPTED,EXACT,97,True,,2026-08-14
Citrus australasica,Microcitrus australasica,3190063,Microcitrus,Rutaceae,Sapindales,Magnoliopsida,Tracheophyta,Plantae,SYNONYM,EXACT,98,True,,2026-08-20
Citrus bergamia,Citrus limon,7647136,Citrus,Rutaceae,Sapindales,Magnoliopsida,Tracheophyta,Plantae,SYNONYM,EXACT,98,True,,2026-08-20
Citrus citrus,,,Citrus,Rutaceae,Sapindales,,,Plantae,ACCEPTED,FUZZY,85,False,kingdom:Animalia|genus_fallback,2026-08-20
Citrus clementina,Citrus aurantium,8077391,Citrus,Rutaceae,Sapindales,Magnoliopsida,Tracheophyta,Plantae,SYNONYM,EXACT,98,True,,2026-08-20
Citrus deliciosa,,,Citrus,Rutaceae,Sapindales,,,Plantae,,HIGHERRANK,0,False,no_match:HIGHERRANK|genus_fallback,2026-08-20
Citrus depressa,Citrus tachibana,3190156,Citrus,Rutaceae,Sapindales,Magnoliopsida,Tracheophyta,Plantae,SYNONYM,EXACT,98,True,,2026-08-20
Citrus glauca,Eremocitrus glauca,3190423,Eremocitrus,Rutaceae,Sapindales,Magnoliopsida,Tracheophyta,Plantae,SYNONYM,EXACT,98,True,,2026-08-20
Citrus grandis,Citrus grandis,8118600,Citrus,Rutaceae,Sapindales,Magnoliopsida,Tracheophyta,Plantae,ACCEPTED,EXACT,97,True,,2026-08-20
Citrus hystrix,Citrus hystrix,6433679,Citrus,Rutaceae,Sapindales,Magnoliopsida,Tracheophyta,Plantae,ACCEPTED,EXACT,99,True,,2026-08-20
Citrus inflata,Citrus inflata,9292648,Citrus,Rutaceae,Sapindales,Magnoliopsida,Tracheophyta,Plantae,ACCEPTED,EXACT,97,True,,2026-08-20
Citrus iyo,Citrus aurantium,8077391,Citrus,Rutaceae,Sapindales,Magnoliopsida,Tracheophyta,Plantae,SYNONYM,EXACT,98,True,,2026-08-20
Citrus jabara,,,Citrus,Rutaceae,Sapindales,,,Plantae,,HIGHERRANK,0,False,no_match:HIGHERRANK|genus_fallback,2026-08-20
Citrus japonica,Citrus japonica,3831801,Citrus,Rutaceae,Sapindales,Magnoliopsida,Tracheophyta,Plantae,ACCEPTED,EXACT,99,True,,2026-08-20
Citrus junos,Citrus junos,3831766,Citrus,Rutaceae,Sapindales,Magnoliopsida,Tracheophyta,Plantae,ACCEPTED,EXACT,97,True,,2026-08-20
Citrus keraji,Citrus aurantium,8077391,Citrus,Rutaceae,Sapindales,Magnoliopsida,Tracheophyta,Plantae,SYNONYM,EXACT,98,True,,2026-08-20
Citrus latifolia,Citrus latifolia,3831655,Citrus,Rutaceae,Sapindales,Magnoliopsida,Tracheophyta,Plantae,ACCEPTED,EXACT,97,True,,2026-08-20
Citrus limon,Citrus limon,7647136,Citrus,Rutaceae,Sapindales,Magnoliopsida,Tracheophyta,Plantae,ACCEPTED,EXACT,97,True,,2026-08-20
Citrus madurensis,Citrus japonica,3831801,Citrus,Rutaceae,Sapindales,Magnoliopsida,Tracheophyta,Plantae,SYNONYM,EXACT,98,True,,2026-08-20
Citrus medica,Citrus medica,3190157,Citrus,Rutaceae,Sapindales,Magnoliopsida,Tracheophyta,Plantae,ACCEPTED,EXACT,97,True,,2026-08-20
Citrus natsudaidai,Citrus aurantium,8077391,Citrus,Rutaceae,Sapindales,Magnoliopsida,Tracheophyta,Plantae,SYNONYM,EXACT,98,True,,2026-08-20
Citrus nobilis,,,Citrus,Rutaceae,Sapindales,,,Plantae,,HIGHERRANK,0,False,no_match:HIGHERRANK|genus_fallback,2026-08-20
Citrus paradisi,Citrus aurantium,8077391,Citrus,Rutaceae,Sapindales,Magnoliopsida,Tracheophyta,Plantae,SYNONYM,EXACT,98,True,,2026-08-20
Citrus reticulata,Citrus reticulata,3190172,Citrus,Rutaceae,Sapindales,Magnoliopsida,Tracheophyta,Plantae,ACCEPTED,EXACT,99,True,,2026-08-20
Citrus shunkokan,Citrus shunkokan,9419418,Citrus,Rutaceae,Sapindales,Magnoliopsida,Tracheophyta,Plantae,ACCEPTED,EXACT,97,True,,2026-08-20
Citrus sinensis,Citrus aurantium,8077391,Citrus,Rutaceae,Sapindales,Magnoliopsida,Tracheophyta,Plantae,SYNONYM,EXACT,97,True,,2026-08-14
Citrus sphaerocarpa,Citrus japonica,3831801,Citrus,Rutaceae,Sapindales,Magnoliopsida,Tracheophyta,Plantae,SYNONYM,EXACT,97,True,,2026-08-20
Citrus spp,,,Citrus,Rutaceae,Sapindales,,,Plantae,,HIGHERRANK,0,False,no_match:HIGHERRANK|genus_fallback,2026-08-20
Citrus sudachi,,,Citrus,Rutaceae,Sapindales,,,Plantae,,HIGHERRANK,0,False,no_match:HIGHERRANK|genus_fallback,2026-08-20
Citrus sunki,Citrus tachibana,3190156,Citrus,Rutaceae,Sapindales,Magnoliopsida,Tracheophyta,Plantae,SYNONYM,EXACT,98,True,,2026-08-20
Citrus tamurana,Citrus japonica,3831801,Citrus,Rutaceae,Sapindales,Magnoliopsida,Tracheophyta,Plantae,SYNONYM,EXACT,98,True,,2026-08-20
Citrus tangelo,Citrus aurantium,8077391,Citrus,Rutaceae,Sapindales,Magnoliopsida,Tracheophyta,Plantae,SYNONYM,EXACT,98,True,,2026-08-20
Citrus tangerina,,,Citrus,Rutaceae,Sapindales,,,Plantae,,HIGHERRANK,0,False,no_match:HIGHERRANK|genus_fallback,2026-08-20
Citrus tankan,,,Citrus,Rutaceae,Sapindales,,,Plantae,,HIGHERRANK,0,False,no_match:HIGHERRANK|genus_fallback,2026-08-20
Citrus tumida,Citrus tumida,3837501,Citrus,Rutaceae,Sapindales,Magnoliopsida,Tracheophyta,Plantae,DOUBTFUL,EXACT,97,True,,2026-08-20
Citrus unshiu,,,Citrus,Rutaceae,Sapindales,,,Plantae,,HIGHERRANK,0,False,no_match:HIGHERRANK|genus_fallback,2026-08-20
Cladonia rangiferina,Cladonia rangiferina,8597577,Cladonia,Cladoniaceae,Lecanorales,Lecanoromycetes,Ascomycota,Fungi,ACCEPTED,EXACT,97,True,,2026-08-20
Cladosiphon okamuranus,Cladosiphon okamuranus,3198562,Cladosiphon,Chordariaceae,Ectocarpales,Phaeophyceae,Ochrophyta,Chromista,ACCEPTED,EXACT,99,True,,2026-08-20
Clausena lansium,Clausena lansium,3190413,Clausena,Rutaceae,Sapindales,Magnoliopsida,Tracheophyta,Plantae,ACCEPTED,EXACT,99,True,,2026-08-20
Clematis alpina,Clematis alpina,3033599,Clematis,Ranunculaceae,Ranunculales,Magnoliopsida,Tracheophyta,Plantae,ACCEPTED,EXACT,99,True,,2026-08-20
Clematis apiifolia,Clematis apiifolia,6375119,Clematis,Ranunculaceae,Ranunculales,Magnoliopsida,Tracheophyta,Plantae,ACCEPTED,EXACT,99,True,,2026-08-20
Clematis chinensis,Clematis chinensis,7474713,Clematis,Ranunculaceae,Ranunculales,Magnoliopsida,Tracheophyta,Plantae,ACCEPTED,EXACT,97,True,,2026-08-20
Clematis manshurica,Clematis terniflora,4931431,Clematis,Ranunculaceae,Ranunculales,Magnoliopsida,Tracheophyta,Plantae,SYNONYM,EXACT,98,True,,2026-08-20
Clematis terniflora,Clematis terniflora,3033546,Clematis,Ranunculaceae,Ranunculales,Magnoliopsida,Tracheophyta,Plantae,ACCEPTED,EXACT,99,True,,2026-08-20
Clematis vitalba,Clematis vitalba,3033558,Clematis,Ranunculaceae,Ranunculales,Magnoliopsida,Tracheophyta,Plantae,ACCEPTED,EXACT,97,True,,2026-08-20
Cleome gynandra,Gynandropsis gynandra,3054227,Gynandropsis,Cleomaceae,Brassicales,Magnoliopsida,Tracheophyta,Plantae,SYNONYM,EXACT,98,True,,2026-08-20
Cleome spinosa,,,Cleome,Cleomaceae,Brassicales,,,Plantae,,HIGHERRANK,0,False,no_match:HIGHERRANK|genus_fallback,2026-08-20
Clerodendrum trichotomum,Clerodendrum trichotomum,2925366,Clerodendrum,Lamiaceae,Lamiales,Magnoliopsida,Tracheophyta,Plantae,ACCEPTED,EXACT,98,True,,2026-08-20
Cleyera japonica,Cleyera japonica,3189627,Cleyera,Pentaphylacaceae,Ericales,Magnoliopsida,Tracheophyta,Plantae,ACCEPTED,EXACT,97,True,,2026-08-20
Clinacanthus nutans,Clinacanthus nutans,3774284,Clinacanthus,Acanthaceae,Lamiales,Magnoliopsida,Tracheophyta,Plantae,ACCEPTED,EXACT,99,True,,2026-08-20
Clintonia borealis,Clintonia borealis,2753574,Clintonia,Liliaceae,Liliales,Liliopsida,Tracheophyta,Plantae,ACCEPTED,EXACT,99,True,,2026-08-20
Clitoria ternatea,Clitoria ternatea,2946519,Clitoria,Fabaceae,Fabales,Magnoliopsida,Tracheophyta,Plantae,ACCEPTED,EXACT,99,True,,2026-08-20
Cnidium monnieri,Cnidium monnieri,3034720,Cnidium,Apiaceae,Apiales,Magnoliopsida,Tracheophyta,Plantae,ACCEPTED,EXACT,97,True,,2026-08-20
Cnidium officinale,Conioselinum officinale,12256163,Conioselinum,Apiaceae,Apiales,Magnoliopsida,Tracheophyta,Plantae,SYNONYM,EXACT,98,True,,2026-08-20
Cobetia marina,Cobetia marina,3222079,Cobetia,Halomonadaceae,Pseudomonadales,Gammaproteobacteria,Proteobacteria,Bacteria,ACCEPTED,EXACT,97,True,,2026-08-20
Coccinia indica,Coccinia grandis,2874564,Coccinia,Cucurbitaceae,Cucurbitales,Magnoliopsida,Tracheophyta,Plantae,SYNONYM,EXACT,98,True,,2026-08-20
Coccoloba uvifera,Coccoloba uvifera,2888831,Coccoloba,Polygonaceae,Caryophyllales,Magnoliopsida,Tracheophyta,Plantae,ACCEPTED,EXACT,97,True,,2026-08-20
Cocculus sarmentosus,Cocculus orbiculatus,3033943,Cocculus,Menispermaceae,Ranunculales,Magnoliopsida,Tracheophyta,Plantae,SYNONYM,EXACT,98,True,,2026-08-20
Cochlearia armoracia,,,,,,,,,,HIGHERRANK,0,False,no_match:HIGHERRANK,2026-08-20
Cochlearia groenlandica,Cochlearia groenlandica,5373235,Cochlearia,Brassicaceae,Brassicales,Magnoliopsida,Tracheophyta,Plantae,ACCEPTED,EXACT,97,True,,2026-08-20
Cochlearia officinalis,Cochlearia officinalis,5373276,Cochlearia,Brassicaceae,Brassicales,Magnoliopsida,Tracheophyta,Plantae,ACCEPTED,EXACT,97,True,,2026-08-20
Cocos nucifera,Cocos nucifera,2735117,Cocos,Arecaceae,Arecales,Liliopsida,Tracheophyta,Plantae,ACCEPTED,EXACT,99,True,,2026-08-20
Codium tomentosum,Codium tomentosum,5272167,Codium,Codiaceae,Bryopsidales,Ulvophyceae,Chlorophyta,Plantae,ACCEPTED,EXACT,99,True,,2026-08-20
Codonopsis lanceolata,Codonopsis lanceolata,5412935,Codonopsis,Campanulaceae,Asterales,Magnoliopsida,Tracheophyta,Plantae,ACCEPTED,EXACT,98,True,,2026-08-20
Codonopsis pilosula,Codonopsis pilosula,5412957,Codonopsis,Campanulaceae,Asterales,Magnoliopsida,Tracheophyta,Plantae,ACCEPTED,EXACT,99,True,,2026-08-20
Codonopsis tangshen,Codonopsis pilosula,6549990,Codonopsis,Campanulaceae,Asterales,Magnoliopsida,Tracheophyta,Plantae,SYNONYM,EXACT,98,True,,2026-08-20
Coelastrella vacuolata,,,Coelastrella,Scenedesmaceae,Sphaeropleales,,,Plantae,,HIGHERRANK,0,False,no_match:HIGHERRANK|genus_fallback,2026-08-20
Coenochloris signiensis,,,Coenochloris,Radiococcaceae,Sphaeropleales,,,Plantae,,HIGHERRANK,0,False,no_match:HIGHERRANK|genus_fallback,2026-08-20
Coffea arabica,Coffea arabica,2895345,Coffea,Rubiaceae,Gentianales,Magnoliopsida,Tracheophyta,Plantae,ACCEPTED,EXACT,98,True,,2026-08-20
Coffea canephora,Coffea canephora,2895528,Coffea,Rubiaceae,Gentianales,Magnoliopsida,Tracheophyta,Plantae,ACCEPTED,EXACT,97,True,,2026-08-20
Coffea robusta,Coffea canephora,2895528,Coffea,Rubiaceae,Gentianales,Magnoliopsida,Tracheophyta,Plantae,SYNONYM,EXACT,98,True,,2026-08-20
Coix lacryma-jobi,Coix lacryma-jobi,2706301,Coix,Poaceae,Poales,Liliopsida,Tracheophyta,Plantae,ACCEPTED,EXACT,99,True,,2026-08-20
Cola acuminata,Cola acuminata,5406685,Cola,Malvaceae,Malvales,Magnoliopsida,Tracheophyta,Plantae,ACCEPTED,EXACT,99,True,,2026-08-20
Cola nitida,Cola nitida,5406687,Cola,Malvaceae,Malvales,Magnoliopsida,Tracheophyta,Plantae,ACCEPTED,EXACT,97,True,,2026-08-20
Coleus barbatus,Coleus barbatus,8030165,Coleus,Lamiaceae,Lamiales,Magnoliopsida,Tracheophyta,Plantae,ACCEPTED,EXACT,97,True,,2026-08-20
Coleus forskohlii,Coleus hadiensis,10964472,Coleus,Lamiaceae,Lamiales,Magnoliopsida,Tracheophyta,Plantae,SYNONYM,EXACT,98,True,,2026-08-20
Coleus scutellarioides,Coleus scutellarioides,5341492,Coleus,Lamiaceae,Lamiales,Magnoliopsida,Tracheophyta,Plantae,ACCEPTED,EXACT,98,True,,2026-08-20
Coleus vettiveroides,Coleus vettiveroides,5605099,Coleus,Lamiaceae,Lamiales,Magnoliopsida,Tracheophyta,Plantae,ACCEPTED,EXACT,99,True,,2026-08-20
Collinsonia canadensis,Collinsonia canadensis,2926628,Collinsonia,Lamiaceae,Lamiales,Magnoliopsida,Tracheophyta,Plantae,ACCEPTED,EXACT,99,True,,2026-08-20
Colocasia antiquorum,Colocasia esculenta,5330776,Colocasia,Araceae,Alismatales,Liliopsida,Tracheophyta,Plantae,SYNONYM,EXACT,98,True,,2026-08-20
Colocasia esculenta,Colocasia esculenta,5330776,Colocasia,Araceae,Alismatales,Liliopsida,Tracheophyta,Plantae,ACCEPTED,EXACT,99,True,,2026-08-20
Colophospermum mopane,Colophospermum mopane,2974567,Colophospermum,Fabaceae,Fabales,Magnoliopsida,Tracheophyta,Plantae,ACCEPTED,EXACT,99,True,,2026-08-20
Comanthosphace stellipila,Comanthosphace stellipila,3882095,Comanthosphace,Lamiaceae,Lamiales,Magnoliopsida,Tracheophyta,Plantae,ACCEPTED,EXACT,98,True,,2026-08-20
Comarum palustre,Comarum palustre,3020532,Comarum,Rosaceae,Rosales,Magnoliopsida,Tracheophyta,Plantae,ACCEPTED,EXACT,99,True,,2026-08-20
Combretum fruticosum,Combretum fruticosum,3698513,Combretum,Combretaceae,Myrtales,Magnoliopsida,Tracheophyta,Plantae,ACCEPTED,EXACT,97,True,,2026-08-20
Combretum micranthum,Combretum micranthum,3698309,Combretum,Combretaceae,Myrtales,Magnoliopsida,Tracheophyta,Plantae,ACCEPTED,EXACT,99,True,,2026-08-20
Commelina communis,Commelina communis,2764179,Commelina,Commelinaceae,Commelinales,Liliopsida,Tracheophyta,Plantae,ACCEPTED,EXACT,97,True,,2026-08-20
Commiphora abyssinica,Commiphora kua,7286744,Commiphora,Burseraceae,Sapindales,Magnoliopsida,Tracheophyta,Plantae,SYNONYM,EXACT,98,True,,2026-08-20
Commiphora confusa,Commiphora confusa,3993557,Commiphora,Burseraceae,Sapindales,Magnoliopsida,Tracheophyta,Plantae,ACCEPTED,EXACT,99,True,,2026-08-20
Commiphora erythrea,Commiphora kataf,7286751,Commiphora,Burseraceae,Sapindales,Magnoliopsida,Tracheophyta,Plantae,SYNONYM,FUZZY,94,True,,2026-08-20
Commiphora gileadensis,Commiphora gileadensis,3993077,Commiphora,Burseraceae,Sapindales,Magnoliopsida,Tracheophyta,Plantae,ACCEPTED,EXACT,97,True,,2026-08-20
Commiphora mukul,Commiphora wightii,3992808,Commiphora,Burseraceae,Sapindales,Magnoliopsida,Tracheophyta,Plantae,SYNONYM,EXACT,98,True,,2026-08-20
Commiphora myrrha,Commiphora myrrha,3994082,Commiphora,Burseraceae,Sapindales,Magnoliopsida,Tracheophyta,Plantae,ACCEPTED,EXACT,99,True,,2026-08-20
Commiphora schimperi,Commiphora schimperi,3993367,Commiphora,Burseraceae,Sapindales,Magnoliopsida,Tracheophyta,Plantae,ACCEPTED,EXACT,99,True,,2026-08-20
Commiphora tenuipetiolata,Commiphora tenuipetiolata,3992999,Commiphora,Burseraceae,Sapindales,Magnoliopsida,Tracheophyta,Plantae,ACCEPTED,EXACT,99,True,,2026-08-20
Commiphora wightii,Commiphora wightii,3992808,Commiphora,Burseraceae,Sapindales,Magnoliopsida,Tracheophyta,Plantae,ACCEPTED,EXACT,99,True,,2026-08-20
Commiphora wildii,Commiphora wildii,3992800,Commiphora,Burseraceae,Sapindales,Magnoliopsida,Tracheophyta,Plantae,ACCEPTED,EXACT,99,True,,2026-08-20
Coniogramme japonica,Coniogramme japonica,8391312,Coniogramme,Pteridaceae,Polypodiales,Polypodiopsida,Tracheophyta,Plantae,ACCEPTED,EXACT,97,True,,2026-08-20
Conium maculatum,Conium maculatum,3034807,Conium,Apiaceae,Apiales,Magnoliopsida,Tracheophyta,Plantae,ACCEPTED,EXACT,99,True,,2026-08-20
Connarus ruber,Connarus ruber,7326561,Connarus,Connaraceae,Oxalidales,Magnoliopsida,Tracheophyta,Plantae,ACCEPTED,EXACT,99,True,,2026-08-20
Conobea scoparioides,Conobea scoparioides,3729435,Conobea,Plantaginaceae,Lamiales,Magnoliopsida,Tracheophyta,Plantae,ACCEPTED,EXACT,99,True,,2026-08-20
Convallaria majalis,Convallaria majalis,7459480,Convallaria,Asparagaceae,Asparagales,Liliopsida,Tracheophyta,Plantae,ACCEPTED,EXACT,99,True,,2026-08-20
Convolvulus arvensis,Convolvulus arvensis,2928390,Convolvulus,Convolvulaceae,Solanales,Magnoliopsida,Tracheophyta,Plantae,ACCEPTED,EXACT,99,True,,2026-08-20
Convolvulus euphraticus,Convolvulus euphraticus,3679640,Convolvulus,Convolvulaceae,Solanales,Magnoliopsida,Tracheophyta,Plantae,ACCEPTED,EXACT,99,True,,2026-08-20
Copaifera coriacea,Copaifera coriacea,2978146,Copaifera,Fabaceae,Fabales,Magnoliopsida,Tracheophyta,Plantae,ACCEPTED,EXACT,99,True,,2026-08-20
Copaifera langsdorffii,Copaifera langsdorffii,2978171,Copaifera,Fabaceae,Fabales,Magnoliopsida,Tracheophyta,Plantae,ACCEPTED,EXACT,99,True,,2026-08-20
Copaifera officinalis,Copaifera officinalis,2978155,Copaifera,Fabaceae,Fabales,Magnoliopsida,Tracheophyta,Plantae,ACCEPTED,EXACT,99,True,,2026-08-14
Copaifera reticulata,Copaifera copaibo,12260954,Copaifera,Fabaceae,Fabales,Magnoliopsida,Tracheophyta,Plantae,SYNONYM,EXACT,98,True,,2026-08-14
Copaifera spp,,,Copaifera,Fabaceae,Fabales,,,Plantae,,HIGHERRANK,0,False,no_match:HIGHERRANK|genus_fallback,2026-08-20
Copernicia cerifera,Copernicia prunifera,2738262,Copernicia,Arecaceae,Arecales,Liliopsida,Tracheophyta,Plantae,SYNONYM,EXACT,98,True,,2026-08-20
Coprinus comatus,Coprinus comatus,7987658,Coprinus,Agaricaceae,Agaricales,Agaricomycetes,Basidiomycota,Fungi,ACCEPTED,EXACT,97,True,,2026-08-20
Coprosma grandifolia,Coprosma lucida,7067055,Coprosma,Rubiaceae,Gentianales,Magnoliopsida,Tracheophyta,Plantae,SYNONYM,EXACT,98,True,,2026-08-20
Coptis chinensis,Coptis chinensis,7277323,Coptis,Ranunculaceae,Ranunculales,Magnoliopsida,Tracheophyta,Plantae,ACCEPTED,EXACT,99,True,,2026-08-20
Coptis japonica,Coptis japonica,7277312,Coptis,Ranunculaceae,Ranunculales,Magnoliopsida,Tracheophyta,Plantae,ACCEPTED,EXACT,98,True,,2026-08-20
Corallina officinalis,Corallina officinalis,5276013,Corallina,Corallinaceae,Corallinales,Florideophyceae,Rhodophyta,Plantae,ACCEPTED,EXACT,99,True,,2026-08-20
Corchorus capsularis,Corchorus capsularis,3152082,Corchorus,Malvaceae,Malvales,Magnoliopsida,Tracheophyta,Plantae,ACCEPTED,EXACT,99,True,,2026-08-20
Corchorus olitorius,Corchorus olitorius,3152084,Corchorus,Malvaceae,Malvales,Magnoliopsida,Tracheophyta,Plantae,ACCEPTED,EXACT,99,True,,2026-08-20
Cordia curassavica,Varronia curassavica,4060951,Varronia,Cordiaceae,Boraginales,Magnoliopsida,Tracheophyta,Plantae,SYNONYM,EXACT,98,True,,2026-08-20
Cordia obliqua,Cordia obliqua,8288300,Cordia,Cordiaceae,Boraginales,Magnoliopsida,Tracheophyta,Plantae,ACCEPTED,EXACT,97,True,,2026-08-20
Cordia salicifolia,Cordia ecalyculata,5662376,Cordia,Cordiaceae,Boraginales,Magnoliopsida,Tracheophyta,Plantae,SYNONYM,EXACT,98,True,,2026-08-20
Cordyceps bassiana,Beauveria bassiana,2560612,Beauveria,Cordycipitaceae,Hypocreales,Sordariomycetes,Ascomycota,Fungi,SYNONYM,EXACT,98,True,,2026-08-20
Cordyceps militaris,Cordyceps militaris,7567077,Cordyceps,Cordycipitaceae,Hypocreales,Sordariomycetes,Ascomycota,Fungi,ACCEPTED,EXACT,97,True,,2026-08-20
Cordyline terminalis,Cordyline fruticosa,2766278,Cordyline,Asparagaceae,Asparagales,Liliopsida,Tracheophyta,Plantae,SYNONYM,EXACT,98,True,,2026-08-20
Coreopsis basalis,Coreopsis basalis,3133967,Coreopsis,Asteraceae,Asterales,Magnoliopsida,Tracheophyta,Plantae,ACCEPTED,EXACT,99,True,,2026-08-20
Coreopsis tinctoria,Coreopsis tinctoria,3133950,Coreopsis,Asteraceae,Asterales,Magnoliopsida,Tracheophyta,Plantae,ACCEPTED,EXACT,99,True,,2026-08-20
Coriandrum sativum,Coriandrum sativum,3034871,Coriandrum,Apiaceae,Apiales,Magnoliopsida,Tracheophyta,Plantae,ACCEPTED,EXACT,99,True,,2026-08-20
Coridothymus capitatus,Thymbra capitata,5607804,Thymbra,Lamiaceae,Lamiales,Magnoliopsida,Tracheophyta,Plantae,SYNONYM,EXACT,98,True,,2026-08-20
Corispermum sibiricum,Corispermum sibiricum,3083976,Corispermum,Amaranthaceae,Caryophyllales,Magnoliopsida,Tracheophyta,Plantae,ACCEPTED,EXACT,99,True,,2026-08-20
Cornus controversa,Cornus controversa,7846556,Cornus,Cornaceae,Cornales,Magnoliopsida,Tracheophyta,Plantae,ACCEPTED,EXACT,98,True,,2026-08-20
Cornus kousa,Cornus kousa,3082274,Cornus,Cornaceae,Cornales,Magnoliopsida,Tracheophyta,Plantae,ACCEPTED,EXACT,97,True,,2026-08-20
Cornus macrophylla,Cornus macrophylla,3663105,Cornus,Cornaceae,Cornales,Magnoliopsida,Tracheophyta,Plantae,ACCEPTED,EXACT,99,True,,2026-08-20
Cornus mas,Cornus mas,3082263,Cornus,Cornaceae,Cornales,Magnoliopsida,Tracheophyta,Plantae,ACCEPTED,EXACT,99,True,,2026-08-20
Cornus officinalis,Cornus officinalis,7161076,Cornus,Cornaceae,Cornales,Magnoliopsida,Tracheophyta,Plantae,ACCEPTED,EXACT,99,True,,2026-08-20
Cornus stolonifera,Cornus sericea,3082244,Cornus,Cornaceae,Cornales,Magnoliopsida,Tracheophyta,Plantae,SYNONYM,EXACT,98,True,,2026-08-20
Cornus walteri,Cornus walteri,7322020,Cornus,Cornaceae,Cornales,Magnoliopsida,Tracheophyta,Plantae,ACCEPTED,EXACT,99,True,,2026-08-20
Corthellus shiitake,,,,,,,,,,NONE,0,False,no_match:NONE,2026-08-20
Cortusa matthioli,Primula matthioli,9774742,Primula,Primulaceae,Ericales,Magnoliopsida,Tracheophyta,Plantae,SYNONYM,EXACT,98,True,,2026-08-20
Corydalis ambigua,Corydalis ambigua,7315083,Corydalis,Papaveraceae,Ranunculales,Magnoliopsida,Tracheophyta,Plantae,ACCEPTED,EXACT,99,True,,2026-08-20
Corydalis heterocarpa,Corydalis heterocarpa,8151573,Corydalis,Papaveraceae,Ranunculales,Magnoliopsida,Tracheophyta,Plantae,ACCEPTED,EXACT,97,True,,2026-08-20
Corydalis ochotensis,Corydalis ochotensis,5531980,Corydalis,Papaveraceae,Ranunculales,Magnoliopsida,Tracheophyta,Plantae,ACCEPTED,EXACT,99,True,,2026-08-20
Corydalis turtschaninovii,Corydalis turtschaninovii,7314740,Corydalis,Papaveraceae,Ranunculales,Magnoliopsida,Tracheophyta,Plantae,ACCEPTED,EXACT,99,True,,2026-08-20
Corydalis yanhusuo,Corydalis yanhusuo,8252990,Corydalis,Papaveraceae,Ranunculales,Magnoliopsida,Tracheophyta,Plantae,ACCEPTED,EXACT,97,True,,2026-08-20
Corylopsis coreana,Corylopsis coreana,3702633,Corylopsis,Hamamelidaceae,Saxifragales,Magnoliopsida,Tracheophyta,Plantae,ACCEPTED,EXACT,99,True,,2026-08-20
Corylus americana,Corylus americana,2876060,Corylus,Betulaceae,Fagales,Magnoliopsida,Tracheophyta,Plantae,ACCEPTED,EXACT,98,True,,2026-08-20
Corylus avellana,Corylus avellana,2875979,Corylus,Betulaceae,Fagales,Magnoliopsida,Tracheophyta,Plantae,ACCEPTED,EXACT,98,True,,2026-08-20
Corylus rostrata,Corylus cornuta,2876032,Corylus,Betulaceae,Fagales,Magnoliopsida,Tracheophyta,Plantae,SYNONYM,EXACT,97,True,,2026-08-20
Corynanthe yohimbe,,,Corynanthe,Rubiaceae,Gentianales,,,Plantae,,HIGHERRANK,0,False,no_match:HIGHERRANK|genus_fallback,2026-08-20
Coscinium fenestratum,Coscinium fenestratum,5592750,Coscinium,Menispermaceae,Ranunculales,Magnoliopsida,Tracheophyta,Plantae,ACCEPTED,EXACT,99,True,,2026-08-20
Cosmos bipinnatus,Cosmos bipinnatus,3098912,Cosmos,Asteraceae,Asterales,Magnoliopsida,Tracheophyta,Plantae,ACCEPTED,EXACT,99,True,,2026-08-20
Cosmos sulphureus,Cosmos sulphureus,3098951,Cosmos,Asteraceae,Asterales,Magnoliopsida,Tracheophyta,Plantae,ACCEPTED,EXACT,99,True,,2026-08-20
Costus speciosus,Hellenia speciosa,7584507,Hellenia,Costaceae,Zingiberales,Liliopsida,Tracheophyta,Plantae,SYNONYM,EXACT,98,True,,2026-08-20
Cotinus coggygria,Cotinus coggygria,3190522,Cotinus,Anacardiaceae,Sapindales,Magnoliopsida,Tracheophyta,Plantae,ACCEPTED,EXACT,99,True,,2026-08-20
Crambe maritima,Crambe maritima,5373533,Crambe,Brassicaceae,Brassicales,Magnoliopsida,Tracheophyta,Plantae,ACCEPTED,EXACT,99,True,,2026-08-20
Crassula argentea,Crassula ovata,5362063,Crassula,Crassulaceae,Saxifragales,Magnoliopsida,Tracheophyta,Plantae,SYNONYM,EXACT,98,True,,2026-08-20
Crataegus cuneata,Crataegus cuneata,3015285,Crataegus,Rosaceae,Rosales,Magnoliopsida,Tracheophyta,Plantae,ACCEPTED,EXACT,97,True,,2026-08-20
Crataegus dahurica,Crataegus dahurica,7699590,Crataegus,Rosaceae,Rosales,Magnoliopsida,Tracheophyta,Plantae,ACCEPTED,EXACT,97,True,,2026-08-20
Crataegus monogyna,Crataegus monogyna,9220780,Crataegus,Rosaceae,Rosales,Magnoliopsida,Tracheophyta,Plantae,ACCEPTED,EXACT,97,True,,2026-08-20
Crataegus oxyacantha,,,Crataegus,Rosaceae,Rosales,,,Plantae,,HIGHERRANK,0,False,no_match:HIGHERRANK|genus_fallback,2026-08-20
Crataegus pinnatifida,Crataegus pinnatifida,3014527,Crataegus,Rosaceae,Rosales,Magnoliopsida,Tracheophyta,Plantae,ACCEPTED,EXACT,97,True,,2026-08-20
Crepidiastrum denticulatum,Crepidiastrum denticulatum,3094819,Crepidiastrum,Asteraceae,Asterales,Magnoliopsida,Tracheophyta,Plantae,ACCEPTED,EXACT,99,True,,2026-08-20
Crepidiastrum lanceolatum,Crepidiastrum lanceolatum,3145168,Crepidiastrum,Asteraceae,Asterales,Magnoliopsida,Tracheophyta,Plantae,ACCEPTED,EXACT,99,True,,2026-08-20
Crepidiastrum sonchifolium,Crepidiastrum sonchifolium,3145185,Crepidiastrum,Asteraceae,Asterales,Magnoliopsida,Tracheophyta,Plantae,ACCEPTED,EXACT,99,True,,2026-08-20
Crepis sibirica,Crepis sibirica,5403660,Crepis,Asteraceae,Asterales,Magnoliopsida,Tracheophyta,Plantae,ACCEPTED,EXACT,97,True,,2026-08-20
Crinum asiaticum,Crinum asiaticum,2853796,Crinum,Amaryllidaceae,Asparagales,Liliopsida,Tracheophyta,Plantae,ACCEPTED,EXACT,98,True,,2026-08-20
Crithmum maritimum,Crithmum maritimum,3632234,Crithmum,Apiaceae,Apiales,Magnoliopsida,Tracheophyta,Plantae,ACCEPTED,EXACT,99,True,,2026-08-20
Crocus chrysanthus,Crocus chrysanthus,2747489,Crocus,Iridaceae,Asparagales,Liliopsida,Tracheophyta,Plantae,ACCEPTED,EXACT,99,True,,2026-08-20
Crocus sativus,Crocus sativus,2747430,Crocus,Iridaceae,Asparagales,Liliopsida,Tracheophyta,Plantae,ACCEPTED,EXACT,97,True,,2026-08-20
Crossostephium chinense,Crossostephium chinense,7970844,Crossostephium,Asteraceae,Asterales,Magnoliopsida,Tracheophyta,Plantae,ACCEPTED,EXACT,97,True,,2026-08-20
Croton eluteria,Croton eluteria,3058150,Croton,Euphorbiaceae,Malpighiales,Magnoliopsida,Tracheophyta,Plantae,ACCEPTED,EXACT,97,True,,2026-08-20
Croton glabellus,Croton glabellus,3058441,Croton,Euphorbiaceae,Malpighiales,Magnoliopsida,Tracheophyta,Plantae,ACCEPTED,EXACT,97,True,,2026-08-20
Croton lechleri,Croton lechleri,3057776,Croton,Euphorbiaceae,Malpighiales,Magnoliopsida,Tracheophyta,Plantae,ACCEPTED,EXACT,99,True,,2026-08-20
Croton megalocarpus,Croton megalocarpus,3059962,Croton,Euphorbiaceae,Malpighiales,Magnoliopsida,Tracheophyta,Plantae,ACCEPTED,EXACT,99,True,,2026-08-20
Crypthecodinium cohnii,Crypthecodinium cohnii,7633765,Crypthecodinium,Crypthecodiniaceae,Peridiniales,Dinophyceae,Myzozoa,Chromista,ACCEPTED,EXACT,97,True,,2026-08-20
Cryptocarya crassinervia,Cryptocarya diversifolia,4177481,Cryptocarya,Lauraceae,Laurales,Magnoliopsida,Tracheophyta,Plantae,SYNONYM,EXACT,98,True,,2026-08-20
Cryptolepis buchanani,Cryptolepis buchananii,5525050,Cryptolepis,Apocynaceae,Gentianales,Magnoliopsida,Tracheophyta,Plantae,ACCEPTED,FUZZY,95,True,,2026-08-20
Cryptomeria japonica,Cryptomeria japonica,5284237,Cryptomeria,Cupressaceae,Pinales,Pinopsida,Tracheophyta,Plantae,ACCEPTED,EXACT,99,True,,2026-08-20
Cucumis melo,Cucumis melo,2874570,Cucumis,Cucurbitaceae,Cucurbitales,Magnoliopsida,Tracheophyta,Plantae,ACCEPTED,EXACT,97,True,,2026-08-20
Cucumis sativus,Cucumis sativus,2874569,Cucumis,Cucurbitaceae,Cucurbitales,Magnoliopsida,Tracheophyta,Plantae,ACCEPTED,EXACT,99,True,,2026-08-20
Cucurbita maxima,Cucurbita maxima,2874515,Cucurbita,Cucurbitaceae,Cucurbitales,Magnoliopsida,Tracheophyta,Plantae,ACCEPTED,EXACT,97,True,,2026-08-20
Cucurbita pepo,Cucurbita pepo,2874508,Cucurbita,Cucurbitaceae,Cucurbitales,Magnoliopsida,Tracheophyta,Plantae,ACCEPTED,EXACT,97,True,,2026-08-20
Cudrania tricuspidata,Maclura tricuspidata,9130387,Maclura,Moraceae,Rosales,Magnoliopsida,Tracheophyta,Plantae,SYNONYM,EXACT,97,True,,2026-08-20
Cuminum cyminum,Cuminum cyminum,3034775,Cuminum,Apiaceae,Apiales,Magnoliopsida,Tracheophyta,Plantae,ACCEPTED,EXACT,97,True,,2026-08-20
Cunila galioides,Cunila galioides,7309543,Cunila,Lamiaceae,Lamiales,Magnoliopsida,Tracheophyta,Plantae,ACCEPTED,EXACT,99,True,,2026-08-20
Cupressus funebris,Cupressus funebris,2684076,Cupressus,Cupressaceae,Pinales,Pinopsida,Tracheophyta,Plantae,ACCEPTED,EXACT,99,True,,2026-08-20
Cupressus lusitanica,Cupressus lusitanica,2684046,Cupressus,Cupressaceae,Pinales,Pinopsida,Tracheophyta,Plantae,ACCEPTED,EXACT,97,True,,2026-08-20
Cupressus sempervirens,Cupressus sempervirens,2684030,Cupressus,Cupressaceae,Pinales,Pinopsida,Tracheophyta,Plantae,ACCEPTED,EXACT,99,True,,2026-08-20
Curcuma amada,Curcuma amada,2757535,Curcuma,Zingiberaceae,Zingiberales,Liliopsida,Tracheophyta,Plantae,ACCEPTED,EXACT,99,True,,2026-08-20
Curcuma angustifolia,Curcuma angustifolia,2757542,Curcuma,Zingiberaceae,Zingiberales,Liliopsida,Tracheophyta,Plantae,ACCEPTED,EXACT,97,True,,2026-08-20
Curcuma aromatica,Curcuma aromatica,2757544,Curcuma,Zingiberaceae,Zingiberales,Liliopsida,Tracheophyta,Plantae,ACCEPTED,EXACT,99,True,,2026-08-20
Curcuma heyneana,Curcuma heyneana,2757572,Curcuma,Zingiberaceae,Zingiberales,Liliopsida,Tracheophyta,Plantae,ACCEPTED,EXACT,99,True,,2026-08-20
Curcuma longa,Curcuma longa,2757624,Curcuma,Zingiberaceae,Zingiberales,Liliopsida,Tracheophyta,Plantae,ACCEPTED,EXACT,99,True,,2026-08-20
Curcuma pierreana,Curcuma pierreana,2757653,Curcuma,Zingiberaceae,Zingiberales,Liliopsida,Tracheophyta,Plantae,ACCEPTED,EXACT,99,True,,2026-08-20
Curcuma wenyujin,Curcuma aromatica,2757544,Curcuma,Zingiberaceae,Zingiberales,Liliopsida,Tracheophyta,Plantae,SYNONYM,EXACT,98,True,,2026-08-20
Curcuma xanthorrhiza,Curcuma xanthorrhiza,3990387,Curcuma,Zingiberaceae,Zingiberales,Liliopsida,Tracheophyta,Plantae,ACCEPTED,EXACT,99,True,,2026-08-20
Curcuma zedoaria,Curcuma zedoaria,2757545,Curcuma,Zingiberaceae,Zingiberales,Liliopsida,Tracheophyta,Plantae,ACCEPTED,EXACT,97,True,,2026-08-20
Cuscuta japonica,Cuscuta japonica,2927548,Cuscuta,Convolvulaceae,Solanales,Magnoliopsida,Tracheophyta,Plantae,ACCEPTED,EXACT,99,True,,2026-08-20
Cusparia febrifuga,Angostura trifoliata,3836284,Angostura,Rutaceae,Sapindales,Magnoliopsida,Tracheophyta,Plantae,SYNONYM,EXACT,97,True,,2026-08-20
Cyamopsis tetragonoloba,Cyamopsis tetragonoloba,2946183,Cyamopsis,Fabaceae,Fabales,Magnoliopsida,Tracheophyta,Plantae,ACCEPTED,EXACT,99,True,,2026-08-20
Cyanotis arachnoidea,Cyanotis arachnoidea,5303388,Cyanotis,Commelinaceae,Commelinales,Liliopsida,Tracheophyta,Plantae,ACCEPTED,EXACT,99,True,,2026-08-20
Cyathea cumingii,Sphaeropteris medullaris,5529626,Sphaeropteris,Cyatheaceae,Cyatheales,Polypodiopsida,Tracheophyta,Plantae,SYNONYM,EXACT,98,True,,2026-08-20
Cyathea medullaris,Sphaeropteris medullaris,5529626,Sphaeropteris,Cyatheaceae,Cyatheales,Polypodiopsida,Tracheophyta,Plantae,SYNONYM,EXACT,98,True,,2026-08-20
Cycas revoluta,Cycas revoluta,2683217,Cycas,Cycadaceae,Cycadales,Cycadopsida,Tracheophyta,Plantae,ACCEPTED,EXACT,98,True,,2026-08-20
Cyclanthera pedata,Cyclanthera pedata,2874529,Cyclanthera,Cucurbitaceae,Cucurbitales,Magnoliopsida,Tracheophyta,Plantae,ACCEPTED,EXACT,99,True,,2026-08-20
Cyclocarya paliurus,Cyclocarya paliurus,7310524,Cyclocarya,Juglandaceae,Fagales,Magnoliopsida,Tracheophyta,Plantae,ACCEPTED,EXACT,99,True,,2026-08-20
Cyclopia genistoides,Cyclopia genistoides,7508648,Cyclopia,Fabaceae,Fabales,Magnoliopsida,Tracheophyta,Plantae,ACCEPTED,EXACT,97,True,,2026-08-20
Cyclopia intermedia,Cyclopia intermedia,5341860,Cyclopia,Fabaceae,Fabales,Magnoliopsida,Tracheophyta,Plantae,ACCEPTED,EXACT,99,True,,2026-08-20
Cyclopia subternata,Cyclopia subternata,5341866,Cyclopia,Fabaceae,Fabales,Magnoliopsida,Tracheophyta,Plantae,ACCEPTED,EXACT,97,True,,2026-08-20
Cycnoches cooperi,Cycnoches cooperi,2783310,Cycnoches,Orchidaceae,Asparagales,Liliopsida,Tracheophyta,Plantae,ACCEPTED,EXACT,99,True,,2026-08-20
Cydonia oblonga,Cydonia oblonga,5362215,Cydonia,Rosaceae,Rosales,Magnoliopsida,Tracheophyta,Plantae,ACCEPTED,EXACT,98,True,,2026-08-20
Cylindrotheca fusiformis,Cylindrotheca fusiformis,8228261,Cylindrotheca,Bacillariaceae,Bacillariales,Bacillariophyceae,Ochrophyta,Chromista,ACCEPTED,EXACT,99,True,,2026-08-20
Cymbidium goeringii,Cymbidium goeringii,5305668,Cymbidium,Orchidaceae,Asparagales,Liliopsida,Tracheophyta,Plantae,ACCEPTED,EXACT,99,True,,2026-08-20
Cymbidium grandiflorum,,,,,,,,,,HIGHERRANK,0,False,no_match:HIGHERRANK,2026-08-20
Cymbidium great,,,,,,,,,,NONE,0,False,no_match:NONE,2026-08-20
Cymbidium kanran,Cymbidium kanran,5305555,Cymbidium,Orchidaceae,Asparagales,Liliopsida,Tracheophyta,Plantae,ACCEPTED,EXACT,99,True,,2026-08-20
Cymbidium lancifolium,Cymbidium lancifolium,5305513,Cymbidium,Orchidaceae,Asparagales,Liliopsida,Tracheophyta,Plantae,ACCEPTED,EXACT,99,True,,2026-08-20
Cymbidium lucky,,,,,,,,,,NONE,0,False,no_match:NONE,2026-08-20
Cymbidium sinense,Cymbidium sinense,5305617,Cymbidium,Orchidaceae,Asparagales,Liliopsida,Tracheophyta,Plantae,ACCEPTED,EXACT,99,True,,2026-08-20
Cymbopogon ambiguus,Cymbopogon ambiguus,4139638,Cymbopogon,Poaceae,Poales,Liliopsida,Tracheophyta,Plantae,ACCEPTED,EXACT,99,True,,2026-08-20
Cymbopogon bombycinus,Cymbopogon bombycinus,4139503,Cymbopogon,Poaceae,Poales,Liliopsida,Tracheophyta,Plantae,ACCEPTED,EXACT,98,True,,2026-08-20
Cymbopogon citratus,Cymbopogon citratus,2705275,Cymbopogon,Poaceae,Poales,Liliopsida,Tracheophyta,Plantae,ACCEPTED,EXACT,99,True,,2026-08-20
Cymbopogon flexuosus,Cymbopogon flexuosus,8571291,Cymbopogon,Poaceae,Poales,Liliopsida,Tracheophyta,Plantae,ACCEPTED,EXACT,98,True,,2026-08-20
Cymbopogon martini,Cymbopogon martini,4138713,Cymbopogon,Poaceae,Poales,Liliopsida,Tracheophyta,Plantae,ACCEPTED,EXACT,97,True,,2026-08-20
Cymbopogon nardus,Cymbopogon nardus,2705267,Cymbopogon,Poaceae,Poales,Liliopsida,Tracheophyta,Plantae,ACCEPTED,EXACT,99,True,,2026-08-20
Cymbopogon schoenanthus,Cymbopogon schoenanthus,2705269,Cymbopogon,Poaceae,Poales,Liliopsida,Tracheophyta,Plantae,ACCEPTED,EXACT,99,True,,2026-08-20
Cymbopogon winterianus,Cymbopogon winterianus,2705273,Cymbopogon,Poaceae,Poales,Liliopsida,Tracheophyta,Plantae,ACCEPTED,EXACT,97,True,,2026-08-20
Cynanchum atratum,Vincetoxicum atratum,5526052,Vincetoxicum,Apocynaceae,Gentianales,Magnoliopsida,Tracheophyta,Plantae,SYNONYM,EXACT,98,True,,2026-08-20
Cynanchum wilfordii,Cynanchum wilfordii,5829340,Cynanchum,Apocynaceae,Gentianales,Magnoliopsida,Tracheophyta,Plantae,ACCEPTED,EXACT,97,True,,2026-08-20
Cynara cardunculus,Cynara cardunculus,3112364,Cynara,Asteraceae,Asterales,Magnoliopsida,Tracheophyta,Plantae,ACCEPTED,EXACT,99,True,,2026-08-20
Cynara scolymus,Cynara scolymus,3112361,Cynara,Asteraceae,Asterales,Magnoliopsida,Tracheophyta,Plantae,ACCEPTED,EXACT,99,True,,2026-08-20
Cynodon dactylon,Cynodon dactylon,6109637,Cynodon,Poaceae,Poales,Liliopsida,Tracheophyta,Plantae,ACCEPTED,EXACT,99,True,,2026-08-20
Cynomorium coccineum,Cynomorium coccineum,7445043,Cynomorium,Cynomoriaceae,Saxifragales,Magnoliopsida,Tracheophyta,Plantae,ACCEPTED,EXACT,97,True,,2026-08-20
Cyperus articulatus,Cyperus articulatus,2713638,Cyperus,Cyperaceae,Poales,Liliopsida,Tracheophyta,Plantae,ACCEPTED,EXACT,97,True,,2026-08-20
Cyperus esculentus,Cyperus esculentus,2716226,Cyperus,Cyperaceae,Poales,Liliopsida,Tracheophyta,Plantae,ACCEPTED,EXACT,97,True,,2026-08-20
Cyperus papyrus,Cyperus papyrus,2716311,Cyperus,Cyperaceae,Poales,Liliopsida,Tracheophyta,Plantae,ACCEPTED,EXACT,99,True,,2026-08-20
Cyperus rotundus,Cyperus rotundus,2714818,Cyperus,Cyperaceae,Poales,Liliopsida,Tracheophyta,Plantae,ACCEPTED,EXACT,98,True,,2026-08-20
Cyperus scariosus,Cyperus scariosus,2716774,Cyperus,Cyperaceae,Poales,Liliopsida,Tracheophyta,Plantae,ACCEPTED,EXACT,99,True,,2026-08-20
Cyphomandra betacea,Solanum betaceum,2930216,Solanum,Solanaceae,Solanales,Magnoliopsida,Tracheophyta,Plantae,SYNONYM,EXACT,97,True,,2026-08-20
Cypripedium pubescens,Cypripedium parviflorum,2820480,Cypripedium,Orchidaceae,Asparagales,Liliopsida,Tracheophyta,Plantae,SYNONYM,EXACT,98,True,,2026-08-20
Cyrtomium falcatum,Cyrtomium falcatum,2650829,Cyrtomium,Dryopteridaceae,Polypodiales,Polypodiopsida,Tracheophyta,Plantae,ACCEPTED,EXACT,97,True,,2026-08-20
Cyrtopodium cardiochilum,Cyrtopodium glutiniferum,5319632,Cyrtopodium,Orchidaceae,Asparagales,Liliopsida,Tracheophyta,Plantae,SYNONYM,EXACT,98,True,,2026-08-20
Cystoseira balearica,Ericaria brachycarpa,12122505,Cystoseira,Sargassaceae,Fucales,Phaeophyceae,Ochrophyta,Chromista,SYNONYM,EXACT,98,True,,2026-08-20
Cystoseira caespitosa,Ericaria brachycarpa,12122505,Cystoseira,Sargassaceae,Fucales,Phaeophyceae,Ochrophyta,Chromista,SYNONYM,EXACT,98,True,,2026-08-20
Cystoseira compressa,Cystoseira compressa,8188962,Cystoseira,Sargassaceae,Fucales,Phaeophyceae,Ochrophyta,Chromista,ACCEPTED,EXACT,99,True,,2026-08-20
Cystoseira tamariscifolia,Ericaria selaginoides,11386169,Cystoseira,Sargassaceae,Fucales,Phaeophyceae,Ochrophyta,Chromista,SYNONYM,EXACT,98,True,,2026-08-20
Cytisus scoparius,Cytisus scoparius,5354656,Cytisus,Fabaceae,Fabales,Magnoliopsida,Tracheophyta,Plantae,ACCEPTED,EXACT,99,True,,2026-08-20
Dacrydium franklini,Lagarostrobos franklinii,2687707,Lagarostrobos,Podocarpaceae,Pinales,Pinopsida,Tracheophyta,Plantae,SYNONYM,FUZZY,95,True,,2026-08-20
Dactyliosolen fragilissimus,Rhizosolenia fragillissima,9589184,Rhizosolenia,Rhizosoleniaceae,Rhizosoleniales,Bacillariophyceae,Ochrophyta,Chromista,SYNONYM,EXACT,98,True,,2026-08-20
Dactylorhiza fuchsii,Dactylorhiza maculata,2810689,Dactylorhiza,Orchidaceae,Asparagales,Liliopsida,Tracheophyta,Plantae,SYNONYM,EXACT,98,True,,2026-08-20
Daedalea dickinsii,Daedalea dickinsii,2543258,Daedalea,Fomitopsidaceae,Polyporales,Agaricomycetes,Basidiomycota,Fungi,ACCEPTED,EXACT,99,True,,2026-08-20
Daemonorops draco,Calamus draco,5293618,Calamus,Arecaceae,Arecales,Liliopsida,Tracheophyta,Plantae,SYNONYM,EXACT,98,True,,2026-08-20
Dahlia variabilis,Dahlia variabilis,9470637,Dahlia,Asteraceae,Asterales,Magnoliopsida,Tracheophyta,Plantae,ACCEPTED,EXACT,97,True,,2026-08-20
Dalbergia latifolia,Dalbergia latifolia,2968662,Dalbergia,Fabaceae,Fabales,Magnoliopsida,Tracheophyta,Plantae,ACCEPTED,EXACT,98,True,,2026-08-20
Dalbergia odorifera,Dalbergia odorifera,2968813,Dalbergia,Fabaceae,Fabales,Magnoliopsida,Tracheophyta,Plantae,ACCEPTED,EXACT,99,True,,2026-08-20
Dalea spinosa,Psorothamnus spinosus,2940449,Psorothamnus,Fabaceae,Fabales,Magnoliopsida,Tracheophyta,Plantae,SYNONYM,EXACT,98,True,,2026-08-20
Damnacanthus major,Damnacanthus major,2903472,Damnacanthus,Rubiaceae,Gentianales,Magnoliopsida,Tracheophyta,Plantae,ACCEPTED,EXACT,99,True,,2026-08-20
Daniellia oliveri,Daniellia oliveri,2948733,Daniellia,Fabaceae,Fabales,Magnoliopsida,Tracheophyta,Plantae,ACCEPTED,EXACT,99,True,,2026-08-20
Daphne feddei,Daphne feddei,7311340,Daphne,Thymelaeaceae,Malvales,Magnoliopsida,Tracheophyta,Plantae,ACCEPTED,EXACT,99,True,,2026-08-20
Daphne genkwa,Wikstroemia genkwa,5524756,Wikstroemia,Thymelaeaceae,Malvales,Magnoliopsida,Tracheophyta,Plantae,SYNONYM,EXACT,98,True,,2026-08-20
Daphne kiusiana,Daphne kiusiana,5523189,Daphne,Thymelaeaceae,Malvales,Magnoliopsida,Tracheophyta,Plantae,ACCEPTED,EXACT,99,True,,2026-08-20
Daphne odora,Daphne odora,7670260,Daphne,Thymelaeaceae,Malvales,Magnoliopsida,Tracheophyta,Plantae,ACCEPTED,EXACT,97,True,,2026-08-20
Daphniphyllum macropodum,Daphniphyllum macropodum,7344634,Daphniphyllum,Daphniphyllaceae,Saxifragales,Magnoliopsida,Tracheophyta,Plantae,ACCEPTED,EXACT,99,True,,2026-08-20
Dasiphora fruticosa,Dasiphora fruticosa,5370380,Dasiphora,Rosaceae,Rosales,Magnoliopsida,Tracheophyta,Plantae,ACCEPTED,EXACT,99,True,,2026-08-20
Datura stramonium,Datura stramonium,2928751,Datura,Solanaceae,Solanales,Magnoliopsida,Tracheophyta,Plantae,ACCEPTED,EXACT,98,True,,2026-08-20
Daucus carota,Daucus carota,3034742,Daucus,Apiaceae,Apiales,Magnoliopsida,Tracheophyta,Plantae,ACCEPTED,EXACT,97,True,,2026-08-20
Davidsonia jerseyana,Davidsonia jerseyana,5687852,Davidsonia,Cunoniaceae,Oxalidales,Magnoliopsida,Tracheophyta,Plantae,ACCEPTED,EXACT,99,True,,2026-08-20
Davidsonia pruriens,Davidsonia pruriens,8103811,Davidsonia,Cunoniaceae,Oxalidales,Magnoliopsida,Tracheophyta,Plantae,ACCEPTED,EXACT,99,True,,2026-08-20
Davilla rugosa,Davilla rugosa,7303996,Davilla,Dilleniaceae,Dilleniales,Magnoliopsida,Tracheophyta,Plantae,ACCEPTED,EXACT,99,True,,2026-08-20
Delesseria sanguinea,Delesseria sanguinea,2661972,Delesseria,Delesseriaceae,Ceramiales,Florideophyceae,Rhodophyta,Plantae,ACCEPTED,EXACT,99,True,,2026-08-20
Delphinium elatum,Delphinium elatum,3033757,Delphinium,Ranunculaceae,Ranunculales,Magnoliopsida,Tracheophyta,Plantae,ACCEPTED,EXACT,97,True,,2026-08-20
Dendrobium candidum,Dendrobium moniliforme,5317412,Dendrobium,Orchidaceae,Asparagales,Liliopsida,Tracheophyta,Plantae,SYNONYM,EXACT,97,True,,2026-08-20
Dendrobium catenatum,Dendrobium officinale,5317472,Dendrobium,Orchidaceae,Asparagales,Liliopsida,Tracheophyta,Plantae,SYNONYM,EXACT,98,True,,2026-08-20
Dendrobium huoshanense,Dendrobium huoshanense,5317552,Dendrobium,Orchidaceae,Asparagales,Liliopsida,Tracheophyta,Plantae,ACCEPTED,EXACT,99,True,,2026-08-20
Dendrobium loddigesii,Dendrobium loddigesii,5317287,Dendrobium,Orchidaceae,Asparagales,Liliopsida,Tracheophyta,Plantae,ACCEPTED,EXACT,99,True,,2026-08-20
Dendrobium moniliforme,Dendrobium moniliforme,5317412,Dendrobium,Orchidaceae,Asparagales,Liliopsida,Tracheophyta,Plantae,ACCEPTED,EXACT,98,True,,2026-08-20
Dendrobium moschatum,Dendrobium moschatum,5316318,Dendrobium,Orchidaceae,Asparagales,Liliopsida,Tracheophyta,Plantae,ACCEPTED,EXACT,97,True,,2026-08-20
Dendrobium nobile,Dendrobium nobile,5317489,Dendrobium,Orchidaceae,Asparagales,Liliopsida,Tracheophyta,Plantae,ACCEPTED,EXACT,99,True,,2026-08-20
Dendrobium phalaenopsis,Dendrobium bigibbum,5315722,Dendrobium,Orchidaceae,Asparagales,Liliopsida,Tracheophyta,Plantae,SYNONYM,EXACT,98,True,,2026-08-20
Dendropanax morbiferus,Dendropanax morbiferus,3035014,Dendropanax,Araliaceae,Apiales,Magnoliopsida,Tracheophyta,Plantae,ACCEPTED,EXACT,99,True,,2026-08-20
Derbesia marina,Derbesia marina,7443380,Derbesia,Derbesiaceae,Bryopsidales,Ulvophyceae,Chlorophyta,Plantae,ACCEPTED,EXACT,97,True,,2026-08-20
Deschampsia antarctica,Deschampsia antarctica,4144844,Deschampsia,Poaceae,Poales,Liliopsida,Tracheophyta,Plantae,ACCEPTED,EXACT,98,True,,2026-08-20
Desmodium adscendens,Grona adscendens,10846639,Grona,Fabaceae,Fabales,Magnoliopsida,Tracheophyta,Plantae,SYNONYM,EXACT,98,True,,2026-08-20
Desmodium gangeticum,Desmodium gangeticum,11440699,Desmodium,Fabaceae,Fabales,Magnoliopsida,Tracheophyta,Plantae,ACCEPTED,EXACT,97,True,,2026-08-20
Desmodium oldhamii,Hylodesmum oldhamii,3972831,Hylodesmum,Fabaceae,Fabales,Magnoliopsida,Tracheophyta,Plantae,SYNONYM,EXACT,98,True,,2026-08-20
Detonula pumila,Detonula pumila,8030994,Detonula,Skeletonemaceae,Thalassiosirales,Bacillariophyceae,Ochrophyta,Chromista,ACCEPTED,EXACT,97,True,,2026-08-20
Dianthus carthusianorum,Dianthus carthusianorum,8400876,Dianthus,Caryophyllaceae,Caryophyllales,Magnoliopsida,Tracheophyta,Plantae,ACCEPTED,EXACT,97,True,,2026-08-20
Dianthus caryophyllus,Dianthus caryophyllus,3085420,Dianthus,Caryophyllaceae,Caryophyllales,Magnoliopsida,Tracheophyta,Plantae,ACCEPTED,EXACT,99,True,,2026-08-20
Dianthus chinensis,Dianthus chinensis,3085418,Dianthus,Caryophyllaceae,Caryophyllales,Magnoliopsida,Tracheophyta,Plantae,ACCEPTED,EXACT,99,True,,2026-08-20
Dianthus longicalyx,Dianthus longicalyx,3811075,Dianthus,Caryophyllaceae,Caryophyllales,Magnoliopsida,Tracheophyta,Plantae,ACCEPTED,EXACT,98,True,,2026-08-20
Dicentra formosa,Dicentra formosa,2888553,Dicentra,Papaveraceae,Ranunculales,Magnoliopsida,Tracheophyta,Plantae,ACCEPTED,EXACT,99,True,,2026-08-20
Dicentra spectabilis,Lamprocapnos spectabilis,2888564,Lamprocapnos,Papaveraceae,Ranunculales,Magnoliopsida,Tracheophyta,Plantae,SYNONYM,EXACT,98,True,,2026-08-20
Dicranopteris pedata,Dicranopteris pedata,5579308,Dicranopteris,Gleicheniaceae,Gleicheniales,Polypodiopsida,Tracheophyta,Plantae,ACCEPTED,EXACT,99,True,,2026-08-20
Dictamnus albus,Dictamnus albus,5421338,Dictamnus,Rutaceae,Sapindales,Magnoliopsida,Tracheophyta,Plantae,ACCEPTED,EXACT,99,True,,2026-08-20
Dictamnus dasycarpus,Dictamnus dasycarpus,7268881,Dictamnus,Rutaceae,Sapindales,Magnoliopsida,Tracheophyta,Plantae,ACCEPTED,EXACT,99,True,,2026-08-20
Dictyopteris polypodioides,Dictyopteris polypodioides,5423614,Dictyopteris,Dictyotaceae,Dictyotales,Phaeophyceae,Ochrophyta,Chromista,ACCEPTED,EXACT,99,True,,2026-08-20
Digenea simplex,Digenea simplex,5277562,Digenea,Rhodomelaceae,Ceramiales,Florideophyceae,Rhodophyta,Plantae,ACCEPTED,EXACT,99,True,,2026-08-20
Dimocarpus longan,Dimocarpus longan,3190008,Dimocarpus,Sapindaceae,Sapindales,Magnoliopsida,Tracheophyta,Plantae,ACCEPTED,EXACT,99,True,,2026-08-20
Dimorphandra mollis,Dimorphandra mollis,2974269,Dimorphandra,Fabaceae,Fabales,Magnoliopsida,Tracheophyta,Plantae,ACCEPTED,EXACT,99,True,,2026-08-20
Dionaea muscipula,Dionaea muscipula,5421410,Dionaea,Droseraceae,Caryophyllales,Magnoliopsida,Tracheophyta,Plantae,ACCEPTED,EXACT,98,True,,2026-08-20
Dioscorea batatas,Dioscorea polystachya,2754732,Dioscorea,Dioscoreaceae,Dioscoreales,Liliopsida,Tracheophyta,Plantae,SYNONYM,EXACT,98,True,,2026-08-20
Dioscorea composita,Dioscorea composita,2755005,Dioscorea,Dioscoreaceae,Dioscoreales,Liliopsida,Tracheophyta,Plantae,ACCEPTED,EXACT,99,True,,2026-08-20
Dioscorea japonica,Dioscorea japonica,2755706,Dioscorea,Dioscoreaceae,Dioscoreales,Liliopsida,Tracheophyta,Plantae,ACCEPTED,EXACT,97,True,,2026-08-20
Dioscorea mexicana,Dioscorea mexicana,2754517,Dioscorea,Dioscoreaceae,Dioscoreales,Liliopsida,Tracheophyta,Plantae,ACCEPTED,EXACT,99,True,,2026-08-20
Dioscorea opposita,Dioscorea oppositifolia,2754965,Dioscorea,Dioscoreaceae,Dioscoreales,Liliopsida,Tracheophyta,Plantae,SYNONYM,EXACT,98,True,,2026-08-20
Dioscorea oppositifolia,Dioscorea oppositifolia,2754965,Dioscorea,Dioscoreaceae,Dioscoreales,Liliopsida,Tracheophyta,Plantae,ACCEPTED,EXACT,99,True,,2026-08-20
Dioscorea panthaica,Dioscorea panthaica,2755151,Dioscorea,Dioscoreaceae,Dioscoreales,Liliopsida,Tracheophyta,Plantae,ACCEPTED,EXACT,99,True,,2026-08-20
Dioscorea polystachya,Dioscorea polystachya,2754732,Dioscorea,Dioscoreaceae,Dioscoreales,Liliopsida,Tracheophyta,Plantae,ACCEPTED,EXACT,99,True,,2026-08-20
Dioscorea villosa,Dioscorea villosa,2754553,Dioscorea,Dioscoreaceae,Dioscoreales,Liliopsida,Tracheophyta,Plantae,ACCEPTED,EXACT,97,True,,2026-08-20
Diospyros ebenum,Diospyros ebenum,3032979,Diospyros,Ebenaceae,Ericales,Magnoliopsida,Tracheophyta,Plantae,ACCEPTED,EXACT,97,True,,2026-08-20
Diospyros kaki,Diospyros kaki,3032984,Diospyros,Ebenaceae,Ericales,Magnoliopsida,Tracheophyta,Plantae,ACCEPTED,EXACT,98,True,,2026-08-20
Diospyros lotus,Diospyros lotus,3032980,Diospyros,Ebenaceae,Ericales,Magnoliopsida,Tracheophyta,Plantae,ACCEPTED,EXACT,97,True,,2026-08-20
Diospyros mcphersonii,Diospyros mcphersonii,8386556,Diospyros,Ebenaceae,Ericales,Magnoliopsida,Tracheophyta,Plantae,ACCEPTED,EXACT,99,True,,2026-08-20
Diospyros mespiliformis,Diospyros mespiliformis,4071204,Diospyros,Ebenaceae,Ericales,Magnoliopsida,Tracheophyta,Plantae,ACCEPTED,EXACT,97,True,,2026-08-20
Diospyros nitida,Diospyros nitida,11472160,Diospyros,Ebenaceae,Ericales,Magnoliopsida,Tracheophyta,Plantae,ACCEPTED,EXACT,97,True,,2026-08-20
Diphylleia grayi,Diphylleia grayi,5634432,Diphylleia,Berberidaceae,Ranunculales,Magnoliopsida,Tracheophyta,Plantae,ACCEPTED,EXACT,99,True,,2026-08-20
Diplazium sibiricum,Diplazium sibiricum,8668880,Diplazium,Athyriaceae,Polypodiales,Polypodiopsida,Tracheophyta,Plantae,ACCEPTED,EXACT,97,True,,2026-08-20
Dipterocarpus intricatus,Dipterocarpus intricatus,4096937,Dipterocarpus,Dipterocarpaceae,Malvales,Magnoliopsida,Tracheophyta,Plantae,ACCEPTED,EXACT,99,True,,2026-08-20
Dipterocarpus turbinatus,Dipterocarpus turbinatus,4097195,Dipterocarpus,Dipterocarpaceae,Malvales,Magnoliopsida,Tracheophyta,Plantae,ACCEPTED,EXACT,99,True,,2026-08-20
Dipteryx alata,Dipteryx alata,2947141,Dipteryx,Fabaceae,Fabales,Magnoliopsida,Tracheophyta,Plantae,ACCEPTED,EXACT,99,True,,2026-08-20
Dipteryx odorata,Dipteryx odorata,10779983,Dipteryx,Fabaceae,Fabales,Magnoliopsida,Tracheophyta,Plantae,ACCEPTED,EXACT,97,True,,2026-08-20
Disporum sessile,Disporum sessile,2770845,Disporum,Colchicaceae,Liliales,Liliopsida,Tracheophyta,Plantae,ACCEPTED,EXACT,98,True,,2026-08-20
Distromium decumbens,Distromium decumbens,3200416,Distromium,Dictyotaceae,Dictyotales,Phaeophyceae,Ochrophyta,Chromista,ACCEPTED,EXACT,99,True,,2026-08-20
Distylium racemosum,Distylium racemosum,7329084,Distylium,Hamamelidaceae,Saxifragales,Magnoliopsida,Tracheophyta,Plantae,ACCEPTED,EXACT,99,True,,2026-08-20
Ditylum brightwellii,Ditylum brightwellii,3193746,Ditylum,Lithodesmiaceae,Lithodesmiales,Bacillariophyceae,Ochrophyta,Chromista,ACCEPTED,EXACT,99,True,,2026-08-20
Dodonaea microzyga,Dodonaea microzyga,7546003,Dodonaea,Sapindaceae,Sapindales,Magnoliopsida,Tracheophyta,Plantae,ACCEPTED,EXACT,99,True,,2026-08-20
Dolichos unguiculata,Vigna unguiculata,2982583,Vigna,Fabaceae,Fabales,Magnoliopsida,Tracheophyta,Plantae,SYNONYM,FUZZY,94,True,,2026-08-20
Draba alpina,Draba alpina,3049444,Draba,Brassicaceae,Brassicales,Magnoliopsida,Tracheophyta,Plantae,ACCEPTED,EXACT,97,True,,2026-08-20
Draba nemorosa,Draba nemorosa,3049685,Draba,Brassicaceae,Brassicales,Magnoliopsida,Tracheophyta,Plantae,ACCEPTED,EXACT,97,True,,2026-08-20
Dracaena cambodiana,Dracaena cambodiana,5304576,Dracaena,Asparagaceae,Asparagales,Liliopsida,Tracheophyta,Plantae,ACCEPTED,EXACT,97,True,,2026-08-20
Dracaena marginata,Dracaena marginata,10818704,Dracaena,Asparagaceae,Asparagales,Liliopsida,Tracheophyta,Plantae,ACCEPTED,EXACT,97,True,,2026-08-20
Dracaena sanderiana,Dracaena sanderiana,7431653,Dracaena,Asparagaceae,Asparagales,Liliopsida,Tracheophyta,Plantae,ACCEPTED,EXACT,97,True,,2026-08-20
Dracocephalum foetidum,Dracocephalum foetidum,3902929,Dracocephalum,Lamiaceae,Lamiales,Magnoliopsida,Tracheophyta,Plantae,ACCEPTED,EXACT,99,True,,2026-08-20
Dracocephalum moldavica,Dracocephalum moldavica,2927222,Dracocephalum,Lamiaceae,Lamiales,Magnoliopsida,Tracheophyta,Plantae,ACCEPTED,EXACT,99,True,,2026-08-20
Dracocephalum nutans,Dracocephalum nutans,7309179,Dracocephalum,Lamiaceae,Lamiales,Magnoliopsida,Tracheophyta,Plantae,ACCEPTED,EXACT,99,True,,2026-08-20
Dracocephalum ruyschiana,Dracocephalum ruyschiana,3901967,Dracocephalum,Lamiaceae,Lamiales,Magnoliopsida,Tracheophyta,Plantae,ACCEPTED,EXACT,99,True,,2026-08-20
Dracontium longipes,Dracontium longipes,5330705,Dracontium,Araceae,Alismatales,Liliopsida,Tracheophyta,Plantae,ACCEPTED,EXACT,99,True,,2026-08-20
Drosera ramentacea,Drosera ramentacea,3191246,Drosera,Droseraceae,Caryophyllales,Magnoliopsida,Tracheophyta,Plantae,ACCEPTED,EXACT,97,True,,2026-08-20
Drosera rotundifolia,Drosera rotundifolia,3191030,Drosera,Droseraceae,Caryophyllales,Magnoliopsida,Tracheophyta,Plantae,ACCEPTED,EXACT,98,True,,2026-08-20
Dryas octopetala,Dryas octopetala,4889932,Dryas,Rosaceae,Rosales,Magnoliopsida,Tracheophyta,Plantae,ACCEPTED,EXACT,98,True,,2026-08-20
Dryopteris crassirhizoma,Dryopteris crassirhizoma,7319342,Dryopteris,Dryopteridaceae,Polypodiales,Polypodiopsida,Tracheophyta,Plantae,ACCEPTED,EXACT,99,True,,2026-08-20
Dryopteris filix-mas,Dryopteris filix-mas,5275132,Dryopteris,Dryopteridaceae,Polypodiales,Polypodiopsida,Tracheophyta,Plantae,ACCEPTED,EXACT,99,True,,2026-08-20
Duabanga grandiflora,Duabanga grandiflora,3989330,Duabanga,Lythraceae,Myrtales,Magnoliopsida,Tracheophyta,Plantae,ACCEPTED,EXACT,99,True,,2026-08-20
Duboisia leichhardtii,Duboisia leichhardtii,7732624,Duboisia,Solanaceae,Solanales,Magnoliopsida,Tracheophyta,Plantae,ACCEPTED,EXACT,99,True,,2026-08-20
Dunaliella bardawil,Dunaliella bardawil,2687980,Dunaliella,Dunaliellaceae,Volvocales,Chlorophyceae,Chlorophyta,Plantae,ACCEPTED,EXACT,99,True,,2026-08-20
Dunaliella salina,Dunaliella salina,2687984,Dunaliella,Dunaliellaceae,Volvocales,Chlorophyceae,Chlorophyta,Plantae,ACCEPTED,EXACT,99,True,,2026-08-20
Duranta repens,Duranta erecta,2925655,Duranta,Verbenaceae,Lamiales,Magnoliopsida,Tracheophyta,Plantae,SYNONYM,EXACT,98,True,,2026-08-20
Durio zibethinus,Durio zibethinus,3152230,Durio,Malvaceae,Malvales,Magnoliopsida,Tracheophyta,Plantae,ACCEPTED,EXACT,97,True,,2026-08-20
Durvillaea antarctica,Durvillaea antarctica,3197450,Durvillaea,Durvillaeaceae,Fucales,Phaeophyceae,Ochrophyta,Chromista,ACCEPTED,EXACT,99,True,,2026-08-20
Dypsis lutescens,Dypsis lutescens,2735935,Dypsis,Arecaceae,Arecales,Liliopsida,Tracheophyta,Plantae,ACCEPTED,EXACT,97,True,,2026-08-20
Ecballium elaterium,Ecballium elaterium,2874680,Ecballium,Cucurbitaceae,Cucurbitales,Magnoliopsida,Tracheophyta,Plantae,ACCEPTED,EXACT,99,True,,2026-08-20
Echeveria secunda,Echeveria secunda,7334137,Echeveria,Crassulaceae,Saxifragales,Magnoliopsida,Tracheophyta,Plantae,ACCEPTED,EXACT,97,True,,2026-08-20
Echinacea angustifolia,Echinacea angustifolia,3150933,Echinacea,Asteraceae,Asterales,Magnoliopsida,Tracheophyta,Plantae,ACCEPTED,EXACT,99,True,,2026-08-20
Echinacea pallida,Echinacea pallida,3150919,Echinacea,Asteraceae,Asterales,Magnoliopsida,Tracheophyta,Plantae,ACCEPTED,EXACT,98,True,,2026-08-20
Echinacea purpurea,Echinacea purpurea,3150935,Echinacea,Asteraceae,Asterales,Magnoliopsida,Tracheophyta,Plantae,ACCEPTED,EXACT,99,True,,2026-08-20
Echinops sphaerocephalus,Echinops sphaerocephalus,5392883,Echinops,Asteraceae,Asterales,Magnoliopsida,Tracheophyta,Plantae,ACCEPTED,EXACT,97,True,,2026-08-20
Echium lycopsis,Echium plantagineum,2925895,Echium,Boraginaceae,Boraginales,Magnoliopsida,Tracheophyta,Plantae,SYNONYM,EXACT,98,True,,2026-08-20
Echium plantagineum,Echium plantagineum,2925895,Echium,Boraginaceae,Boraginales,Magnoliopsida,Tracheophyta,Plantae,ACCEPTED,EXACT,97,True,,2026-08-20
Ecklonia cava,,,,,,,,,,NONE,0,False,no_match:NONE,2026-08-20
Eclipta prostrata,Eclipta prostrata,5384950,Eclipta,Asteraceae,Asterales,Magnoliopsida,Tracheophyta,Plantae,ACCEPTED,EXACT,97,True,,2026-08-20
Edgeworthia chrysantha,Edgeworthia chrysantha,5420855,Edgeworthia,Thymelaeaceae,Malvales,Magnoliopsida,Tracheophyta,Plantae,ACCEPTED,EXACT,99,True,,2026-08-20
Eichhornia crassipes,Pontederia crassipes,2765942,Pontederia,Pontederiaceae,Commelinales,Liliopsida,Tracheophyta,Plantae,SYNONYM,EXACT,98,True,,2026-08-20
Elaeagnus glabra,Elaeagnus glabra,7293101,Elaeagnus,Elaeagnaceae,Rosales,Magnoliopsida,Tracheophyta,Plantae,ACCEPTED,EXACT,97,True,,2026-08-20
Elaeagnus latifolia,Elaeagnus latifolia,4048232,Elaeagnus,Elaeagnaceae,Rosales,Magnoliopsida,Tracheophyta,Plantae,ACCEPTED,EXACT,97,True,,2026-08-20
Elaeagnus pungens,Elaeagnus pungens,3039270,Elaeagnus,Elaeagnaceae,Rosales,Magnoliopsida,Tracheophyta,Plantae,ACCEPTED,EXACT,98,True,,2026-08-20
Elaeis guineensis,Elaeis guineensis,2731882,Elaeis,Arecaceae,Arecales,Liliopsida,Tracheophyta,Plantae,ACCEPTED,EXACT,98,True,,2026-08-14
Elaeocarpus angustifolius,Elaeocarpus angustifolius,7426040,Elaeocarpus,Elaeocarpaceae,Oxalidales,Magnoliopsida,Tracheophyta,Plantae,ACCEPTED,EXACT,97,True,,2026-08-20
Eleocharis dulcis,Eleocharis dulcis,2717712,Eleocharis,Cyperaceae,Poales,Liliopsida,Tracheophyta,Plantae,ACCEPTED,EXACT,97,True,,2026-08-20
Elephantopus mollis,Elephantopus mollis,5395928,Elephantopus,Asteraceae,Asterales,Magnoliopsida,Tracheophyta,Plantae,ACCEPTED,EXACT,99,True,,2026-08-20
Elephantorrhiza elephantina,Elephantorrhiza elephantina,2933010,Elephantorrhiza,Fabaceae,Fabales,Magnoliopsida,Tracheophyta,Plantae,ACCEPTED,EXACT,99,True,,2026-08-20
Elettaria cardamomum,Elettaria cardamomum,2759871,Elettaria,Zingiberaceae,Zingiberales,Liliopsida,Tracheophyta,Plantae,ACCEPTED,EXACT,99,True,,2026-08-20
Eleutherococcus nodiflorus,Eleutherococcus nodiflorus,3035388,Eleutherococcus,Araliaceae,Apiales,Magnoliopsida,Tracheophyta,Plantae,ACCEPTED,EXACT,99,True,,2026-08-20
Eleutherococcus senticosus,Eleutherococcus senticosus,3035369,Eleutherococcus,Araliaceae,Apiales,Magnoliopsida,Tracheophyta,Plantae,ACCEPTED,EXACT,97,True,,2026-08-20
Eleutherococcus seoulensis,Eleutherococcus sessiliflorus,3035311,Eleutherococcus,Araliaceae,Apiales,Magnoliopsida,Tracheophyta,Plantae,SYNONYM,EXACT,98,True,,2026-08-20
Elsholtzia splendens,Elsholtzia splendens,7308889,Elsholtzia,Lamiaceae,Lamiales,Magnoliopsida,Tracheophyta,Plantae,ACCEPTED,EXACT,97,True,,2026-08-20
Elsholtzia stauntonii,Elsholtzia stauntonii,7308883,Elsholtzia,Lamiaceae,Lamiales,Magnoliopsida,Tracheophyta,Plantae,ACCEPTED,EXACT,99,True,,2026-08-20
Embelia concinna,Embelia concinna,3720904,Embelia,Primulaceae,Ericales,Magnoliopsida,Tracheophyta,Plantae,ACCEPTED,EXACT,99,True,,2026-08-20
Embelia ribes,Embelia ribes,7330952,Embelia,Primulaceae,Ericales,Magnoliopsida,Tracheophyta,Plantae,ACCEPTED,EXACT,99,True,,2026-08-20
Emblica officinalis,Phyllanthus emblica,5381660,Phyllanthus,Phyllanthaceae,Malpighiales,Magnoliopsida,Tracheophyta,Plantae,SYNONYM,EXACT,98,True,,2026-08-20
Emiliania huxleyi,Emiliania huxleyi,5423960,Emiliania,Noelaerhabdaceae,Isochrysidales,Prymnesiophyceae,Haptophyta,Chromista,ACCEPTED,EXACT,99,True,,2026-08-20
Empetrum nigrum,Empetrum nigrum,8925249,Empetrum,Ericaceae,Ericales,Magnoliopsida,Tracheophyta,Plantae,ACCEPTED,EXACT,99,True,,2026-08-20
Enantia chlorantha,Annickia chlorantha,5407527,Annickia,Annonaceae,Magnoliales,Magnoliopsida,Tracheophyta,Plantae,SYNONYM,EXACT,98,True,,2026-08-20
Engelhardtia chrysolepis,Engelhardtia roxburghiana,7914294,Engelhardtia,Juglandaceae,Fagales,Magnoliopsida,Tracheophyta,Plantae,SYNONYM,EXACT,98,True,,2026-08-20
Enkleia thorelii,Enkleia thorelii,3568562,Enkleia,Thymelaeaceae,Malvales,Magnoliopsida,Tracheophyta,Plantae,ACCEPTED,EXACT,99,True,,2026-08-20
Entada phaseoloides,Entada phaseoloides,2976244,Entada,Fabaceae,Fabales,Magnoliopsida,Tracheophyta,Plantae,ACCEPTED,EXACT,99,True,,2026-08-20
Enterococcus faecalis,Enterococcus faecalis,3227408,Enterococcus,Enterococcaceae,Lactobacillales,Bacilli,Firmicutes,Bacteria,ACCEPTED,EXACT,99,True,,2026-08-20
Enterococcus faecium,Enterococcus faecium,3227413,Enterococcus,Enterococcaceae,Lactobacillales,Bacilli,Firmicutes,Bacteria,ACCEPTED,EXACT,99,True,,2026-08-20
Enteromorpha compressa,Ulva compressa,5273322,Ulva,Ulvaceae,Ulvales,Ulvophyceae,Chlorophyta,Plantae,SYNONYM,EXACT,97,True,,2026-08-20
Enteromorpha flexuosa,Ulva flexuosa,5273507,Ulva,Ulvaceae,Ulvales,Ulvophyceae,Chlorophyta,Plantae,SYNONYM,EXACT,98,True,,2026-08-20
Eperua falcata,Eperua falcata,2943522,Eperua,Fabaceae,Fabales,Magnoliopsida,Tracheophyta,Plantae,ACCEPTED,EXACT,97,True,,2026-08-20
Ephedra distachya,Ephedra distachya,2653321,Ephedra,Ephedraceae,Ephedrales,Gnetopsida,Tracheophyta,Plantae,ACCEPTED,EXACT,98,True,,2026-08-20
Ephedra sinica,Ephedra sinica,2653377,Ephedra,Ephedraceae,Ephedrales,Gnetopsida,Tracheophyta,Plantae,ACCEPTED,EXACT,99,True,,2026-08-20
Epigaea repens,Epigaea repens,2882805,Epigaea,Ericaceae,Ericales,Magnoliopsida,Tracheophyta,Plantae,ACCEPTED,EXACT,99,True,,2026-08-20
Epilobium angustifolium,,,Epilobium,Onagraceae,Myrtales,,,Plantae,,HIGHERRANK,0,False,no_match:HIGHERRANK|genus_fallback,2026-08-20
Epilobium fleischeri,Chamaenerion fleischeri,3666407,Chamaenerion,Onagraceae,Myrtales,Magnoliopsida,Tracheophyta,Plantae,SYNONYM,EXACT,98,True,,2026-08-20
Epilobium parviflorum,Epilobium parviflorum,3189157,Epilobium,Onagraceae,Myrtales,Magnoliopsida,Tracheophyta,Plantae,ACCEPTED,EXACT,97,True,,2026-08-20
Epilobium roseum,Epilobium roseum,3666800,Epilobium,Onagraceae,Myrtales,Magnoliopsida,Tracheophyta,Plantae,ACCEPTED,EXACT,97,True,,2026-08-20
Epimedium grandiflorum,Epimedium grandiflorum,7300218,Epimedium,Berberidaceae,Ranunculales,Magnoliopsida,Tracheophyta,Plantae,ACCEPTED,EXACT,99,True,,2026-08-20
Epimedium koreanum,Epimedium koreanum,3982248,Epimedium,Berberidaceae,Ranunculales,Magnoliopsida,Tracheophyta,Plantae,ACCEPTED,EXACT,99,True,,2026-08-20
Epimedium sagittatum,Epimedium sagittatum,7300394,Epimedium,Berberidaceae,Ranunculales,Magnoliopsida,Tracheophyta,Plantae,ACCEPTED,EXACT,98,True,,2026-08-20
Epiphyllum oxypetalum,Epiphyllum oxypetalum,5384031,Epiphyllum,Cactaceae,Caryophyllales,Magnoliopsida,Tracheophyta,Plantae,ACCEPTED,EXACT,99,True,,2026-08-20
Equisetum arvense,Equisetum arvense,7924597,Equisetum,Equisetaceae,Equisetales,Polypodiopsida,Tracheophyta,Plantae,ACCEPTED,EXACT,99,True,,2026-08-20
Equisetum fluviatile,Equisetum fluviatile,2687937,Equisetum,Equisetaceae,Equisetales,Polypodiopsida,Tracheophyta,Plantae,ACCEPTED,EXACT,99,True,,2026-08-20
Equisetum hyemale,Equisetum hyemale,2687927,Equisetum,Equisetaceae,Equisetales,Polypodiopsida,Tracheophyta,Plantae,ACCEPTED,EXACT,99,True,,2026-08-20
Eragrostis tef,Eragrostis tef,2705325,Eragrostis,Poaceae,Poales,Liliopsida,Tracheophyta,Plantae,ACCEPTED,EXACT,99,True,,2026-08-20
Eremanthus erythropappus,Eremanthus erythropappus,9888756,Eremanthus,Asteraceae,Asterales,Magnoliopsida,Tracheophyta,Plantae,ACCEPTED,EXACT,97,True,,2026-08-20
Eremochloa ophiuroides,Eremochloa ophiuroides,2704348,Eremochloa,Poaceae,Poales,Liliopsida,Tracheophyta,Plantae,ACCEPTED,EXACT,99,True,,2026-08-20
Eremophila longifolia,Eremophila longifolia,5565892,Eremophila,Scrophulariaceae,Lamiales,Magnoliopsida,Tracheophyta,Plantae,ACCEPTED,EXACT,99,True,,2026-08-20
Eremophila mitchellii,Eremophila mitchellii,5565707,Eremophila,Scrophulariaceae,Lamiales,Magnoliopsida,Tracheophyta,Plantae,ACCEPTED,EXACT,99,True,,2026-08-20
Erica arborea,Erica arborea,5333410,Erica,Ericaceae,Ericales,Magnoliopsida,Tracheophyta,Plantae,ACCEPTED,EXACT,97,True,,2026-08-20
Erica canaliculata,Erica canaliculata,5682496,Erica,Ericaceae,Ericales,Magnoliopsida,Tracheophyta,Plantae,ACCEPTED,EXACT,99,True,,2026-08-20
Erica cinerea,Erica cinerea,5333411,Erica,Ericaceae,Ericales,Magnoliopsida,Tracheophyta,Plantae,ACCEPTED,EXACT,99,True,,2026-08-20
Erigeron annuus,Erigeron annuus,3117449,Erigeron,Asteraceae,Asterales,Magnoliopsida,Tracheophyta,Plantae,ACCEPTED,EXACT,97,True,,2026-08-20
Erigeron breviscapus,Erigeron breviscapus,3146986,Erigeron,Asteraceae,Asterales,Magnoliopsida,Tracheophyta,Plantae,ACCEPTED,EXACT,99,True,,2026-08-20
Erigeron canadensis,Erigeron canadensis,3146791,Erigeron,Asteraceae,Asterales,Magnoliopsida,Tracheophyta,Plantae,ACCEPTED,EXACT,97,True,,2026-08-20
Eriobotrya japonica,Rhaphiolepis bibas,10786206,Rhaphiolepis,Rosaceae,Rosales,Magnoliopsida,Tracheophyta,Plantae,SYNONYM,EXACT,98,True,,2026-08-20
Eriocaulon buergarianum,Eriocaulon buergerianum,2690931,Eriocaulon,Eriocaulaceae,Poales,Liliopsida,Tracheophyta,Plantae,ACCEPTED,FUZZY,95,True,,2026-08-20
Eriocephalus punctulatus,Eriocephalus punctulatus,3130102,Eriocephalus,Asteraceae,Asterales,Magnoliopsida,Tracheophyta,Plantae,ACCEPTED,EXACT,99,True,,2026-08-20
Eriodictyon californicum,Eriodictyon californicum,7629056,Eriodictyon,Namaceae,Boraginales,Magnoliopsida,Tracheophyta,Plantae,ACCEPTED,EXACT,97,True,,2026-08-20
Eriodictyon crassifolium,Eriodictyon crassifolium,2928353,Eriodictyon,Namaceae,Boraginales,Magnoliopsida,Tracheophyta,Plantae,ACCEPTED,EXACT,99,True,,2026-08-20
Eriophorum scheuchzeri,Eriophorum scheuchzeri,2730240,Eriophorum,Cyperaceae,Poales,Liliopsida,Tracheophyta,Plantae,ACCEPTED,EXACT,99,True,,2026-08-20
Eruca sativa,Eruca sativa,7474861,Eruca,Brassicaceae,Brassicales,Magnoliopsida,Tracheophyta,Plantae,ACCEPTED,EXACT,97,True,,2026-08-20
Eryngium alpinum,Eryngium alpinum,3633778,Eryngium,Apiaceae,Apiales,Magnoliopsida,Tracheophyta,Plantae,ACCEPTED,EXACT,97,True,,2026-08-20
Eryngium campestre,Eryngium campestre,3034426,Eryngium,Apiaceae,Apiales,Magnoliopsida,Tracheophyta,Plantae,ACCEPTED,EXACT,99,True,,2026-08-20
Eryngium maritimum,Eryngium maritimum,3034391,Eryngium,Apiaceae,Apiales,Magnoliopsida,Tracheophyta,Plantae,ACCEPTED,EXACT,99,True,,2026-08-20
Erythronium japonicum,Erythronium japonicum,2752866,Erythronium,Liliaceae,Liliales,Liliopsida,Tracheophyta,Plantae,ACCEPTED,EXACT,97,True,,2026-08-20
Erythroxylum catuaba,Erythroxylum catuaba,7476474,Erythroxylum,Erythroxylaceae,Malpighiales,Magnoliopsida,Tracheophyta,Plantae,ACCEPTED,EXACT,97,True,,2026-08-20
Eschscholzia californica,Eschscholzia californica,2888380,Eschscholzia,Papaveraceae,Ranunculales,Magnoliopsida,Tracheophyta,Plantae,ACCEPTED,EXACT,98,True,,2026-08-20
Etlingera elatior,Etlingera elatior,2759896,Etlingera,Zingiberaceae,Zingiberales,Liliopsida,Tracheophyta,Plantae,ACCEPTED,EXACT,99,True,,2026-08-20
Eucalyptus acmenoides,Eucalyptus acmenoides,3176907,Eucalyptus,Myrtaceae,Myrtales,Magnoliopsida,Tracheophyta,Plantae,ACCEPTED,EXACT,99,True,,2026-08-20
Eucalyptus alba,Eucalyptus alba,3176384,Eucalyptus,Myrtaceae,Myrtales,Magnoliopsida,Tracheophyta,Plantae,ACCEPTED,EXACT,97,True,,2026-08-20
Eucalyptus cinerea,Eucalyptus cinerea,3176723,Eucalyptus,Myrtaceae,Myrtales,Magnoliopsida,Tracheophyta,Plantae,ACCEPTED,EXACT,97,True,,2026-08-20
Eucalyptus citriodora,Corymbia citriodora,5418431,Corymbia,Myrtaceae,Myrtales,Magnoliopsida,Tracheophyta,Plantae,SYNONYM,EXACT,98,True,,2026-08-20
Eucalyptus dives,Eucalyptus dives,3176819,Eucalyptus,Myrtaceae,Myrtales,Magnoliopsida,Tracheophyta,Plantae,ACCEPTED,EXACT,99,True,,2026-08-20
Eucalyptus dunnii,Eucalyptus dunnii,3176577,Eucalyptus,Myrtaceae,Myrtales,Magnoliopsida,Tracheophyta,Plantae,ACCEPTED,EXACT,99,True,,2026-08-20
Eucalyptus globulus,Eucalyptus globulus,3176787,Eucalyptus,Myrtaceae,Myrtales,Magnoliopsida,Tracheophyta,Plantae,ACCEPTED,EXACT,99,True,,2026-08-20
Eucalyptus maculata,Corymbia maculata,5418386,Corymbia,Myrtaceae,Myrtales,Magnoliopsida,Tracheophyta,Plantae,SYNONYM,EXACT,98,True,,2026-08-20
Eucalyptus parvula,Eucalyptus parvula,3176882,Eucalyptus,Myrtaceae,Myrtales,Magnoliopsida,Tracheophyta,Plantae,ACCEPTED,EXACT,99,True,,2026-08-20
Eucalyptus pulverulenta,Eucalyptus pulverulenta,3176788,Eucalyptus,Myrtaceae,Myrtales,Magnoliopsida,Tracheophyta,Plantae,ACCEPTED,EXACT,97,True,,2026-08-20
Eucalyptus punctata,Eucalyptus punctata,3176683,Eucalyptus,Myrtaceae,Myrtales,Magnoliopsida,Tracheophyta,Plantae,ACCEPTED,EXACT,99,True,,2026-08-20
Eucalyptus radiata,Eucalyptus radiata,3176655,Eucalyptus,Myrtaceae,Myrtales,Magnoliopsida,Tracheophyta,Plantae,ACCEPTED,EXACT,97,True,,2026-08-20
Eucalyptus smithii,Eucalyptus smithii,3177175,Eucalyptus,Myrtaceae,Myrtales,Magnoliopsida,Tracheophyta,Plantae,ACCEPTED,EXACT,97,True,,2026-08-20
Eucalyptus spp,,,Eucalyptus,Myrtaceae,Myrtales,,,Plantae,,HIGHERRANK,0,False,no_match:HIGHERRANK|genus_fallback,2026-08-20
Eucheuma serra,Eucheuma serra,2668112,Eucheuma,Solieriaceae,Gigartinales,Florideophyceae,Rhodophyta,Plantae,ACCEPTED,EXACT,99,True,,2026-08-20
Eucheuma spinosum,Eucheuma denticulatum,2668123,Eucheuma,Solieriaceae,Gigartinales,Florideophyceae,Rhodophyta,Plantae,SYNONYM,EXACT,98,True,,2026-08-20
Eucommia ulmoides,Eucommia ulmoides,3723584,Eucommia,Eucommiaceae,Garryales,Magnoliopsida,Tracheophyta,Plantae,ACCEPTED,EXACT,99,True,,2026-08-20
Eugenia caryophyllus,Syzygium aromaticum,3183002,Syzygium,Myrtaceae,Myrtales,Magnoliopsida,Tracheophyta,Plantae,SYNONYM,EXACT,98,True,,2026-08-14
Eugenia cumini,Eugenia cumini,7946025,Eugenia,Myrtaceae,Myrtales,Magnoliopsida,Tracheophyta,Plantae,ACCEPTED,EXACT,97,True,,2026-08-20
Eugenia edulis,,,,,,,,,,HIGHERRANK,0,False,no_match:HIGHERRANK,2026-08-20
Eugenia jambos,Eugenia jambos,7640192,Eugenia,Myrtaceae,Myrtales,Magnoliopsida,Tracheophyta,Plantae,ACCEPTED,EXACT,97,True,,2026-08-20
Eugenia operculata,Syzygium nervosum,3184115,Syzygium,Myrtaceae,Myrtales,Magnoliopsida,Tracheophyta,Plantae,SYNONYM,EXACT,98,True,,2026-08-20
Eugenia reinwardtiana,Eugenia reinwardtiana,5416637,Eugenia,Myrtaceae,Myrtales,Magnoliopsida,Tracheophyta,Plantae,ACCEPTED,EXACT,99,True,,2026-08-20
Eugenia stipitata,Eugenia stipitata,10503673,Eugenia,Myrtaceae,Myrtales,Magnoliopsida,Tracheophyta,Plantae,ACCEPTED,EXACT,98,True,,2026-08-20
Eugenia uniflora,Eugenia uniflora,5416458,Eugenia,Myrtaceae,Myrtales,Magnoliopsida,Tracheophyta,Plantae,ACCEPTED,EXACT,97,True,,2026-08-20
Euonymus japonicus,Euonymus japonicus,7102937,Euonymus,Celastraceae,Celastrales,Magnoliopsida,Tracheophyta,Plantae,ACCEPTED,EXACT,97,True,,2026-08-20
Euonymus sachalinensis,Euonymus sachalinensis,3794098,Euonymus,Celastraceae,Celastrales,Magnoliopsida,Tracheophyta,Plantae,ACCEPTED,EXACT,99,True,,2026-08-20
Eupatorium ayapana,Ayapana triplinervis,3142644,Ayapana,Asteraceae,Asterales,Magnoliopsida,Tracheophyta,Plantae,SYNONYM,EXACT,98,True,,2026-08-20
Eupatorium cannabinum,Eupatorium cannabinum,5402943,Eupatorium,Asteraceae,Asterales,Magnoliopsida,Tracheophyta,Plantae,ACCEPTED,EXACT,99,True,,2026-08-20
Eupatorium fortunei,Eupatorium fortunei,5403095,Eupatorium,Asteraceae,Asterales,Magnoliopsida,Tracheophyta,Plantae,ACCEPTED,EXACT,99,True,,2026-08-20
Eupatorium lindleyanum,Eupatorium lindleyanum,5402831,Eupatorium,Asteraceae,Asterales,Magnoliopsida,Tracheophyta,Plantae,ACCEPTED,EXACT,97,True,,2026-08-20
Eupatorium purpureum,Eupatorium purpureum,8311325,Eupatorium,Asteraceae,Asterales,Magnoliopsida,Tracheophyta,Plantae,ACCEPTED,EXACT,97,True,,2026-08-20
Eupatorium rebaudianum,Stevia rebaudiana,3125557,Stevia,Asteraceae,Asterales,Magnoliopsida,Tracheophyta,Plantae,SYNONYM,EXACT,98,True,,2026-08-20
Euphorbia cerifera,Euphorbia antisyphilitica,3069440,Euphorbia,Euphorbiaceae,Malpighiales,Magnoliopsida,Tracheophyta,Plantae,SYNONYM,EXACT,98,True,,2026-08-20
Euphorbia esula,Euphorbia esula,8203538,Euphorbia,Euphorbiaceae,Malpighiales,Magnoliopsida,Tracheophyta,Plantae,ACCEPTED,EXACT,97,True,,2026-08-20
Euphorbia helioscopia,Euphorbia helioscopia,3066367,Euphorbia,Euphorbiaceae,Malpighiales,Magnoliopsida,Tracheophyta,Plantae,ACCEPTED,EXACT,97,True,,2026-08-20
Euphorbia hirta,Euphorbia hirta,3068937,Euphorbia,Euphorbiaceae,Malpighiales,Magnoliopsida,Tracheophyta,Plantae,ACCEPTED,EXACT,99,True,,2026-08-20
Euphorbia jolkinii,Euphorbia jolkinii,3066890,Euphorbia,Euphorbiaceae,Malpighiales,Magnoliopsida,Tracheophyta,Plantae,ACCEPTED,EXACT,99,True,,2026-08-20
Euphorbia lathyris,Euphorbia lathyris,3066965,Euphorbia,Euphorbiaceae,Malpighiales,Magnoliopsida,Tracheophyta,Plantae,ACCEPTED,EXACT,97,True,,2026-08-20
Euphorbia maculata,Euphorbia maculata,3067119,Euphorbia,Euphorbiaceae,Malpighiales,Magnoliopsida,Tracheophyta,Plantae,ACCEPTED,EXACT,97,True,,2026-08-20
Euphorbia pulcherrima,Euphorbia pulcherrima,3066465,Euphorbia,Euphorbiaceae,Malpighiales,Magnoliopsida,Tracheophyta,Plantae,ACCEPTED,EXACT,97,True,,2026-08-20
Euphorbia supina,Euphorbia maculata,3067119,Euphorbia,Euphorbiaceae,Malpighiales,Magnoliopsida,Tracheophyta,Plantae,SYNONYM,EXACT,98,True,,2026-08-20
Euphoria longan,Dimocarpus longan,3190008,Dimocarpus,Sapindaceae,Sapindales,Magnoliopsida,Tracheophyta,Plantae,SYNONYM,EXACT,98,True,,2026-08-20
Euphrasia christii,Euphrasia christii,3739698,Euphrasia,Orobanchaceae,Lamiales,Magnoliopsida,Tracheophyta,Plantae,ACCEPTED,EXACT,98,True,,2026-08-20
Euphrasia officinalis,Euphrasia officinalis,8106874,Euphrasia,Orobanchaceae,Lamiales,Magnoliopsida,Tracheophyta,Plantae,ACCEPTED,EXACT,97,True,,2026-08-20
Eurya emarginata,Eurya emarginata,3591134,Eurya,Pentaphylacaceae,Ericales,Magnoliopsida,Tracheophyta,Plantae,ACCEPTED,EXACT,99,True,,2026-08-20
Eurya japonica,Eurya japonica,7152601,Eurya,Pentaphylacaceae,Ericales,Magnoliopsida,Tracheophyta,Plantae,ACCEPTED,EXACT,99,True,,2026-08-20
Euryale ferox,Euryale ferox,7795516,Euryale,Nymphaeaceae,Nymphaeales,Magnoliopsida,Tracheophyta,Plantae,ACCEPTED,EXACT,98,True,,2026-08-20
Eurycoma longifolia,Eurycoma longifolia,3709190,Eurycoma,Simaroubaceae,Sapindales,Magnoliopsida,Tracheophyta,Plantae,ACCEPTED,EXACT,99,True,,2026-08-20
Euscaphis japonica,Staphylea japonica,9464189,Staphylea,Staphyleaceae,Crossosomatales,Magnoliopsida,Tracheophyta,Plantae,SYNONYM,EXACT,97,True,,2026-08-20
Eustoma grandiflorum,Eustoma russellianum,6366858,Eustoma,Gentianaceae,Gentianales,Magnoliopsida,Tracheophyta,Plantae,SYNONYM,EXACT,98,True,,2026-08-20
Euterpe edulis,Euterpe edulis,5293403,Euterpe,Arecaceae,Arecales,Liliopsida,Tracheophyta,Plantae,ACCEPTED,EXACT,99,True,,2026-08-20
Euterpe oleracea,Euterpe oleracea,5293398,Euterpe,Arecaceae,Arecales,Liliopsida,Tracheophyta,Plantae,ACCEPTED,EXACT,97,True,,2026-08-20
Euterpe oleraceae,Euterpe oleracea,5293398,Euterpe,Arecaceae,Arecales,Liliopsida,Tracheophyta,Plantae,ACCEPTED,FUZZY,95,True,,2026-08-20
Euterpe precatoria,Euterpe precatoria,5293425,Euterpe,Arecaceae,Arecales,Liliopsida,Tracheophyta,Plantae,ACCEPTED,EXACT,99,True,,2026-08-20
Eutreptiella gymnastica,Eutreptiella gymnastica,3210216,Eutreptiella,Eutreptiidae,Eutreptiida,Euglenoidea,Euglenozoa,Protozoa,ACCEPTED,EXACT,99,True,,2026-08-20
Eutrochium purpureum,Eutrochium purpureum,3138192,Eutrochium,Asteraceae,Asterales,Magnoliopsida,Tracheophyta,Plantae,ACCEPTED,EXACT,99,True,,2026-08-20
Evernia furfuracea,Pseudevernia furfuracea,10932974,Pseudevernia,Parmeliaceae,Lecanorales,Lecanoromycetes,Ascomycota,Fungi,SYNONYM,EXACT,97,True,,2026-08-20
Evernia prunastri,Evernia prunastri,2605261,Evernia,Parmeliaceae,Lecanorales,Lecanoromycetes,Ascomycota,Fungi,ACCEPTED,EXACT,99,True,,2026-08-20
Evodia rutaecarpa,Tetradium ruticarpum,5594365,Tetradium,Rutaceae,Sapindales,Magnoliopsida,Tracheophyta,Plantae,SYNONYM,EXACT,98,True,,2026-08-20
Evolvulus alsinoides,Evolvulus alsinoides,2928673,Evolvulus,Convolvulaceae,Solanales,Magnoliopsida,Tracheophyta,Plantae,ACCEPTED,EXACT,97,True,,2026-08-20
Excoecaria bicolor,Excoecaria cochinchinensis,3071716,Excoecaria,Euphorbiaceae,Malpighiales,Magnoliopsida,Tracheophyta,Plantae,SYNONYM,EXACT,97,True,,2026-08-20
Excoecaria formosana,Excoecaria formosana,3071734,Excoecaria,Euphorbiaceae,Malpighiales,Magnoliopsida,Tracheophyta,Plantae,ACCEPTED,EXACT,98,True,,2026-08-20
Eysenhardtia polystachya,Eysenhardtia polystachya,2964737,Eysenhardtia,Fabaceae,Fabales,Magnoliopsida,Tracheophyta,Plantae,ACCEPTED,EXACT,99,True,,2026-08-20
Fabiana imbricata,Fabiana imbricata,2928726,Fabiana,Solanaceae,Solanales,Magnoliopsida,Tracheophyta,Plantae,ACCEPTED,EXACT,99,True,,2026-08-20
Fagara zanthoxyloides,Zanthoxylum zanthoxyloides,3833043,Zanthoxylum,Rutaceae,Sapindales,Magnoliopsida,Tracheophyta,Plantae,SYNONYM,EXACT,98,True,,2026-08-20
Fagopyrum tataricum,Fagopyrum tataricum,2889378,Fagopyrum,Polygonaceae,Caryophyllales,Magnoliopsida,Tracheophyta,Plantae,ACCEPTED,EXACT,98,True,,2026-08-20
Fagraea berteroana,Fagraea berteroana,6388630,Fagraea,Gentianaceae,Gentianales,Magnoliopsida,Tracheophyta,Plantae,ACCEPTED,EXACT,97,True,,2026-08-20
Fagus crenata,Fagus crenata,2882300,Fagus,Fagaceae,Fagales,Magnoliopsida,Tracheophyta,Plantae,ACCEPTED,EXACT,98,True,,2026-08-20
Fagus sylvatica,Fagus sylvatica,2882316,Fagus,Fagaceae,Fagales,Magnoliopsida,Tracheophyta,Plantae,ACCEPTED,EXACT,99,True,,2026-08-20
Farfugium japonicum,Farfugium japonicum,3101212,Farfugium,Asteraceae,Asterales,Magnoliopsida,Tracheophyta,Plantae,ACCEPTED,EXACT,99,True,,2026-08-20
Ferocactus wislizeni,Ferocactus wislizeni,3084153,Ferocactus,Cactaceae,Caryophyllales,Magnoliopsida,Tracheophyta,Plantae,ACCEPTED,EXACT,99,True,,2026-08-20
Ferula assa-foetida,Ferula assa-foetida,8113074,Ferula,Apiaceae,Apiales,Magnoliopsida,Tracheophyta,Plantae,ACCEPTED,EXACT,97,True,,2026-08-20
Ferula foetida,Ferula foetida,7704723,Ferula,Apiaceae,Apiales,Magnoliopsida,Tracheophyta,Plantae,ACCEPTED,EXACT,97,True,,2026-08-20
Ferula galbaniflua,Ferula gummosa,3034683,Ferula,Apiaceae,Apiales,Magnoliopsida,Tracheophyta,Plantae,SYNONYM,EXACT,98,True,,2026-08-20
Ferula kokanica,Ferula kokanica,3637959,Ferula,Apiaceae,Apiales,Magnoliopsida,Tracheophyta,Plantae,ACCEPTED,EXACT,99,True,,2026-08-20
Fevillea trilobata,Fevillea trilobata,7317799,Fevillea,Cucurbitaceae,Cucurbitales,Magnoliopsida,Tracheophyta,Plantae,ACCEPTED,EXACT,97,True,,2026-08-20
Fibraurea recisa,Fibraurea recisa,5592701,Fibraurea,Menispermaceae,Ranunculales,Magnoliopsida,Tracheophyta,Plantae,ACCEPTED,EXACT,99,True,,2026-08-20
Ficus awkeotsang,Ficus pumila,5733738,Ficus,Moraceae,Rosales,Magnoliopsida,Tracheophyta,Plantae,SYNONYM,EXACT,98,True,,2026-08-20
Ficus benghalensis,Ficus benghalensis,5361919,Ficus,Moraceae,Rosales,Magnoliopsida,Tracheophyta,Plantae,ACCEPTED,EXACT,99,True,,2026-08-20
Ficus carica,Ficus carica,5361909,Ficus,Moraceae,Rosales,Magnoliopsida,Tracheophyta,Plantae,ACCEPTED,EXACT,99,True,,2026-08-20
Ficus deltoidea,Ficus deltoidea,7262889,Ficus,Moraceae,Rosales,Magnoliopsida,Tracheophyta,Plantae,ACCEPTED,EXACT,99,True,,2026-08-20
Ficus erecta,Ficus erecta,5571945,Ficus,Moraceae,Rosales,Magnoliopsida,Tracheophyta,Plantae,ACCEPTED,EXACT,97,True,,2026-08-20
Ficus formosana,Ficus formosana,7262706,Ficus,Moraceae,Rosales,Magnoliopsida,Tracheophyta,Plantae,ACCEPTED,EXACT,99,True,,2026-08-20
Ficus indica,Ficus indica,7551512,Ficus,Moraceae,Rosales,Magnoliopsida,Tracheophyta,Plantae,ACCEPTED,EXACT,97,True,,2026-08-20
Ficus infectoria,,,,,,,,,,HIGHERRANK,0,False,no_match:HIGHERRANK,2026-08-20
Ficus lacor,Ficus lacor,5572206,Ficus,Moraceae,Rosales,Magnoliopsida,Tracheophyta,Plantae,ACCEPTED,EXACT,97,True,,2026-08-20
Ficus microcarpa,Ficus microcarpa,7467639,Ficus,Moraceae,Rosales,Magnoliopsida,Tracheophyta,Plantae,ACCEPTED,EXACT,97,True,,2026-08-20
Ficus nipponica,Ficus sarmentosa,5834098,Ficus,Moraceae,Rosales,Magnoliopsida,Tracheophyta,Plantae,SYNONYM,EXACT,98,True,,2026-08-20
Ficus oxyphylla,Ficus sarmentosa,5834098,Ficus,Moraceae,Rosales,Magnoliopsida,Tracheophyta,Plantae,SYNONYM,EXACT,97,True,,2026-08-20
Ficus pumila,Ficus pumila,5361930,Ficus,Moraceae,Rosales,Magnoliopsida,Tracheophyta,Plantae,ACCEPTED,EXACT,97,True,,2026-08-20
Ficus racemosa,Ficus racemosa,5361904,Ficus,Moraceae,Rosales,Magnoliopsida,Tracheophyta,Plantae,ACCEPTED,EXACT,97,True,,2026-08-20
Ficus religiosa,Ficus religiosa,5361935,Ficus,Moraceae,Rosales,Magnoliopsida,Tracheophyta,Plantae,ACCEPTED,EXACT,97,True,,2026-08-20
Ficus simplicissima,Ficus simplicissima,5570563,Ficus,Moraceae,Rosales,Magnoliopsida,Tracheophyta,Plantae,ACCEPTED,EXACT,99,True,,2026-08-20
Ficus sycomorus,Ficus sycomorus,5361921,Ficus,Moraceae,Rosales,Magnoliopsida,Tracheophyta,Plantae,ACCEPTED,EXACT,99,True,,2026-08-20
Filipendula glaberrima,Filipendula glaberrima,2988055,Filipendula,Rosaceae,Rosales,Magnoliopsida,Tracheophyta,Plantae,ACCEPTED,EXACT,99,True,,2026-08-20
Filtrate extract,,,,,,,,,,NONE,0,False,no_match:NONE,2026-08-20
Filtrate is,,,,,,,,,,NONE,0,False,no_match:NONE,2026-08-20
Firmiana simplex,Firmiana simplex,3152111,Firmiana,Malvaceae,Malvales,Magnoliopsida,Tracheophyta,Plantae,ACCEPTED,EXACT,99,True,,2026-08-20
Flavobacterium thermophilum,Flavobacterium thermophilum,3228590,Flavobacterium,Flavobacteriaceae,Flavobacteriales,Bacteroidia,Bacteroidota,Bacteria,ACCEPTED,EXACT,99,True,,2026-08-20
Flindersia acuminata,Flindersia acuminata,3835691,Flindersia,Rutaceae,Sapindales,Magnoliopsida,Tracheophyta,Plantae,ACCEPTED,EXACT,99,True,,2026-08-20
Foeniculum vulgare,Foeniculum vulgare,3034922,Foeniculum,Apiaceae,Apiales,Magnoliopsida,Tracheophyta,Plantae,ACCEPTED,EXACT,98,True,,2026-08-20
Fomes fomentarius,Fomes fomentarius,8068867,Fomes,Polyporaceae,Polyporales,Agaricomycetes,Basidiomycota,Fungi,ACCEPTED,EXACT,98,True,,2026-08-20
Fomes officinalis,Fomitopsis officinalis,2543474,Fomitopsis,Fomitopsidaceae,Polyporales,Agaricomycetes,Basidiomycota,Fungi,SYNONYM,EXACT,98,True,,2026-08-20
Forsythia koreana,Forsythia koreana,7325949,Forsythia,Oleaceae,Lamiales,Magnoliopsida,Tracheophyta,Plantae,ACCEPTED,EXACT,99,True,,2026-08-20
Forsythia suspensa,Forsythia suspensa,5415056,Forsythia,Oleaceae,Lamiales,Magnoliopsida,Tracheophyta,Plantae,ACCEPTED,EXACT,99,True,,2026-08-20
Forsythia viridissima,Forsythia viridissima,5415053,Forsythia,Oleaceae,Lamiales,Magnoliopsida,Tracheophyta,Plantae,ACCEPTED,EXACT,99,True,,2026-08-20
Fortunella japonica,Citrus japonica,3831801,Citrus,Rutaceae,Sapindales,Magnoliopsida,Tracheophyta,Plantae,SYNONYM,EXACT,98,True,,2026-08-20
Fortunella margarita,Citrus japonica,3831801,Citrus,Rutaceae,Sapindales,Magnoliopsida,Tracheophyta,Plantae,SYNONYM,EXACT,98,True,,2026-08-20
Fouquieria splendens,Fouquieria splendens,2927459,Fouquieria,Fouquieriaceae,Ericales,Magnoliopsida,Tracheophyta,Plantae,ACCEPTED,EXACT,99,True,,2026-08-20
Fragaria ananassa,Fragaria ananassa,3029912,Fragaria,Rosaceae,Rosales,Magnoliopsida,Tracheophyta,Plantae,ACCEPTED,EXACT,97,True,,2026-08-20
Fragaria chiloensis,Fragaria chiloensis,7738624,Fragaria,Rosaceae,Rosales,Magnoliopsida,Tracheophyta,Plantae,ACCEPTED,EXACT,97,True,,2026-08-20
Fragaria indica,,,Fragaria,Rosaceae,Rosales,,,Plantae,,HIGHERRANK,0,False,no_match:HIGHERRANK|genus_fallback,2026-08-20
Fragaria vesca,Fragaria vesca,3029817,Fragaria,Rosaceae,Rosales,Magnoliopsida,Tracheophyta,Plantae,ACCEPTED,EXACT,98,True,,2026-08-20
Fragaria virginiana,Fragaria virginiana,7950792,Fragaria,Rosaceae,Rosales,Magnoliopsida,Tracheophyta,Plantae,ACCEPTED,EXACT,97,True,,2026-08-20
Frangula alnus,Frangula alnus,3039454,Frangula,Rhamnaceae,Rosales,Magnoliopsida,Tracheophyta,Plantae,ACCEPTED,EXACT,99,True,,2026-08-20
Fraxinus chinensis,Fraxinus chinensis,3172325,Fraxinus,Oleaceae,Lamiales,Magnoliopsida,Tracheophyta,Plantae,ACCEPTED,EXACT,99,True,,2026-08-20
Fraxinus excelsior,Fraxinus excelsior,3172358,Fraxinus,Oleaceae,Lamiales,Magnoliopsida,Tracheophyta,Plantae,ACCEPTED,EXACT,97,True,,2026-08-20
Fraxinus ornus,Fraxinus ornus,3172347,Fraxinus,Oleaceae,Lamiales,Magnoliopsida,Tracheophyta,Plantae,ACCEPTED,EXACT,97,True,,2026-08-20
Fraxinus rhynchophylla,Fraxinus chinensis,3684429,Fraxinus,Oleaceae,Lamiales,Magnoliopsida,Tracheophyta,Plantae,SYNONYM,EXACT,98,True,,2026-08-20
Freesia alba,Freesia alba,8246227,Freesia,Iridaceae,Asparagales,Liliopsida,Tracheophyta,Plantae,ACCEPTED,EXACT,97,True,,2026-08-20
Freesia armstrongii,Freesia corymbosa,2747130,Freesia,Iridaceae,Asparagales,Liliopsida,Tracheophyta,Plantae,SYNONYM,EXACT,98,True,,2026-08-20
Freesia refracta,Freesia refracta,2747084,Freesia,Iridaceae,Asparagales,Liliopsida,Tracheophyta,Plantae,ACCEPTED,EXACT,99,True,,2026-08-20
Fritillaria thunbergii,Fritillaria thunbergii,5300784,Fritillaria,Liliaceae,Liliales,Liliopsida,Tracheophyta,Plantae,ACCEPTED,EXACT,99,True,,2026-08-20
Fritillaria ussuriensis,Fritillaria usuriensis,5662866,Fritillaria,Liliaceae,Liliales,Liliopsida,Tracheophyta,Plantae,ACCEPTED,FUZZY,96,True,,2026-08-20
Fritillaria verticillata,Fritillaria verticillata,5300495,Fritillaria,Liliaceae,Liliales,Liliopsida,Tracheophyta,Plantae,ACCEPTED,EXACT,98,True,,2026-08-20
Fucus crispus,,,Fucus,Fucaceae,Fucales,,,Chromista,,HIGHERRANK,0,False,no_match:HIGHERRANK|genus_fallback,2026-08-20
Fucus serratus,Fucus serratus,3196437,Fucus,Fucaceae,Fucales,Phaeophyceae,Ochrophyta,Chromista,ACCEPTED,EXACT,99,True,,2026-08-20
Fucus spiralis,Fucus spiralis,3196369,Fucus,Fucaceae,Fucales,Phaeophyceae,Ochrophyta,Chromista,ACCEPTED,EXACT,99,True,,2026-08-20
Fucus vesiculosus,Fucus vesiculosus,8222574,Fucus,Fucaceae,Fucales,Phaeophyceae,Ochrophyta,Chromista,ACCEPTED,EXACT,99,True,,2026-08-20
Fumaria officinalis,Fumaria officinalis,5334217,Fumaria,Papaveraceae,Ranunculales,Magnoliopsida,Tracheophyta,Plantae,ACCEPTED,EXACT,97,True,,2026-08-20
Fusanus spicatus,Santalum spicatum,3788877,Santalum,Santalaceae,Santalales,Magnoliopsida,Tracheophyta,Plantae,SYNONYM,EXACT,98,True,,2026-08-20
Gaillardia aristata,Gaillardia aristata,5387859,Gaillardia,Asteraceae,Asterales,Magnoliopsida,Tracheophyta,Plantae,ACCEPTED,EXACT,99,True,,2026-08-20
Galanthus nivalis,Galanthus nivalis,2855356,Galanthus,Amaryllidaceae,Asparagales,Liliopsida,Tracheophyta,Plantae,ACCEPTED,EXACT,98,True,,2026-08-20
Galaxaura rugosa,Galaxaura rugosa,2665285,Galaxaura,Galaxauraceae,Nemaliales,Florideophyceae,Rhodophyta,Plantae,ACCEPTED,EXACT,99,True,,2026-08-20
Galdieria sulphuraria,Galdieria sulphuraria,2668952,Galdieria,Galdieriaceae,Cyanidiales,Cyanidiophyceae,Rhodophyta,Plantae,ACCEPTED,EXACT,99,True,,2026-08-20
Galega officinalis,Galega officinalis,2975667,Galega,Fabaceae,Fabales,Magnoliopsida,Tracheophyta,Plantae,ACCEPTED,EXACT,99,True,,2026-08-20
Galenia africana,Aizoon africanum,9810425,Aizoon,Aizoaceae,Caryophyllales,Magnoliopsida,Tracheophyta,Plantae,SYNONYM,EXACT,98,True,,2026-08-20
Galeopsis segetum,Galeopsis segetum,5341308,Galeopsis,Lamiaceae,Lamiales,Magnoliopsida,Tracheophyta,Plantae,ACCEPTED,EXACT,97,True,,2026-08-20
Galeopsis tetrahit,Galeopsis tetrahit,5341300,Galeopsis,Lamiaceae,Lamiales,Magnoliopsida,Tracheophyta,Plantae,ACCEPTED,EXACT,99,True,,2026-08-20
Galium aparine,Galium aparine,2913548,Galium,Rubiaceae,Gentianales,Magnoliopsida,Tracheophyta,Plantae,ACCEPTED,EXACT,99,True,,2026-08-20
Galium odoratum,Galium odoratum,2914642,Galium,Rubiaceae,Gentianales,Magnoliopsida,Tracheophyta,Plantae,ACCEPTED,EXACT,99,True,,2026-08-20
Galium verum,Galium verum,9063248,Galium,Rubiaceae,Gentianales,Magnoliopsida,Tracheophyta,Plantae,ACCEPTED,EXACT,99,True,,2026-08-20
Ganoderma applanatum,Ganoderma applanatum,2549834,Ganoderma,Polyporaceae,Polyporales,Agaricomycetes,Basidiomycota,Fungi,ACCEPTED,EXACT,99,True,,2026-08-20
Ganoderma atrum,Ganoderma atrum,2549874,Ganoderma,Polyporaceae,Polyporales,Agaricomycetes,Basidiomycota,Fungi,ACCEPTED,EXACT,99,True,,2026-08-20
Ganoderma japonicum,Ganoderma lucidum,2549730,Ganoderma,Polyporaceae,Polyporales,Agaricomycetes,Basidiomycota,Fungi,SYNONYM,EXACT,98,True,,2026-08-20
Ganoderma lucidum,Ganoderma lucidum,2549730,Ganoderma,Polyporaceae,Polyporales,Agaricomycetes,Basidiomycota,Fungi,ACCEPTED,EXACT,99,True,,2026-08-20
Ganoderma neo-japonicum,Ganoderma neojaponicum,2549640,Ganoderma,Polyporaceae,Polyporales,Agaricomycetes,Basidiomycota,Fungi,ACCEPTED,FUZZY,96,True,,2026-08-20
Ganoderma sichuanense,Ganoderma sichuanense,2549668,Ganoderma,Polyporaceae,Polyporales,Agaricomycetes,Basidiomycota,Fungi,ACCEPTED,EXACT,99,True,,2026-08-20
Garcinia atroviridis,Garcinia atroviridis,3711121,Garcinia,Clusiaceae,Malpighiales,Magnoliopsida,Tracheophyta,Plantae,ACCEPTED,EXACT,97,True,,2026-08-20
Garcinia cambogia,,,Garcinia,Clusiaceae,Malpighiales,,,Plantae,,HIGHERRANK,0,False,no_match:HIGHERRANK|genus_fallback,2026-08-20
Garcinia hanburyi,Garcinia hanburyi,3189558,Garcinia,Clusiaceae,Malpighiales,Magnoliopsida,Tracheophyta,Plantae,ACCEPTED,EXACT,99,True,,2026-08-20
Garcinia humilis,Garcinia humilis,3714283,Garcinia,Clusiaceae,Malpighiales,Magnoliopsida,Tracheophyta,Plantae,ACCEPTED,EXACT,99,True,,2026-08-20
Garcinia indica,Garcinia indica,3189566,Garcinia,Clusiaceae,Malpighiales,Magnoliopsida,Tracheophyta,Plantae,ACCEPTED,EXACT,99,True,,2026-08-20
Garcinia kola,Garcinia kola,3189563,Garcinia,Clusiaceae,Malpighiales,Magnoliopsida,Tracheophyta,Plantae,ACCEPTED,EXACT,99,True,,2026-08-20
Garcinia mangostana,Garcinia mangostana,3189571,Garcinia,Clusiaceae,Malpighiales,Magnoliopsida,Tracheophyta,Plantae,ACCEPTED,EXACT,99,True,,2026-08-20
Garcinia subelliptica,Garcinia subelliptica,3712604,Garcinia,Clusiaceae,Malpighiales,Magnoliopsida,Tracheophyta,Plantae,ACCEPTED,EXACT,99,True,,2026-08-20
Gardenia florida,,,Gardenia,Rubiaceae,Gentianales,,,Plantae,,HIGHERRANK,0,False,no_match:HIGHERRANK|genus_fallback,2026-08-20
Gardenia jasminoides,Gardenia jasminoides,5335125,Gardenia,Rubiaceae,Gentianales,Magnoliopsida,Tracheophyta,Plantae,ACCEPTED,EXACT,98,True,,2026-08-20
Gardenia taitensis,Gardenia taitensis,5335073,Gardenia,Rubiaceae,Gentianales,Magnoliopsida,Tracheophyta,Plantae,ACCEPTED,EXACT,99,True,,2026-08-20
Gastrodia elata,Gastrodia elata,2813351,Gastrodia,Orchidaceae,Asparagales,Liliopsida,Tracheophyta,Plantae,ACCEPTED,EXACT,99,True,,2026-08-20
Gaultheria procumbens,Gaultheria procumbens,2882753,Gaultheria,Ericaceae,Ericales,Magnoliopsida,Tracheophyta,Plantae,ACCEPTED,EXACT,99,True,,2026-08-20
Gaylussacia baccata,Gaylussacia baccata,2882739,Gaylussacia,Ericaceae,Ericales,Magnoliopsida,Tracheophyta,Plantae,ACCEPTED,EXACT,99,True,,2026-08-20
Gelidiella acerosa,Gelidiella acerosa,2663047,Gelidiella,Gelidiellaceae,Gelidiales,Florideophyceae,Rhodophyta,Plantae,ACCEPTED,EXACT,99,True,,2026-08-20
Gelidium cartilagineum,Plocamium cartilagineum,5278595,Plocamium,Plocamiaceae,Plocamiales,Florideophyceae,Rhodophyta,Plantae,SYNONYM,EXACT,98,True,,2026-08-20
Genipa americana,Genipa americana,2895593,Genipa,Rubiaceae,Gentianales,Magnoliopsida,Tracheophyta,Plantae,ACCEPTED,EXACT,99,True,,2026-08-20
Genista tinctoria,Genista tinctoria,5347612,Genista,Fabaceae,Fabales,Magnoliopsida,Tracheophyta,Plantae,ACCEPTED,EXACT,99,True,,2026-08-20
Gentiana lutea,Gentiana lutea,3170040,Gentiana,Gentianaceae,Gentianales,Magnoliopsida,Tracheophyta,Plantae,ACCEPTED,EXACT,97,True,,2026-08-20
Gentiana prostrata,Gentiana prostrata,3170069,Gentiana,Gentianaceae,Gentianales,Magnoliopsida,Tracheophyta,Plantae,ACCEPTED,EXACT,97,True,,2026-08-20
Gentiana scabra,Gentiana scabra,7270205,Gentiana,Gentianaceae,Gentianales,Magnoliopsida,Tracheophyta,Plantae,ACCEPTED,EXACT,99,True,,2026-08-20
Gentiana urnula,Gentiana urnula,3839495,Gentiana,Gentianaceae,Gentianales,Magnoliopsida,Tracheophyta,Plantae,ACCEPTED,EXACT,99,True,,2026-08-20
Gentianella achalensis,Gentianella multicaulis,3841335,Gentianella,Gentianaceae,Gentianales,Magnoliopsida,Tracheophyta,Plantae,SYNONYM,EXACT,98,True,,2026-08-20
Gentianella alborosea,Gentianella alborosea,3844890,Gentianella,Gentianaceae,Gentianales,Magnoliopsida,Tracheophyta,Plantae,ACCEPTED,EXACT,99,True,,2026-08-20
Gentianella amarella,Gentianella amarella,8196434,Gentianella,Gentianaceae,Gentianales,Magnoliopsida,Tracheophyta,Plantae,ACCEPTED,EXACT,98,True,,2026-08-20
Gentianella florida,Gentianella florida,3842462,Gentianella,Gentianaceae,Gentianales,Magnoliopsida,Tracheophyta,Plantae,ACCEPTED,EXACT,99,True,,2026-08-20
Gentianella parviflora,Gentianella parviflora,3841046,Gentianella,Gentianaceae,Gentianales,Magnoliopsida,Tracheophyta,Plantae,ACCEPTED,EXACT,99,True,,2026-08-20
Gentianella riojae,Gentianella riojae,3840414,Gentianella,Gentianaceae,Gentianales,Magnoliopsida,Tracheophyta,Plantae,ACCEPTED,EXACT,97,True,,2026-08-20
Gephyrocapsa oceanica,Gephyrocapsa oceanica,3202309,Gephyrocapsa,Noelaerhabdaceae,Isochrysidales,Prymnesiophyceae,Haptophyta,Chromista,ACCEPTED,EXACT,98,True,,2026-08-20
Geraea canescens,Geraea canescens,3091936,Geraea,Asteraceae,Asterales,Magnoliopsida,Tracheophyta,Plantae,ACCEPTED,EXACT,99,True,,2026-08-20
Geranium cantabrigiense,Geranium cantabrigiense,2890995,Geranium,Geraniaceae,Geraniales,Magnoliopsida,Tracheophyta,Plantae,ACCEPTED,EXACT,99,True,,2026-08-20
Geranium macrorrhizum,Geranium macrorrhizum,2891079,Geranium,Geraniaceae,Geraniales,Magnoliopsida,Tracheophyta,Plantae,ACCEPTED,EXACT,99,True,,2026-08-20
Geranium maculatum,Geranium maculatum,7808016,Geranium,Geraniaceae,Geraniales,Magnoliopsida,Tracheophyta,Plantae,ACCEPTED,EXACT,97,True,,2026-08-20
Geranium nepalense,Geranium nepalense,2890266,Geranium,Geraniaceae,Geraniales,Magnoliopsida,Tracheophyta,Plantae,ACCEPTED,EXACT,99,True,,2026-08-20
Geranium robertianum,Geranium robertianum,2890668,Geranium,Geraniaceae,Geraniales,Magnoliopsida,Tracheophyta,Plantae,ACCEPTED,EXACT,99,True,,2026-08-20
Geranium sibiricum,Geranium sibiricum,2891583,Geranium,Geraniaceae,Geraniales,Magnoliopsida,Tracheophyta,Plantae,ACCEPTED,EXACT,99,True,,2026-08-20
Geranium sylvaticum,Geranium sylvaticum,2891147,Geranium,Geraniaceae,Geraniales,Magnoliopsida,Tracheophyta,Plantae,ACCEPTED,EXACT,98,True,,2026-08-20
Geranium thunbergii,Geranium thunbergii,2891266,Geranium,Geraniaceae,Geraniales,Magnoliopsida,Tracheophyta,Plantae,ACCEPTED,EXACT,97,True,,2026-08-20
Geum aleppicum,Geum aleppicum,5369685,Geum,Rosaceae,Rosales,Magnoliopsida,Tracheophyta,Plantae,ACCEPTED,EXACT,99,True,,2026-08-20
Geum rivale,Geum rivale,5369701,Geum,Rosaceae,Rosales,Magnoliopsida,Tracheophyta,Plantae,ACCEPTED,EXACT,97,True,,2026-08-20
Geum urbanum,Geum urbanum,5369652,Geum,Rosaceae,Rosales,Magnoliopsida,Tracheophyta,Plantae,ACCEPTED,EXACT,97,True,,2026-08-20
Gevuina avellana,Gevuina avellana,3996031,Gevuina,Proteaceae,Proteales,Magnoliopsida,Tracheophyta,Plantae,ACCEPTED,EXACT,99,True,,2026-08-20
Gigartina stellata,Mastocarpus stellatus,2667288,Mastocarpus,Phyllophoraceae,Gigartinales,Florideophyceae,Rhodophyta,Plantae,SYNONYM,EXACT,98,True,,2026-08-20
Ginkgo biloba,Ginkgo biloba,2687885,Ginkgo,Ginkgoaceae,Ginkgoales,Ginkgoopsida,Tracheophyta,Plantae,ACCEPTED,EXACT,99,True,,2026-08-20
Glandularia tenera,Verbena tenera,2925614,Verbena,Verbenaceae,Lamiales,Magnoliopsida,Tracheophyta,Plantae,SYNONYM,EXACT,98,True,,2026-08-20
Glaucium flavum,Glaucium flavum,5334190,Glaucium,Papaveraceae,Ranunculales,Magnoliopsida,Tracheophyta,Plantae,ACCEPTED,EXACT,99,True,,2026-08-20
Glechoma hederacea,Glechoma hederacea,2926557,Glechoma,Lamiaceae,Lamiales,Magnoliopsida,Tracheophyta,Plantae,ACCEPTED,EXACT,99,True,,2026-08-20
Gleditsia australis,Gleditsia australis,2959479,Gleditsia,Fabaceae,Fabales,Magnoliopsida,Tracheophyta,Plantae,ACCEPTED,EXACT,99,True,,2026-08-20
Gleditsia fera,Gleditsia fera,2959501,Gleditsia,Fabaceae,Fabales,Magnoliopsida,Tracheophyta,Plantae,ACCEPTED,EXACT,99,True,,2026-08-20
Gleditsia japonica,Gleditsia japonica,2959514,Gleditsia,Fabaceae,Fabales,Magnoliopsida,Tracheophyta,Plantae,ACCEPTED,EXACT,97,True,,2026-08-20
Gleditsia triacanthos,Gleditsia triacanthos,2959443,Gleditsia,Fabaceae,Fabales,Magnoliopsida,Tracheophyta,Plantae,ACCEPTED,EXACT,99,True,,2026-08-20
Glehnia littoralis,Glehnia littoralis,8404220,Glehnia,Apiaceae,Apiales,Magnoliopsida,Tracheophyta,Plantae,ACCEPTED,EXACT,98,True,,2026-08-20
Gliricidia sepium,Gliricidia sepium,8082978,Gliricidia,Fabaceae,Fabales,Magnoliopsida,Tracheophyta,Plantae,ACCEPTED,EXACT,97,True,,2026-08-20
Globularia cordifolia,Globularia cordifolia,7265184,Globularia,Plantaginaceae,Lamiales,Magnoliopsida,Tracheophyta,Plantae,ACCEPTED,EXACT,99,True,,2026-08-20
Gloiopeltis furcata,Gloiopeltis furcata,2667621,Gloiopeltis,Endocladiaceae,Gigartinales,Florideophyceae,Rhodophyta,Plantae,ACCEPTED,EXACT,99,True,,2026-08-20
Gloiopeltis tenax,Gloiopeltis tenax,7796510,Gloiopeltis,Endocladiaceae,Gigartinales,Florideophyceae,Rhodophyta,Plantae,ACCEPTED,EXACT,97,True,,2026-08-20
Glossocardia bidens,Glossocardia bidens,5390273,Glossocardia,Asteraceae,Asterales,Magnoliopsida,Tracheophyta,Plantae,ACCEPTED,EXACT,99,True,,2026-08-20
Glycine max,Glycine max,5359660,Glycine,Fabaceae,Fabales,Magnoliopsida,Tracheophyta,Plantae,ACCEPTED,EXACT,99,True,,2026-08-20
Glycine soja,Glycine max,5359662,Glycine,Fabaceae,Fabales,Magnoliopsida,Tracheophyta,Plantae,SYNONYM,EXACT,97,True,,2026-08-20
Glycine tomentella,Glycine tomentella,5359655,Glycine,Fabaceae,Fabales,Magnoliopsida,Tracheophyta,Plantae,ACCEPTED,EXACT,99,True,,2026-08-20
Glycyrrhiza glabra,Glycyrrhiza glabra,2965732,Glycyrrhiza,Fabaceae,Fabales,Magnoliopsida,Tracheophyta,Plantae,ACCEPTED,EXACT,98,True,,2026-08-20
Glycyrrhiza inflata,Glycyrrhiza inflata,2965745,Glycyrrhiza,Fabaceae,Fabales,Magnoliopsida,Tracheophyta,Plantae,ACCEPTED,EXACT,99,True,,2026-08-20
Glycyrrhiza pallidiflora,Glycyrrhiza pallidiflora,2965741,Glycyrrhiza,Fabaceae,Fabales,Magnoliopsida,Tracheophyta,Plantae,ACCEPTED,EXACT,99,True,,2026-08-20
Glycyrrhiza uralensis,Glycyrrhiza uralensis,7861283,Glycyrrhiza,Fabaceae,Fabales,Magnoliopsida,Tracheophyta,Plantae,ACCEPTED,EXACT,98,True,,2026-08-20
Gmelina arborea,Gmelina arborea,8247889,Gmelina,Lamiaceae,Lamiales,Magnoliopsida,Tracheophyta,Plantae,ACCEPTED,EXACT,98,True,,2026-08-20
Gnaphalium affine,,,Gnaphalium,Asteraceae,Asterales,,,Plantae,,HIGHERRANK,0,False,no_match:HIGHERRANK|genus_fallback,2026-08-20
Gnaphalium leontopodium,Gnaphalium leontopodium,8013777,Gnaphalium,Asteraceae,Asterales,Magnoliopsida,Tracheophyta,Plantae,ACCEPTED,EXACT,97,True,,2026-08-20
Gnaphalium polycephalum,,,Gnaphalium,Asteraceae,Asterales,,,Plantae,,HIGHERRANK,0,False,no_match:HIGHERRANK|genus_fallback,2026-08-20
Gnetum gnemon,Gnetum gnemon,2653133,Gnetum,Gnetaceae,Gnetales,Gnetopsida,Tracheophyta,Plantae,ACCEPTED,EXACT,99,True,,2026-08-20
Gomphrena globosa,Gomphrena globosa,3084908,Gomphrena,Amaranthaceae,Caryophyllales,Magnoliopsida,Tracheophyta,Plantae,ACCEPTED,EXACT,99,True,,2026-08-20
Gomphrena officinalis,Gomphrena arborescens,7375894,Gomphrena,Amaranthaceae,Caryophyllales,Magnoliopsida,Tracheophyta,Plantae,SYNONYM,EXACT,98,True,,2026-08-20
Gossypium arboreum,Gossypium arboreum,3152663,Gossypium,Malvaceae,Malvales,Magnoliopsida,Tracheophyta,Plantae,ACCEPTED,EXACT,97,True,,2026-08-20
Gossypium herbaceum,Gossypium herbaceum,3152658,Gossypium,Malvaceae,Malvales,Magnoliopsida,Tracheophyta,Plantae,ACCEPTED,EXACT,99,True,,2026-08-20
Gossypium hirsutum,Gossypium hirsutum,3152661,Gossypium,Malvaceae,Malvales,Magnoliopsida,Tracheophyta,Plantae,ACCEPTED,EXACT,97,True,,2026-08-20
Gossypium spp,,,Gossypium,Malvaceae,Malvales,,,Plantae,,HIGHERRANK,0,False,no_match:HIGHERRANK|genus_fallback,2026-08-20
Gracilaria conferta,Gracilaria conferta,5278903,Gracilaria,Gracilariaceae,Gracilariales,Florideophyceae,Rhodophyta,Plantae,ACCEPTED,EXACT,99,True,,2026-08-20
Graptopetalum paraguayense,Graptopetalum paraguayense,7334731,Graptopetalum,Crassulaceae,Saxifragales,Magnoliopsida,Tracheophyta,Plantae,ACCEPTED,EXACT,98,True,,2026-08-20
Grateloupia elliptica,Grateloupia elliptica,2658903,Grateloupia,Halymeniaceae,Halymeniales,Florideophyceae,Rhodophyta,Plantae,ACCEPTED,EXACT,99,True,,2026-08-20
Grateloupia sparsa,,,,,,,,,,NONE,0,False,no_match:NONE,2026-08-20
Grevillea robusta,Grevillea robusta,2891791,Grevillea,Proteaceae,Proteales,Magnoliopsida,Tracheophyta,Plantae,ACCEPTED,EXACT,98,True,,2026-08-20
Grevillea speciosa,Grevillea speciosa,10516177,Grevillea,Proteaceae,Proteales,Magnoliopsida,Tracheophyta,Plantae,ACCEPTED,EXACT,97,True,,2026-08-20
Greyia flanaganii,Greyia flanaganii,3750353,Greyia,Francoaceae,Geraniales,Magnoliopsida,Tracheophyta,Plantae,ACCEPTED,EXACT,99,True,,2026-08-20
Greyia radlkoferi,Greyia radlkoferi,3750354,Greyia,Francoaceae,Geraniales,Magnoliopsida,Tracheophyta,Plantae,ACCEPTED,EXACT,99,True,,2026-08-20
Griffonia simplicifolia,Griffonia simplicifolia,5349428,Griffonia,Fabaceae,Fabales,Magnoliopsida,Tracheophyta,Plantae,ACCEPTED,EXACT,99,True,,2026-08-20
Grifola frondosa,Grifola frondosa,2540800,Grifola,Grifolaceae,Polyporales,Agaricomycetes,Basidiomycota,Fungi,ACCEPTED,EXACT,99,True,,2026-08-20
Grindelia camporum,Grindelia hirsutula,3146233,Grindelia,Asteraceae,Asterales,Magnoliopsida,Tracheophyta,Plantae,SYNONYM,EXACT,98,True,,2026-08-20
Grindelia humilis,Grindelia hirsutula,3146233,Grindelia,Asteraceae,Asterales,Magnoliopsida,Tracheophyta,Plantae,SYNONYM,EXACT,98,True,,2026-08-20
Grindelia robusta,Grindelia hirsutula,3146233,Grindelia,Asteraceae,Asterales,Magnoliopsida,Tracheophyta,Plantae,SYNONYM,EXACT,98,True,,2026-08-20
Guaiacum officinale,Guaiacum officinale,3986813,Guaiacum,Zygophyllaceae,Zygophyllales,Magnoliopsida,Tracheophyta,Plantae,ACCEPTED,EXACT,99,True,,2026-08-20
Guaiacum sanctum,Guaiacum sanctum,3189908,Guaiacum,Zygophyllaceae,Zygophyllales,Magnoliopsida,Tracheophyta,Plantae,ACCEPTED,EXACT,99,True,,2026-08-20
Guazuma ulmifolia,Guazuma ulmifolia,3152195,Guazuma,Malvaceae,Malvales,Magnoliopsida,Tracheophyta,Plantae,ACCEPTED,EXACT,98,True,,2026-08-20
Guizotia abyssinica,Guizotia abyssinica,8584304,Guizotia,Asteraceae,Asterales,Magnoliopsida,Tracheophyta,Plantae,ACCEPTED,EXACT,99,True,,2026-08-20
Gymnanthemum amygdalinum,Gymnanthemum amygdalinum,3130899,Gymnanthemum,Asteraceae,Asterales,Magnoliopsida,Tracheophyta,Plantae,ACCEPTED,EXACT,97,True,,2026-08-20
Gymnaster savatieri,Miyamayomena savatieri,3149495,Miyamayomena,Asteraceae,Asterales,Magnoliopsida,Tracheophyta,Plantae,SYNONYM,EXACT,98,True,,2026-08-20
Gymnema sylvestre,Gymnema sylvestre,8040540,Gymnema,Apocynaceae,Gentianales,Magnoliopsida,Tracheophyta,Plantae,ACCEPTED,EXACT,97,True,,2026-08-20
Gynostemma pentaphyllum,Gynostemma pentaphyllum,7317960,Gynostemma,Cucurbitaceae,Cucurbitales,Magnoliopsida,Tracheophyta,Plantae,ACCEPTED,EXACT,99,True,,2026-08-20
Gynura bicolor,Gynura bicolor,3139958,Gynura,Asteraceae,Asterales,Magnoliopsida,Tracheophyta,Plantae,ACCEPTED,EXACT,99,True,,2026-08-20
Gynura procumbens,Gynura procumbens,3139818,Gynura,Asteraceae,Asterales,Magnoliopsida,Tracheophyta,Plantae,ACCEPTED,EXACT,99,True,,2026-08-20
Gypsophila paniculata,Gypsophila paniculata,5384458,Gypsophila,Caryophyllaceae,Caryophyllales,Magnoliopsida,Tracheophyta,Plantae,ACCEPTED,EXACT,99,True,,2026-08-20
Haberlea rhodopensis,Haberlea rhodopensis,6365882,Haberlea,Gesneriaceae,Lamiales,Magnoliopsida,Tracheophyta,Plantae,ACCEPTED,EXACT,99,True,,2026-08-20
Haematococcus pluvialis,Haematococcus lacustris,5271011,Haematococcus,Haematococcaceae,Volvocales,Chlorophyceae,Chlorophyta,Plantae,SYNONYM,EXACT,98,True,,2026-08-20
Haematoxylum brasiletto,Haematoxylum brasiletto,2950907,Haematoxylum,Fabaceae,Fabales,Magnoliopsida,Tracheophyta,Plantae,ACCEPTED,EXACT,99,True,,2026-08-20
Haematoxylum campechianum,Haematoxylum campechianum,2950903,Haematoxylum,Fabaceae,Fabales,Magnoliopsida,Tracheophyta,Plantae,ACCEPTED,EXACT,99,True,,2026-08-20
Halomonas elongata,Halomonas elongata,3222126,Halomonas,Halomonadaceae,Pseudomonadales,Gammaproteobacteria,Proteobacteria,Bacteria,ACCEPTED,EXACT,99,True,,2026-08-20
Halopteris scoparia,Halopteris scoparia,5423685,Halopteris,Stypocaulaceae,Sphacelariales,Phaeophyceae,Ochrophyta,Chromista,ACCEPTED,EXACT,99,True,,2026-08-20
Hamamelis virginiana,Hamamelis virginiana,3152827,Hamamelis,Hamamelidaceae,Saxifragales,Magnoliopsida,Tracheophyta,Plantae,ACCEPTED,EXACT,99,True,,2026-08-20
Harpagophytum procumbens,Harpagophytum procumbens,3585335,Harpagophytum,Pedaliaceae,Lamiales,Magnoliopsida,Tracheophyta,Plantae,ACCEPTED,EXACT,97,True,,2026-08-20
Harungana madagascariensis,Harungana madagascariensis,3711847,Harungana,Hypericaceae,Malpighiales,Magnoliopsida,Tracheophyta,Plantae,ACCEPTED,EXACT,99,True,,2026-08-20
Haslea ostrearia,Vibrio ostrearius,7697647,Vibrio,,,Bacillariophyceae,Ochrophyta,Chromista,SYNONYM,EXACT,98,True,,2026-08-20
Havardia mexicana,Havardia mexicana,2933840,Havardia,Fabaceae,Fabales,Magnoliopsida,Tracheophyta,Plantae,ACCEPTED,EXACT,99,True,,2026-08-20
Hay herb,,,,,,,,,,NONE,0,False,no_match:NONE,2026-08-20
Hedeoma pulegioides,Hedeoma pulegioides,2926704,Hedeoma,Lamiaceae,Lamiales,Magnoliopsida,Tracheophyta,Plantae,ACCEPTED,EXACT,99,True,,2026-08-20
Hedera helix,Hedera helix,8351737,Hedera,Araliaceae,Apiales,Magnoliopsida,Tracheophyta,Plantae,ACCEPTED,EXACT,97,True,,2026-08-20
Hedera rhombea,Hedera rhombea,3036022,Hedera,Araliaceae,Apiales,Magnoliopsida,Tracheophyta,Plantae,ACCEPTED,EXACT,97,True,,2026-08-20
Hedychium coronarium,Hedychium coronarium,7883492,Hedychium,Zingiberaceae,Zingiberales,Liliopsida,Tracheophyta,Plantae,ACCEPTED,EXACT,99,True,,2026-08-20
Hedychium flavescens,Hedychium flavescens,2758601,Hedychium,Zingiberaceae,Zingiberales,Liliopsida,Tracheophyta,Plantae,ACCEPTED,EXACT,97,True,,2026-08-20
Hedychium spicatum,Hedychium spicatum,2758631,Hedychium,Zingiberaceae,Zingiberales,Liliopsida,Tracheophyta,Plantae,ACCEPTED,EXACT,97,True,,2026-08-20
Hedysarum alhagi,Alhagi maurorum,2945092,Alhagi,Fabaceae,Fabales,Magnoliopsida,Tracheophyta,Plantae,SYNONYM,EXACT,98,True,,2026-08-20
Helianthemum nummularium,Helianthemum nummularium,8890062,Helianthemum,Cistaceae,Malvales,Magnoliopsida,Tracheophyta,Plantae,ACCEPTED,EXACT,97,True,,2026-08-20
Helianthus annuus,Helianthus annuus,9206251,Helianthus,Asteraceae,Asterales,Magnoliopsida,Tracheophyta,Plantae,ACCEPTED,EXACT,99,True,,2026-08-20
Helianthus tuberosus,Helianthus tuberosus,3119175,Helianthus,Asteraceae,Asterales,Magnoliopsida,Tracheophyta,Plantae,ACCEPTED,EXACT,98,True,,2026-08-20
Helichrysum angustifolium,Helichrysum angustifolium,7968420,Helichrysum,Asteraceae,Asterales,Magnoliopsida,Tracheophyta,Plantae,ACCEPTED,EXACT,97,True,,2026-08-20
Helichrysum arenarium,Helichrysum arenarium,3131809,Helichrysum,Asteraceae,Asterales,Magnoliopsida,Tracheophyta,Plantae,ACCEPTED,EXACT,97,True,,2026-08-20
Helichrysum gymnocephalum,Helichrysum gymnocephalum,3131888,Helichrysum,Asteraceae,Asterales,Magnoliopsida,Tracheophyta,Plantae,ACCEPTED,EXACT,99,True,,2026-08-20
Helichrysum italicum,Helichrysum italicum,3131614,Helichrysum,Asteraceae,Asterales,Magnoliopsida,Tracheophyta,Plantae,ACCEPTED,EXACT,98,True,,2026-08-20
Helichrysum odoratissimum,Helichrysum odoratissimum,3131161,Helichrysum,Asteraceae,Asterales,Magnoliopsida,Tracheophyta,Plantae,ACCEPTED,EXACT,97,True,,2026-08-20
Helichrysum orientale,Helichrysum orientale,7874546,Helichrysum,Asteraceae,Asterales,Magnoliopsida,Tracheophyta,Plantae,ACCEPTED,EXACT,98,True,,2026-08-20
Helichrysum stoechas,Helichrysum stoechas,3131494,Helichrysum,Asteraceae,Asterales,Magnoliopsida,Tracheophyta,Plantae,ACCEPTED,EXACT,97,True,,2026-08-20
Heliconia rostrata,Heliconia rostrata,2760967,Heliconia,Heliconiaceae,Zingiberales,Liliopsida,Tracheophyta,Plantae,ACCEPTED,EXACT,99,True,,2026-08-20
Hemerocallis fulva,Hemerocallis fulva,2781074,Hemerocallis,Asphodelaceae,Asparagales,Liliopsida,Tracheophyta,Plantae,ACCEPTED,EXACT,99,True,,2026-08-20
Hemidesmus indicus,Hemidesmus indicus,8125676,Hemidesmus,Apocynaceae,Gentianales,Magnoliopsida,Tracheophyta,Plantae,ACCEPTED,EXACT,97,True,,2026-08-20
Hemistepta lyrata,Hemistepta lyrata,3088595,Saussurea,Asteraceae,Asterales,Magnoliopsida,Tracheophyta,Plantae,ACCEPTED,EXACT,99,True,,2026-08-20
Heptacodium miconioides,Heptacodium miconioides,3855518,Heptacodium,Caprifoliaceae,Dipsacales,Magnoliopsida,Tracheophyta,Plantae,ACCEPTED,EXACT,99,True,,2026-08-20
Heracleum moellendorffii,Heracleum moellendorffii,6026332,Heracleum,Apiaceae,Apiales,Magnoliopsida,Tracheophyta,Plantae,ACCEPTED,EXACT,99,True,,2026-08-20
Heracleum sphondylium,Heracleum sphondylium,3034830,Heracleum,Apiaceae,Apiales,Magnoliopsida,Tracheophyta,Plantae,ACCEPTED,EXACT,97,True,,2026-08-20
Herniaria glabra,Herniaria glabra,3085798,Herniaria,Caryophyllaceae,Caryophyllales,Magnoliopsida,Tracheophyta,Plantae,ACCEPTED,EXACT,99,True,,2026-08-20
Hesperethusa crenulata,Naringi crenulata,3836590,Naringi,Rutaceae,Sapindales,Magnoliopsida,Tracheophyta,Plantae,SYNONYM,EXACT,97,True,,2026-08-20
Hesperis sibirica,Hesperis sibirica,3042197,Hesperis,Brassicaceae,Brassicales,Magnoliopsida,Tracheophyta,Plantae,ACCEPTED,EXACT,97,True,,2026-08-20
Heteropanax fragrans,Heteropanax fragrans,3036460,Heteropanax,Araliaceae,Apiales,Magnoliopsida,Tracheophyta,Plantae,ACCEPTED,EXACT,99,True,,2026-08-20
Heteropyxis natalensis,Heteropyxis natalensis,5418504,Heteropyxis,Myrtaceae,Myrtales,Magnoliopsida,Tracheophyta,Plantae,ACCEPTED,EXACT,99,True,,2026-08-20
Heterotheca inuloides,Heterotheca inuloides,5401982,Heterotheca,Asteraceae,Asterales,Magnoliopsida,Tracheophyta,Plantae,ACCEPTED,EXACT,97,True,,2026-08-20
Hevea brasiliensis,Hevea brasiliensis,3071171,Hevea,Euphorbiaceae,Malpighiales,Magnoliopsida,Tracheophyta,Plantae,ACCEPTED,EXACT,99,True,,2026-08-20
Hibbertia scandens,Hibbertia scandens,8129928,Hibbertia,Dilleniaceae,Dilleniales,Magnoliopsida,Tracheophyta,Plantae,ACCEPTED,EXACT,97,True,,2026-08-20
Hibiscus abelmoschus,Abelmoschus moschatus,10045372,Abelmoschus,Malvaceae,Malvales,Magnoliopsida,Tracheophyta,Plantae,SYNONYM,EXACT,98,True,,2026-08-20
Hibiscus cannabinus,Hibiscus cannabinus,3152547,Hibiscus,Malvaceae,Malvales,Magnoliopsida,Tracheophyta,Plantae,ACCEPTED,EXACT,97,True,,2026-08-20
Hibiscus esculentus,Abelmoschus esculentus,3152707,Abelmoschus,Malvaceae,Malvales,Magnoliopsida,Tracheophyta,Plantae,SYNONYM,EXACT,98,True,,2026-08-20
Hibiscus hamabo,Talipariti hamabo,3937028,Talipariti,Malvaceae,Malvales,Magnoliopsida,Tracheophyta,Plantae,SYNONYM,EXACT,98,True,,2026-08-20
Hibiscus makinoi,Hibiscus makinoi,3935712,Hibiscus,Malvaceae,Malvales,Magnoliopsida,Tracheophyta,Plantae,ACCEPTED,EXACT,99,True,,2026-08-20
Hibiscus militaris,Hibiscus laevis,3152576,Hibiscus,Malvaceae,Malvales,Magnoliopsida,Tracheophyta,Plantae,SYNONYM,EXACT,98,True,,2026-08-20
Hibiscus mutabilis,Hibiscus mutabilis,3152555,Hibiscus,Malvaceae,Malvales,Magnoliopsida,Tracheophyta,Plantae,ACCEPTED,EXACT,99,True,,2026-08-20
Hibiscus rosa-sinensis,Hibiscus rosa-sinensis,3152559,Hibiscus,Malvaceae,Malvales,Magnoliopsida,Tracheophyta,Plantae,ACCEPTED,EXACT,99,True,,2026-08-20
Hibiscus sabdariffa,Hibiscus sabdariffa,3152582,Hibiscus,Malvaceae,Malvales,Magnoliopsida,Tracheophyta,Plantae,ACCEPTED,EXACT,97,True,,2026-08-20
Hibiscus syriacus,Hibiscus syriacus,3152583,Hibiscus,Malvaceae,Malvales,Magnoliopsida,Tracheophyta,Plantae,ACCEPTED,EXACT,99,True,,2026-08-20
Hieracium pilosella,Pilosella officinarum,9458333,Pilosella,Asteraceae,Asterales,Magnoliopsida,Tracheophyta,Plantae,SYNONYM,EXACT,98,True,,2026-08-20
Hieracium umbellatum,Hieracium umbellatum,3135329,Hieracium,Asteraceae,Asterales,Magnoliopsida,Tracheophyta,Plantae,ACCEPTED,EXACT,97,True,,2026-08-20
Hierochloe alpina,Anthoxanthum monticola,4133679,Anthoxanthum,Poaceae,Poales,Liliopsida,Tracheophyta,Plantae,SYNONYM,EXACT,98,True,,2026-08-20
Hierochloe odorata,Anthoxanthum nitens,2703346,Anthoxanthum,Poaceae,Poales,Liliopsida,Tracheophyta,Plantae,SYNONYM,EXACT,97,True,,2026-08-20
Himanthalia elongata,Himanthalia elongata,3197836,Himanthalia,Himanthaliaceae,Fucales,Phaeophyceae,Ochrophyta,Chromista,ACCEPTED,EXACT,99,True,,2026-08-20
Hippophae rhamnoides,Hippophae rhamnoides,3039285,Hippophae,Elaeagnaceae,Rosales,Magnoliopsida,Tracheophyta,Plantae,ACCEPTED,EXACT,99,True,,2026-08-20
Hizikia fusiformis,,,Hizikia,Sargassaceae,Fucales,,,Chromista,,HIGHERRANK,0,False,no_match:HIGHERRANK|genus_fallback,2026-08-20
Holarrhena antidysenterica,,,Holarrhena,Apocynaceae,Gentianales,,,Plantae,,HIGHERRANK,0,False,no_match:HIGHERRANK|genus_fallback,2026-08-20
Hoodia gordonii,Hoodia gordonii,7956185,Hoodia,Apocynaceae,Gentianales,Magnoliopsida,Tracheophyta,Plantae,ACCEPTED,EXACT,97,True,,2026-08-20
Hordeum distichon,Hordeum distichon,8332019,Hordeum,Poaceae,Poales,Liliopsida,Tracheophyta,Plantae,ACCEPTED,EXACT,99,True,,2026-08-20
Hordeum vulgare,Hordeum vulgare,2706056,Hordeum,Poaceae,Poales,Liliopsida,Tracheophyta,Plantae,ACCEPTED,EXACT,99,True,,2026-08-20
Hortonia floribunda,Hortonia floribunda,5576439,Hortonia,Monimiaceae,Laurales,Magnoliopsida,Tracheophyta,Plantae,ACCEPTED,EXACT,97,True,,2026-08-20
Hosta capitata,Hosta capitata,2771276,Hosta,Asparagaceae,Asparagales,Liliopsida,Tracheophyta,Plantae,ACCEPTED,EXACT,99,True,,2026-08-20
Hosta longipes,Hosta longipes,2771258,Hosta,Asparagaceae,Asparagales,Liliopsida,Tracheophyta,Plantae,ACCEPTED,EXACT,97,True,,2026-08-20
Hottonia palustris,Hottonia palustris,4006551,Hottonia,Primulaceae,Ericales,Magnoliopsida,Tracheophyta,Plantae,ACCEPTED,EXACT,98,True,,2026-08-20
Houttuynia cordata,Houttuynia cordata,5384931,Houttuynia,Saururaceae,Piperales,Magnoliopsida,Tracheophyta,Plantae,ACCEPTED,EXACT,99,True,,2026-08-20
Hovenia dulcis,Hovenia dulcis,3039410,Hovenia,Rhamnaceae,Rosales,Magnoliopsida,Tracheophyta,Plantae,ACCEPTED,EXACT,99,True,,2026-08-20
Hoya carnosa,Hoya carnosa,8658195,Hoya,Apocynaceae,Gentianales,Magnoliopsida,Tracheophyta,Plantae,ACCEPTED,EXACT,99,True,,2026-08-20
Hubertia ambavilla,Hubertia ambavilla,5699739,Hubertia,Asteraceae,Asterales,Magnoliopsida,Tracheophyta,Plantae,ACCEPTED,EXACT,99,True,,2026-08-20
Humulus japonicus,Humulus scandens,2984537,Humulus,Cannabaceae,Rosales,Magnoliopsida,Tracheophyta,Plantae,SYNONYM,EXACT,98,True,,2026-08-20
Humulus lupulus,Humulus lupulus,2984535,Humulus,Cannabaceae,Rosales,Magnoliopsida,Tracheophyta,Plantae,ACCEPTED,EXACT,97,True,,2026-08-20
Hyacinthoides non-scripta,Hyacinthoides non-scripta,5304283,Hyacinthoides,Asparagaceae,Asparagales,Liliopsida,Tracheophyta,Plantae,ACCEPTED,EXACT,97,True,,2026-08-20
Hyacinthus orientalis,Hyacinthus orientalis,2772666,Hyacinthus,Asparagaceae,Asparagales,Liliopsida,Tracheophyta,Plantae,ACCEPTED,EXACT,99,True,,2026-08-20
Hydnocarpus anthelminthicus,Hydnocarpus castaneus,3878251,Hydnocarpus,Achariaceae,Malpighiales,Magnoliopsida,Tracheophyta,Plantae,SYNONYM,EXACT,97,True,,2026-08-20
Hydrangea arborescens,Hydrangea arborescens,2985986,Hydrangea,Hydrangeaceae,Cornales,Magnoliopsida,Tracheophyta,Plantae,ACCEPTED,EXACT,97,True,,2026-08-20
Hydrangea macrophylla,Hydrangea macrophylla,2985994,Hydrangea,Hydrangeaceae,Cornales,Magnoliopsida,Tracheophyta,Plantae,ACCEPTED,EXACT,99,True,,2026-08-20
Hydrangea paniculata,Hydrangea paniculata,2985995,Hydrangea,Hydrangeaceae,Cornales,Magnoliopsida,Tracheophyta,Plantae,ACCEPTED,EXACT,97,True,,2026-08-20
Hydrangea serrata,Hydrangea serrata,7319016,Hydrangea,Hydrangeaceae,Cornales,Magnoliopsida,Tracheophyta,Plantae,ACCEPTED,EXACT,99,True,,2026-08-20
Hydrastis canadensis,Hydrastis canadensis,3033110,Hydrastis,Ranunculaceae,Ranunculales,Magnoliopsida,Tracheophyta,Plantae,ACCEPTED,EXACT,97,True,,2026-08-20
Hylocereus costaricensis,Selenicereus costaricensis,10197024,Selenicereus,Cactaceae,Caryophyllales,Magnoliopsida,Tracheophyta,Plantae,SYNONYM,EXACT,98,True,,2026-08-20
Hylocereus undatus,Selenicereus undatus,10334868,Selenicereus,Cactaceae,Caryophyllales,Magnoliopsida,Tracheophyta,Plantae,SYNONYM,EXACT,98,True,,2026-08-20
Hymenaea courbaril,Hymenaea courbaril,2950750,Hymenaea,Fabaceae,Fabales,Magnoliopsida,Tracheophyta,Plantae,ACCEPTED,EXACT,99,True,,2026-08-20
Hypericum erectum,Hypericum erectum,7330122,Hypericum,Hypericaceae,Malpighiales,Magnoliopsida,Tracheophyta,Plantae,ACCEPTED,EXACT,97,True,,2026-08-20
Hypericum perforatum,Hypericum perforatum,3189486,Hypericum,Hypericaceae,Malpighiales,Magnoliopsida,Tracheophyta,Plantae,ACCEPTED,EXACT,99,True,,2026-08-20
Hypnea musciformis,Hypnea musciformis,9802728,Hypnea,Cystocloniaceae,Gigartinales,Florideophyceae,Rhodophyta,Plantae,ACCEPTED,EXACT,98,True,,2026-08-20
Hypochaeris radicata,Hypochaeris radicata,3093702,Hypochaeris,Asteraceae,Asterales,Magnoliopsida,Tracheophyta,Plantae,ACCEPTED,EXACT,99,True,,2026-08-20
Hypochoeris radicata,Hypochoeris radicata,7605771,Hypochoeris,Asteraceae,Asterales,Magnoliopsida,Tracheophyta,Plantae,ACCEPTED,EXACT,99,True,,2026-08-20
Hypoxis aurea,Hypoxis aurea,2852790,Hypoxis,Hypoxidaceae,Asparagales,Liliopsida,Tracheophyta,Plantae,ACCEPTED,EXACT,98,True,,2026-08-20
Hypoxis hemerocallidea,Hypoxis hemerocallidea,2852840,Hypoxis,Hypoxidaceae,Asparagales,Liliopsida,Tracheophyta,Plantae,ACCEPTED,EXACT,99,True,,2026-08-20
Hypoxis rooperi,Hypoxis hemerocallidea,2852840,Hypoxis,Hypoxidaceae,Asparagales,Liliopsida,Tracheophyta,Plantae,SYNONYM,EXACT,97,True,,2026-08-20
Hyptis suaveolens,Mesosphaerum suaveolens,3889017,Mesosphaerum,Lamiaceae,Lamiales,Magnoliopsida,Tracheophyta,Plantae,SYNONYM,EXACT,98,True,,2026-08-20
Hyssopus officinalis,Hyssopus officinalis,5341387,Hyssopus,Lamiaceae,Lamiales,Magnoliopsida,Tracheophyta,Plantae,ACCEPTED,EXACT,99,True,,2026-08-20
Ilex aquifolium,Ilex aquifolium,5414222,Ilex,Aquifoliaceae,Aquifoliales,Magnoliopsida,Tracheophyta,Plantae,ACCEPTED,EXACT,97,True,,2026-08-20
Ilex cornuta,Ilex cornuta,5414258,Ilex,Aquifoliaceae,Aquifoliales,Magnoliopsida,Tracheophyta,Plantae,ACCEPTED,EXACT,99,True,,2026-08-20
Ilex crenata,Ilex crenata,5414239,Ilex,Aquifoliaceae,Aquifoliales,Magnoliopsida,Tracheophyta,Plantae,ACCEPTED,EXACT,99,True,,2026-08-20
Ilex latifolia,Ilex latifolia,7315699,Ilex,Aquifoliaceae,Aquifoliales,Magnoliopsida,Tracheophyta,Plantae,ACCEPTED,EXACT,98,True,,2026-08-20
Ilex paraguariensis,Ilex paraguariensis,5414252,Ilex,Aquifoliaceae,Aquifoliales,Magnoliopsida,Tracheophyta,Plantae,ACCEPTED,EXACT,99,True,,2026-08-20
Ilex rotunda,Ilex rotunda,7154501,Ilex,Aquifoliaceae,Aquifoliales,Magnoliopsida,Tracheophyta,Plantae,ACCEPTED,EXACT,97,True,,2026-08-20
Illicium religiosum,Illicium anisatum,7314073,Illicium,Schisandraceae,Austrobaileyales,Magnoliopsida,Tracheophyta,Plantae,SYNONYM,EXACT,98,True,,2026-08-20
Illicium verum,Illicium verum,2889756,Illicium,Schisandraceae,Austrobaileyales,Magnoliopsida,Tracheophyta,Plantae,ACCEPTED,EXACT,99,True,,2026-08-20
Impatiens balsamina,Impatiens balsamina,2891773,Impatiens,Balsaminaceae,Ericales,Magnoliopsida,Tracheophyta,Plantae,ACCEPTED,EXACT,99,True,,2026-08-20
Impatiens capensis,Impatiens capensis,2891774,Impatiens,Balsaminaceae,Ericales,Magnoliopsida,Tracheophyta,Plantae,ACCEPTED,EXACT,97,True,,2026-08-20
Impatiens glandulifera,Impatiens glandulifera,2891770,Impatiens,Balsaminaceae,Ericales,Magnoliopsida,Tracheophyta,Plantae,ACCEPTED,EXACT,97,True,,2026-08-20
Indigofera argentea,Indigofera argentea,2971766,Indigofera,Fabaceae,Fabales,Magnoliopsida,Tracheophyta,Plantae,ACCEPTED,EXACT,97,True,,2026-08-20
Indigofera pseudotinctoria,Indigofera bungeana,2971649,Indigofera,Fabaceae,Fabales,Magnoliopsida,Tracheophyta,Plantae,SYNONYM,EXACT,98,True,,2026-08-20
Indigofera suffruticosa,Indigofera suffruticosa,2971774,Indigofera,Fabaceae,Fabales,Magnoliopsida,Tracheophyta,Plantae,ACCEPTED,EXACT,97,True,,2026-08-20
Inga alba,Inga alba,5358137,Inga,Fabaceae,Fabales,Magnoliopsida,Tracheophyta,Plantae,ACCEPTED,EXACT,99,True,,2026-08-20
Inga bourgoni,Inga bourgoni,5580442,Inga,Fabaceae,Fabales,Magnoliopsida,Tracheophyta,Plantae,ACCEPTED,EXACT,99,True,,2026-08-20
Inga edulis,Inga edulis,5357677,Inga,Fabaceae,Fabales,Magnoliopsida,Tracheophyta,Plantae,ACCEPTED,EXACT,99,True,,2026-08-20
Inonotus obliquus,Inonotus obliquus,2521089,Inonotus,Hymenochaetaceae,Hymenochaetales,Agaricomycetes,Basidiomycota,Fungi,ACCEPTED,EXACT,99,True,,2026-08-20
Inula britannica,Inula britannica,7502456,Inula,Asteraceae,Asterales,Magnoliopsida,Tracheophyta,Plantae,ACCEPTED,EXACT,97,True,,2026-08-20
Inula helenium,Inula helenium,3148340,Inula,Asteraceae,Asterales,Magnoliopsida,Tracheophyta,Plantae,ACCEPTED,EXACT,97,True,,2026-08-20
Inula racemosa,Inula racemosa,4933624,Inula,Asteraceae,Asterales,Magnoliopsida,Tracheophyta,Plantae,ACCEPTED,EXACT,99,True,,2026-08-20
Inula viscosa,Dittrichia viscosa,11182823,Dittrichia,Asteraceae,Asterales,Magnoliopsida,Tracheophyta,Plantae,SYNONYM,EXACT,98,True,,2026-08-20
Ipomoea aquatica,Ipomoea aquatica,2928525,Ipomoea,Convolvulaceae,Solanales,Magnoliopsida,Tracheophyta,Plantae,ACCEPTED,EXACT,99,True,,2026-08-20
Ipomoea batatas,Ipomoea batatas,2928551,Ipomoea,Convolvulaceae,Solanales,Magnoliopsida,Tracheophyta,Plantae,ACCEPTED,EXACT,97,True,,2026-08-20
Ipomoea bona-nox,Ipomoea alba,2928631,Ipomoea,Convolvulaceae,Solanales,Magnoliopsida,Tracheophyta,Plantae,SYNONYM,EXACT,98,True,,2026-08-20
Ipomoea digitata,Ipomoea digitata,8249252,Ipomoea,Convolvulaceae,Solanales,Magnoliopsida,Tracheophyta,Plantae,ACCEPTED,EXACT,97,True,,2026-08-20
Ipomoea hederacea,Ipomoea hederacea,2928538,Ipomoea,Convolvulaceae,Solanales,Magnoliopsida,Tracheophyta,Plantae,ACCEPTED,EXACT,97,True,,2026-08-20
Ipomoea nil,Ipomoea nil,2928534,Ipomoea,Convolvulaceae,Solanales,Magnoliopsida,Tracheophyta,Plantae,ACCEPTED,EXACT,97,True,,2026-08-20
Ipomoea pes-caprae,Ipomoea pes-caprae,7999386,Ipomoea,Convolvulaceae,Solanales,Magnoliopsida,Tracheophyta,Plantae,ACCEPTED,EXACT,97,True,,2026-08-20
Ipomoea purga,Ipomoea purga,2928628,Ipomoea,Convolvulaceae,Solanales,Magnoliopsida,Tracheophyta,Plantae,ACCEPTED,EXACT,97,True,,2026-08-20
Ipomoea purpurea,Ipomoea purpurea,2928576,Ipomoea,Convolvulaceae,Solanales,Magnoliopsida,Tracheophyta,Plantae,ACCEPTED,EXACT,97,True,,2026-08-20
Iresine weberbaueri,Pedersenia weberbaueri,3674915,Pedersenia,Amaranthaceae,Caryophyllales,Magnoliopsida,Tracheophyta,Plantae,SYNONYM,EXACT,98,True,,2026-08-20
Iris ensata,Iris ensata,5298900,Iris,Iridaceae,Asparagales,Liliopsida,Tracheophyta,Plantae,ACCEPTED,EXACT,99,True,,2026-08-20
Iris florentina,Iris florentina,5298079,Iris,Iridaceae,Asparagales,Liliopsida,Tracheophyta,Plantae,ACCEPTED,EXACT,98,True,,2026-08-20
Iris germanica,Iris germanica,5298069,Iris,Iridaceae,Asparagales,Liliopsida,Tracheophyta,Plantae,ACCEPTED,EXACT,97,True,,2026-08-20
Iris pallida,Iris pallida,5298086,Iris,Iridaceae,Asparagales,Liliopsida,Tracheophyta,Plantae,ACCEPTED,EXACT,97,True,,2026-08-20
Iris pseudacorus,Iris pseudacorus,5298231,Iris,Iridaceae,Asparagales,Liliopsida,Tracheophyta,Plantae,ACCEPTED,EXACT,99,True,,2026-08-20
Iris setosa,Iris setosa,5298796,Iris,Iridaceae,Asparagales,Liliopsida,Tracheophyta,Plantae,ACCEPTED,EXACT,98,True,,2026-08-20
Iris sibirica,Iris sibirica,5298126,Iris,Iridaceae,Asparagales,Liliopsida,Tracheophyta,Plantae,ACCEPTED,EXACT,99,True,,2026-08-20
Iris versicolor,Iris versicolor,5298019,Iris,Iridaceae,Asparagales,Liliopsida,Tracheophyta,Plantae,ACCEPTED,EXACT,97,True,,2026-08-20
Irvingia gabonensis,Irvingia gabonensis,5380976,Irvingia,Irvingiaceae,Malpighiales,Magnoliopsida,Tracheophyta,Plantae,ACCEPTED,EXACT,98,True,,2026-08-20
Isatis tinctoria,Isatis tinctoria,5374118,Isatis,Brassicaceae,Brassicales,Magnoliopsida,Tracheophyta,Plantae,ACCEPTED,EXACT,99,True,,2026-08-20
Ishige foliacea,Ishige sinicola,3199408,Ishige,Ishigeaceae,Ishigeales,Phaeophyceae,Ochrophyta,Chromista,SYNONYM,EXACT,98,True,,2026-08-20
Isochrysis galbana,Isochrysis galbana,3202307,Isochrysis,Isochrysidaceae,Isochrysidales,Prymnesiophyceae,Haptophyta,Chromista,ACCEPTED,EXACT,99,True,,2026-08-20
Isodon inflexus,Isodon inflexus,5608998,Isodon,Lamiaceae,Lamiales,Magnoliopsida,Tracheophyta,Plantae,ACCEPTED,EXACT,99,True,,2026-08-20
Isodon japonicus,Isodon japonicus,7308617,Isodon,Lamiaceae,Lamiales,Magnoliopsida,Tracheophyta,Plantae,ACCEPTED,EXACT,99,True,,2026-08-20
Isodon trichocarpus,Isodon trichocarpus,5608821,Isodon,Lamiaceae,Lamiales,Magnoliopsida,Tracheophyta,Plantae,ACCEPTED,EXACT,99,True,,2026-08-20
Ixeridium dentatum,Ixeridium dentatum,3100745,Ixeridium,Asteraceae,Asterales,Magnoliopsida,Tracheophyta,Plantae,ACCEPTED,EXACT,99,True,,2026-08-20
Jacaranda mimosifolia,Jacaranda mimosifolia,3172499,Jacaranda,Bignoniaceae,Lamiales,Magnoliopsida,Tracheophyta,Plantae,ACCEPTED,EXACT,99,True,,2026-08-20
Jacobaea vulgaris,Jacobaea vulgaris,5388602,Jacobaea,Asteraceae,Asterales,Magnoliopsida,Tracheophyta,Plantae,ACCEPTED,EXACT,97,True,,2026-08-20
Jasminum grandiflorum,Jasminum grandiflorum,3172262,Jasminum,Oleaceae,Lamiales,Magnoliopsida,Tracheophyta,Plantae,ACCEPTED,EXACT,99,True,,2026-08-20
Jasminum officinale,Jasminum officinale,3172261,Jasminum,Oleaceae,Lamiales,Magnoliopsida,Tracheophyta,Plantae,ACCEPTED,EXACT,99,True,,2026-08-20
Jasminum sambac,Jasminum sambac,7587215,Jasminum,Oleaceae,Lamiales,Magnoliopsida,Tracheophyta,Plantae,ACCEPTED,EXACT,98,True,,2026-08-20
Jatropha curcas,Jatropha curcas,3072953,Jatropha,Euphorbiaceae,Malpighiales,Magnoliopsida,Tracheophyta,Plantae,ACCEPTED,EXACT,98,True,,2026-08-20
Jatropha mahafalensis,Jatropha mahafalensis,3072979,Jatropha,Euphorbiaceae,Malpighiales,Magnoliopsida,Tracheophyta,Plantae,ACCEPTED,EXACT,99,True,,2026-08-20
Juglans mandshurica,Juglans mandshurica,4205640,Juglans,Juglandaceae,Fagales,Magnoliopsida,Tracheophyta,Plantae,ACCEPTED,EXACT,97,True,,2026-08-20
Juglans nigra,Juglans nigra,3054357,Juglans,Juglandaceae,Fagales,Magnoliopsida,Tracheophyta,Plantae,ACCEPTED,EXACT,97,True,,2026-08-20
Juglans regia,Juglans regia,3054368,Juglans,Juglandaceae,Fagales,Magnoliopsida,Tracheophyta,Plantae,ACCEPTED,EXACT,99,True,,2026-08-20
Juliana adstringens,Amphipterygium adstringens,3661100,Amphipterygium,Anacardiaceae,Sapindales,Magnoliopsida,Tracheophyta,Plantae,SYNONYM,FUZZY,84,True,,2026-08-20
Juncus decipiens,Juncus decipiens,2701143,Juncus,Juncaceae,Poales,Liliopsida,Tracheophyta,Plantae,ACCEPTED,EXACT,99,True,,2026-08-20
Juncus effusus,Juncus effusus,2701311,Juncus,Juncaceae,Poales,Liliopsida,Tracheophyta,Plantae,ACCEPTED,EXACT,98,True,,2026-08-20
Juniperus chinensis,Juniperus chinensis,2684363,Juniperus,Cupressaceae,Pinales,Pinopsida,Tracheophyta,Plantae,ACCEPTED,EXACT,97,True,,2026-08-20
Juniperus communis,Juniperus communis,2684709,Juniperus,Cupressaceae,Pinales,Pinopsida,Tracheophyta,Plantae,ACCEPTED,EXACT,97,True,,2026-08-20
Juniperus mexicana,Juniperus mexicana,8404345,Juniperus,Cupressaceae,Pinales,Pinopsida,Tracheophyta,Plantae,ACCEPTED,EXACT,97,True,,2026-08-20
Juniperus osteosperma,Juniperus osteosperma,2684818,Juniperus,Cupressaceae,Pinales,Pinopsida,Tracheophyta,Plantae,ACCEPTED,EXACT,99,True,,2026-08-20
Juniperus oxycedrus,Juniperus oxycedrus,2684451,Juniperus,Cupressaceae,Pinales,Pinopsida,Tracheophyta,Plantae,ACCEPTED,EXACT,98,True,,2026-08-20
Juniperus phoenicea,Juniperus phoenicea,2684640,Juniperus,Cupressaceae,Pinales,Pinopsida,Tracheophyta,Plantae,ACCEPTED,EXACT,97,True,,2026-08-20
Juniperus scopulorum,Juniperus scopulorum,2684773,Juniperus,Cupressaceae,Pinales,Pinopsida,Tracheophyta,Plantae,ACCEPTED,EXACT,99,True,,2026-08-20
Juniperus sibirica,Juniperus communis,2684743,Juniperus,Cupressaceae,Pinales,Pinopsida,Tracheophyta,Plantae,SYNONYM,EXACT,98,True,,2026-08-20
Juniperus spp,,,Juniperus,Cupressaceae,Pinales,,,Plantae,,HIGHERRANK,0,False,no_match:HIGHERRANK|genus_fallback,2026-08-20
Juniperus virginiana,Juniperus virginiana,2684391,Juniperus,Cupressaceae,Pinales,Pinopsida,Tracheophyta,Plantae,ACCEPTED,EXACT,98,True,,2026-08-20
Justicia adhatoda,Justicia adhatoda,3173105,Justicia,Acanthaceae,Lamiales,Magnoliopsida,Tracheophyta,Plantae,ACCEPTED,EXACT,97,True,,2026-08-20
Kadsura coccinea,Kadsura coccinea,7335142,Kadsura,Schisandraceae,Austrobaileyales,Magnoliopsida,Tracheophyta,Plantae,ACCEPTED,EXACT,99,True,,2026-08-20
Kadsura japonica,Kadsura japonica,7724877,Kadsura,Schisandraceae,Austrobaileyales,Magnoliopsida,Tracheophyta,Plantae,ACCEPTED,EXACT,98,True,,2026-08-20
Kaempferia galanga,Kaempferia galanga,5301451,Kaempferia,Zingiberaceae,Zingiberales,Liliopsida,Tracheophyta,Plantae,ACCEPTED,EXACT,99,True,,2026-08-20
Kaempferia parviflora,Kaempferia parviflora,5301424,Kaempferia,Zingiberaceae,Zingiberales,Liliopsida,Tracheophyta,Plantae,ACCEPTED,EXACT,98,True,,2026-08-20
Kalanchoe daigremontiana,Kalanchoe daigremontiana,2985936,Kalanchoe,Crassulaceae,Saxifragales,Magnoliopsida,Tracheophyta,Plantae,ACCEPTED,EXACT,99,True,,2026-08-20
Kalanchoe gastonis-bonnieri,Kalanchoe gastonis-bonnieri,2985946,Kalanchoe,Crassulaceae,Saxifragales,Magnoliopsida,Tracheophyta,Plantae,ACCEPTED,EXACT,99,True,,2026-08-20
Kalanchoe pinnata,Kalanchoe pinnata,2985930,Kalanchoe,Crassulaceae,Saxifragales,Magnoliopsida,Tracheophyta,Plantae,ACCEPTED,EXACT,99,True,,2026-08-20
Kalanchoe spathulata,,,Kalanchoe,Crassulaceae,Saxifragales,,,Plantae,,HIGHERRANK,0,False,no_match:HIGHERRANK|genus_fallback,2026-08-20
Kalopanax pictus,Kalopanax septemlobus,7065345,Kalopanax,Araliaceae,Apiales,Magnoliopsida,Tracheophyta,Plantae,SYNONYM,EXACT,98,True,,2026-08-20
Kappaphycus alvarezii,Kappaphycus alvarezii,2668059,Kappaphycus,Solieriaceae,Gigartinales,Florideophyceae,Rhodophyta,Plantae,ACCEPTED,EXACT,97,True,,2026-08-20
Kernel oil,,,,,,,,,,NONE,0,False,no_match:NONE,2026-08-20
Kerria japonica,Kerria japonica,5371450,Kerria,Rosaceae,Rosales,Magnoliopsida,Tracheophyta,Plantae,ACCEPTED,EXACT,99,True,,2026-08-20
Khaya senegalensis,Khaya senegalensis,3190508,Khaya,Meliaceae,Sapindales,Magnoliopsida,Tracheophyta,Plantae,ACCEPTED,EXACT,99,True,,2026-08-20
Kigelia africana,Kigelia africana,3172561,Kigelia,Bignoniaceae,Lamiales,Magnoliopsida,Tracheophyta,Plantae,ACCEPTED,EXACT,99,True,,2026-08-20
Kniphofia uvaria,Kniphofia uvaria,5305033,Kniphofia,Asphodelaceae,Asparagales,Liliopsida,Tracheophyta,Plantae,ACCEPTED,EXACT,97,True,,2026-08-20
Kochia scoparia,Bassia scoparia,5383936,Bassia,Amaranthaceae,Caryophyllales,Magnoliopsida,Tracheophyta,Plantae,SYNONYM,EXACT,98,True,,2026-08-20
Korthalsella japonica,Korthalsella japonica,7295730,Korthalsella,Viscaceae,Santalales,Magnoliopsida,Tracheophyta,Plantae,ACCEPTED,EXACT,99,True,,2026-08-20
Krameria cistoides,Krameria cistoidea,5687632,Krameria,Krameriaceae,Zygophyllales,Magnoliopsida,Tracheophyta,Plantae,SYNONYM,EXACT,98,True,,2026-08-20
Krameria triandra,Krameria lappacea,5687593,Krameria,Krameriaceae,Zygophyllales,Magnoliopsida,Tracheophyta,Plantae,SYNONYM,EXACT,98,True,,2026-08-20
Kummerowia striata,Kummerowia striata,5352523,Kummerowia,Fabaceae,Fabales,Magnoliopsida,Tracheophyta,Plantae,ACCEPTED,EXACT,99,True,,2026-08-20
Kunzea ambigua,Kunzea ambigua,5420044,Kunzea,Myrtaceae,Myrtales,Magnoliopsida,Tracheophyta,Plantae,ACCEPTED,EXACT,98,True,,2026-08-20
Kunzea ericoides,Kunzea ericoides,5419997,Kunzea,Myrtaceae,Myrtales,Magnoliopsida,Tracheophyta,Plantae,ACCEPTED,EXACT,97,True,,2026-08-20
Kunzea pomifera,Kunzea pomifera,5420023,Kunzea,Myrtaceae,Myrtales,Magnoliopsida,Tracheophyta,Plantae,ACCEPTED,EXACT,99,True,,2026-08-20
Kurumi kaku,,,,,,,,,,NONE,0,False,no_match:NONE,2026-08-20
Labisia pumila,Labisia pumila,7330960,Labisia,Primulaceae,Ericales,Magnoliopsida,Tracheophyta,Plantae,ACCEPTED,EXACT,97,True,,2026-08-20
Lactuca indica,Lactuca indica,3140510,Lactuca,Asteraceae,Asterales,Magnoliopsida,Tracheophyta,Plantae,ACCEPTED,EXACT,99,True,,2026-08-20
Lactuca scariola,Lactuca serriola,3140490,Lactuca,Asteraceae,Asterales,Magnoliopsida,Tracheophyta,Plantae,SYNONYM,EXACT,98,True,,2026-08-20
Lactuca virosa,Lactuca virosa,3140346,Lactuca,Asteraceae,Asterales,Magnoliopsida,Tracheophyta,Plantae,ACCEPTED,EXACT,97,True,,2026-08-20
Lagenaria siceraria,Lagenaria siceraria,2874672,Lagenaria,Cucurbitaceae,Cucurbitales,Magnoliopsida,Tracheophyta,Plantae,ACCEPTED,EXACT,99,True,,2026-08-20
Lagenaria sphaerica,Lagenaria sphaerica,3623251,Lagenaria,Cucurbitaceae,Cucurbitales,Magnoliopsida,Tracheophyta,Plantae,ACCEPTED,EXACT,97,True,,2026-08-20
Lagerstroemia indica,Lagerstroemia indica,3188725,Lagerstroemia,Lythraceae,Myrtales,Magnoliopsida,Tracheophyta,Plantae,ACCEPTED,EXACT,99,True,,2026-08-20
Lagerstroemia speciosa,Lagerstroemia speciosa,3188724,Lagerstroemia,Lythraceae,Myrtales,Magnoliopsida,Tracheophyta,Plantae,ACCEPTED,EXACT,97,True,,2026-08-20
Laminaria cloustoni,Laminaria hyperborea,5422383,Laminaria,Laminariaceae,Laminariales,Phaeophyceae,Ochrophyta,Chromista,SYNONYM,EXACT,98,True,,2026-08-20
Laminaria diabolica,,,,,,,,,,NONE,0,False,no_match:NONE,2026-08-20
Laminaria digitata,Laminaria digitata,5422479,Laminaria,Laminariaceae,Laminariales,Phaeophyceae,Ochrophyta,Chromista,ACCEPTED,EXACT,99,True,,2026-08-20
Laminaria hyperborea,Laminaria hyperborea,5422383,Laminaria,Laminariaceae,Laminariales,Phaeophyceae,Ochrophyta,Chromista,ACCEPTED,EXACT,99,True,,2026-08-20
Laminaria japonica,Laminaria japonica,5422368,Laminaria,Laminariaceae,Laminariales,Phaeophyceae,Ochrophyta,Chromista,ACCEPTED,EXACT,99,True,,2026-08-20
Laminaria ochroleuca,Laminaria ochroleuca,5422378,Laminaria,Laminariaceae,Laminariales,Phaeophyceae,Ochrophyta,Chromista,ACCEPTED,EXACT,97,True,,2026-08-20
Laminaria saccharina,Saccharina latissima,4377207,Saccharina,Laminariaceae,Laminariales,Phaeophyceae,Ochrophyta,Chromista,SYNONYM,EXACT,98,True,,2026-08-20
Lamium album,Lamium album,2926683,Lamium,Lamiaceae,Lamiales,Magnoliopsida,Tracheophyta,Plantae,ACCEPTED,EXACT,97,True,,2026-08-20
Lamium purpureum,Lamium purpureum,2926682,Lamium,Lamiaceae,Lamiales,Magnoliopsida,Tracheophyta,Plantae,ACCEPTED,EXACT,99,True,,2026-08-20
Landolphia owariensis,Landolphia owariensis,3169740,Landolphia,Apocynaceae,Gentianales,Magnoliopsida,Tracheophyta,Plantae,ACCEPTED,EXACT,99,True,,2026-08-20
Lannea coromandelica,Lannea coromandelica,3661151,Lannea,Anacardiaceae,Sapindales,Magnoliopsida,Tracheophyta,Plantae,ACCEPTED,EXACT,99,True,,2026-08-20
Lansium domesticum,Lansium domesticum,3190478,Lansium,Meliaceae,Sapindales,Magnoliopsida,Tracheophyta,Plantae,ACCEPTED,EXACT,97,True,,2026-08-20
Lantana camara,Lantana camara,2925303,Lantana,Verbenaceae,Lamiales,Magnoliopsida,Tracheophyta,Plantae,ACCEPTED,EXACT,99,True,,2026-08-20
Lappula squarrosa,Lappula squarrosa,2925756,Lappula,Boraginaceae,Boraginales,Magnoliopsida,Tracheophyta,Plantae,ACCEPTED,EXACT,98,True,,2026-08-20
Lapsana communis,Lapsana communis,3134857,Lapsana,Asteraceae,Asterales,Magnoliopsida,Tracheophyta,Plantae,ACCEPTED,EXACT,99,True,,2026-08-20
Larix decidua,Larix decidua,2686212,Larix,Pinaceae,Pinales,Pinopsida,Tracheophyta,Plantae,ACCEPTED,EXACT,99,True,,2026-08-20
Larix europaea,,,Larix,Pinaceae,Pinales,,,Plantae,,HIGHERRANK,0,False,no_match:HIGHERRANK|genus_fallback,2026-08-20
Larix kaempferi,Larix kaempferi,2686157,Larix,Pinaceae,Pinales,Pinopsida,Tracheophyta,Plantae,ACCEPTED,EXACT,97,True,,2026-08-20
Larix leptolepis,Larix kaempferi,2686157,Larix,Pinaceae,Pinales,Pinopsida,Tracheophyta,Plantae,SYNONYM,EXACT,97,True,,2026-08-20
Larix sibirica,Larix sibirica,2686276,Larix,Pinaceae,Pinales,Pinopsida,Tracheophyta,Plantae,ACCEPTED,EXACT,97,True,,2026-08-20
Larrea divaricata,Larrea divaricata,6384921,Larrea,Zygophyllaceae,Zygophyllales,Magnoliopsida,Tracheophyta,Plantae,ACCEPTED,EXACT,99,True,,2026-08-20
Larrea mexicana,Larrea tridentata,7568403,Larrea,Zygophyllaceae,Zygophyllales,Magnoliopsida,Tracheophyta,Plantae,SYNONYM,EXACT,98,True,,2026-08-20
Larrea tridentata,Larrea tridentata,7568403,Larrea,Zygophyllaceae,Zygophyllales,Magnoliopsida,Tracheophyta,Plantae,ACCEPTED,EXACT,97,True,,2026-08-20
Lathyrus japonicus,Lathyrus japonicus,5356714,Lathyrus,Fabaceae,Fabales,Magnoliopsida,Tracheophyta,Plantae,ACCEPTED,EXACT,99,True,,2026-08-20
Lathyrus odoratus,Lathyrus odoratus,5356514,Lathyrus,Fabaceae,Fabales,Magnoliopsida,Tracheophyta,Plantae,ACCEPTED,EXACT,99,True,,2026-08-20
Lathyrus oleraceus,Lathyrus oleraceus,5347846,Lathyrus,Fabaceae,Fabales,Magnoliopsida,Tracheophyta,Plantae,ACCEPTED,EXACT,99,True,,2026-08-20
Laurus nobilis,Laurus nobilis,3034015,Laurus,Lauraceae,Laurales,Magnoliopsida,Tracheophyta,Plantae,ACCEPTED,EXACT,98,True,,2026-08-20
Lavandula angustifolia,Lavandula angustifolia,2927305,Lavandula,Lamiaceae,Lamiales,Magnoliopsida,Tracheophyta,Plantae,ACCEPTED,EXACT,97,True,,2026-08-20
Lavandula dentata,Lavandula dentata,7307829,Lavandula,Lamiaceae,Lamiales,Magnoliopsida,Tracheophyta,Plantae,ACCEPTED,EXACT,99,True,,2026-08-20
Lavandula hybrida,,,Lavandula,Lamiaceae,Lamiales,,,Plantae,,HIGHERRANK,0,False,no_match:HIGHERRANK|genus_fallback,2026-08-20
Lavandula intermedia,Lavandula intermedia,12021612,Lavandula,Lamiaceae,Lamiales,Magnoliopsida,Tracheophyta,Plantae,ACCEPTED,EXACT,97,True,,2026-08-20
Lavandula latifolia,Lavandula latifolia,2927304,Lavandula,Lamiaceae,Lamiales,Magnoliopsida,Tracheophyta,Plantae,ACCEPTED,EXACT,98,True,,2026-08-14
Lavandula officinalis,Lavandula angustifolia,7307884,Lavandula,Lamiaceae,Lamiales,Magnoliopsida,Tracheophyta,Plantae,SYNONYM,EXACT,98,True,,2026-08-20
Lavandula spica,Lavandula spica,9023955,Lavandula,Lamiaceae,Lamiales,Magnoliopsida,Tracheophyta,Plantae,ACCEPTED,EXACT,97,True,,2026-08-14
Lavandula stoechas,Lavandula stoechas,2927303,Lavandula,Lamiaceae,Lamiales,Magnoliopsida,Tracheophyta,Plantae,ACCEPTED,EXACT,99,True,,2026-08-20
Lawsonia inermis,Lawsonia inermis,5420912,Lawsonia,Lythraceae,Myrtales,Magnoliopsida,Tracheophyta,Plantae,ACCEPTED,EXACT,99,True,,2026-08-20
Lecythis minor,Lecythis minor,3082392,Lecythis,Lecythidaceae,Ericales,Magnoliopsida,Tracheophyta,Plantae,ACCEPTED,EXACT,97,True,,2026-08-20
Ledebouriella divaricata,Saposhnikovia divaricata,3638241,Saposhnikovia,Apiaceae,Apiales,Magnoliopsida,Tracheophyta,Plantae,SYNONYM,EXACT,98,True,,2026-08-20
Ledebouriella seseloides,Saposhnikovia divaricata,3638241,Saposhnikovia,Apiaceae,Apiales,Magnoliopsida,Tracheophyta,Plantae,SYNONYM,EXACT,98,True,,2026-08-20
Ledum groenlandicum,Rhododendron groenlandicum,2882984,Rhododendron,Ericaceae,Ericales,Magnoliopsida,Tracheophyta,Plantae,SYNONYM,EXACT,97,True,,2026-08-20
Ledum palustre,,,Rhododendron,Ericaceae,Ericales,,,Plantae,,HIGHERRANK,0,False,no_match:HIGHERRANK|genus_fallback,2026-08-20
Lemmaphyllum microphyllum,Lepisorus microphyllus,11208838,Lepisorus,Polypodiaceae,Polypodiales,Polypodiopsida,Tracheophyta,Plantae,SYNONYM,EXACT,98,True,,2026-08-20
Lens culinaris,Vicia lens,3973001,Vicia,Fabaceae,Fabales,Magnoliopsida,Tracheophyta,Plantae,SYNONYM,EXACT,98,True,,2026-08-20
Lens esculenta,Vicia lens,3973001,Vicia,Fabaceae,Fabales,Magnoliopsida,Tracheophyta,Plantae,SYNONYM,EXACT,98,True,,2026-08-20
Lentinus edodes,Lentinula edodes,2537743,Lentinula,Omphalotaceae,Agaricales,Agaricomycetes,Basidiomycota,Fungi,SYNONYM,EXACT,98,True,,2026-08-20
Leontopodium alpinum,,,Leontopodium,Asteraceae,Asterales,,,Plantae,,HIGHERRANK,0,False,no_match:HIGHERRANK|genus_fallback,2026-08-20
Leontopodium haplophylloides,Leontopodium haplophylloides,3140726,Leontopodium,Asteraceae,Asterales,Magnoliopsida,Tracheophyta,Plantae,ACCEPTED,EXACT,99,True,,2026-08-20
Leonurus artemisia,Leonurus japonicus,6410563,Leonurus,Lamiaceae,Lamiales,Magnoliopsida,Tracheophyta,Plantae,SYNONYM,EXACT,98,True,,2026-08-20
Leonurus cardiaca,Leonurus cardiaca,5341389,Leonurus,Lamiaceae,Lamiales,Magnoliopsida,Tracheophyta,Plantae,ACCEPTED,EXACT,99,True,,2026-08-20
Leonurus japonicus,Leonurus japonicus,6410563,Leonurus,Lamiaceae,Lamiales,Magnoliopsida,Tracheophyta,Plantae,ACCEPTED,EXACT,97,True,,2026-08-20
Leonurus sibiricus,Leonurus sibiricus,5341392,Leonurus,Lamiaceae,Lamiales,Magnoliopsida,Tracheophyta,Plantae,ACCEPTED,EXACT,97,True,,2026-08-20
Lepechinia caulescens,Lepechinia caulescens,3888938,Lepechinia,Lamiaceae,Lamiales,Magnoliopsida,Tracheophyta,Plantae,ACCEPTED,EXACT,99,True,,2026-08-20
Lepidium apetalum,Lepidium apetalum,5376835,Lepidium,Brassicaceae,Brassicales,Magnoliopsida,Tracheophyta,Plantae,ACCEPTED,EXACT,99,True,,2026-08-20
Lepidium meyenii,Lepidium meyenii,5377042,Lepidium,Brassicaceae,Brassicales,Magnoliopsida,Tracheophyta,Plantae,ACCEPTED,EXACT,99,True,,2026-08-20
Lepidium sativum,Lepidium sativum,5376565,Lepidium,Brassicaceae,Brassicales,Magnoliopsida,Tracheophyta,Plantae,ACCEPTED,EXACT,98,True,,2026-08-20
Lepisorus thunbergianus,Lepisorus thunbergianus,2650524,Lepisorus,Polypodiaceae,Polypodiales,Polypodiopsida,Tracheophyta,Plantae,ACCEPTED,EXACT,99,True,,2026-08-20
Lepista nuda,Lepista nuda,5242048,Lepista,Tricholomataceae,Agaricales,Agaricomycetes,Basidiomycota,Fungi,ACCEPTED,EXACT,98,True,,2026-08-20
Leptactina senegambica,Leptactina senegambica,4938018,Leptactina,Rubiaceae,Gentianales,Magnoliopsida,Tracheophyta,Plantae,ACCEPTED,EXACT,99,True,,2026-08-20
Leptadenia reticulata,Leptadenia reticulata,3580162,Leptadenia,Apocynaceae,Gentianales,Magnoliopsida,Tracheophyta,Plantae,ACCEPTED,EXACT,99,True,,2026-08-20
Leptocylindrus danicus,Leptocylindrus danicus,3193085,Leptocylindrus,Leptocylindraceae,Leptocylindrales,Bacillariophyceae,Ochrophyta,Chromista,ACCEPTED,EXACT,98,True,,2026-08-20
Leptospermum petersonii,Leptospermum petersonii,3181958,Leptospermum,Myrtaceae,Myrtales,Magnoliopsida,Tracheophyta,Plantae,ACCEPTED,EXACT,99,True,,2026-08-20
Leptospermum scoparium,Leptospermum scoparium,3181762,Leptospermum,Myrtaceae,Myrtales,Magnoliopsida,Tracheophyta,Plantae,ACCEPTED,EXACT,99,True,,2026-08-20
Lespedeza bicolor,Lespedeza bicolor,2955759,Lespedeza,Fabaceae,Fabales,Magnoliopsida,Tracheophyta,Plantae,ACCEPTED,EXACT,97,True,,2026-08-20
Lespedeza capitata,Lespedeza capitata,2955772,Lespedeza,Fabaceae,Fabales,Magnoliopsida,Tracheophyta,Plantae,ACCEPTED,EXACT,99,True,,2026-08-20
Lespedeza cuneata,Lespedeza cuneata,8114276,Lespedeza,Fabaceae,Fabales,Magnoliopsida,Tracheophyta,Plantae,ACCEPTED,EXACT,99,True,,2026-08-20
Lespedeza cyrtobotrya,Lespedeza cyrtobotrya,2955621,Lespedeza,Fabaceae,Fabales,Magnoliopsida,Tracheophyta,Plantae,ACCEPTED,EXACT,99,True,,2026-08-20
Lesquerella fendleri,Physaria fendleri,3049236,Physaria,Brassicaceae,Brassicales,Magnoliopsida,Tracheophyta,Plantae,SYNONYM,EXACT,98,True,,2026-08-20
Lethariella cladonioides,Lethariella cladonioides,3409304,Lethariella,Parmeliaceae,Lecanorales,Lecanoromycetes,Ascomycota,Fungi,ACCEPTED,EXACT,99,True,,2026-08-20
Leucanthemum vulgare,Leucanthemum vulgare,8848598,Leucanthemum,Asteraceae,Asterales,Magnoliopsida,Tracheophyta,Plantae,ACCEPTED,EXACT,99,True,,2026-08-20
Leucas cephalotes,Leucas cephalotes,5606847,Leucas,Lamiaceae,Lamiales,Magnoliopsida,Tracheophyta,Plantae,ACCEPTED,EXACT,99,True,,2026-08-20
Leucojum aestivum,Leucojum aestivum,2860425,Leucojum,Amaryllidaceae,Asparagales,Liliopsida,Tracheophyta,Plantae,ACCEPTED,EXACT,99,True,,2026-08-20
Leucosidea sericea,Leucosidea sericea,3030262,Leucosidea,Rosaceae,Rosales,Magnoliopsida,Tracheophyta,Plantae,ACCEPTED,EXACT,99,True,,2026-08-20
Levisticum officinale,Levisticum officinale,5371772,Levisticum,Apiaceae,Apiales,Magnoliopsida,Tracheophyta,Plantae,ACCEPTED,EXACT,99,True,,2026-08-20
Liatris odoratissima,Carphephorus odoratissimus,7795803,Carphephorus,Asteraceae,Asterales,Magnoliopsida,Tracheophyta,Plantae,SYNONYM,EXACT,97,True,,2026-08-20
Lignosus rhinocerus,Lignosus rhinocerus,2545866,Lignosus,Polyporaceae,Polyporales,Agaricomycetes,Basidiomycota,Fungi,ACCEPTED,EXACT,99,True,,2026-08-20
Ligularia stenocephala,Ligularia stenocephala,5395542,Ligularia,Asteraceae,Asterales,Magnoliopsida,Tracheophyta,Plantae,ACCEPTED,EXACT,97,True,,2026-08-20
Ligusticum acutilobum,Angelica acutiloba,5537879,Angelica,Apiaceae,Apiales,Magnoliopsida,Tracheophyta,Plantae,SYNONYM,EXACT,98,True,,2026-08-20
Ligusticum chuanxiong,Conioselinum anthriscoides,8393328,Conioselinum,Apiaceae,Apiales,Magnoliopsida,Tracheophyta,Plantae,SYNONYM,EXACT,98,True,,2026-08-20
Ligusticum jeholense,Conioselinum smithii,3634941,Conioselinum,Apiaceae,Apiales,Magnoliopsida,Tracheophyta,Plantae,SYNONYM,EXACT,98,True,,2026-08-20
Ligusticum sinense,Conioselinum anthriscoides,8393328,Conioselinum,Apiaceae,Apiales,Magnoliopsida,Tracheophyta,Plantae,SYNONYM,EXACT,98,True,,2026-08-20
Ligusticum striatum,Oreocome striata,3639584,Oreocome,Apiaceae,Apiales,Magnoliopsida,Tracheophyta,Plantae,SYNONYM,EXACT,97,True,,2026-08-20
Ligustrum japonicum,Ligustrum japonicum,3172301,Ligustrum,Oleaceae,Lamiales,Magnoliopsida,Tracheophyta,Plantae,ACCEPTED,EXACT,97,True,,2026-08-20
Ligustrum lucidum,Ligustrum lucidum,3172297,Ligustrum,Oleaceae,Lamiales,Magnoliopsida,Tracheophyta,Plantae,ACCEPTED,EXACT,97,True,,2026-08-20
Ligustrum obtusifolium,Ligustrum obtusifolium,3172296,Ligustrum,Oleaceae,Lamiales,Magnoliopsida,Tracheophyta,Plantae,ACCEPTED,EXACT,99,True,,2026-08-20
Ligustrum vulgare,Ligustrum vulgare,3172300,Ligustrum,Oleaceae,Lamiales,Magnoliopsida,Tracheophyta,Plantae,ACCEPTED,EXACT,98,True,,2026-08-20
Lilium brownii,Lilium brownii,2753253,Lilium,Liliaceae,Liliales,Liliopsida,Tracheophyta,Plantae,ACCEPTED,EXACT,97,True,,2026-08-20
Lilium candidum,Lilium candidum,2753090,Lilium,Liliaceae,Liliales,Liliopsida,Tracheophyta,Plantae,ACCEPTED,EXACT,98,True,,2026-08-20
Lilium hybrid,Lilium hybr,6711700,Lilium,Liliaceae,Liliales,Liliopsida,Tracheophyta,Plantae,ACCEPTED,FUZZY,93,True,,2026-08-20
Lilium japonicum,Lilium japonicum,7560022,Lilium,Liliaceae,Liliales,Liliopsida,Tracheophyta,Plantae,ACCEPTED,EXACT,98,True,,2026-08-20
Lilium longiflorum,Lilium longiflorum,2753336,Lilium,Liliaceae,Liliales,Liliopsida,Tracheophyta,Plantae,ACCEPTED,EXACT,97,True,,2026-08-20
Lilium martagon,Lilium martagon,2753146,Lilium,Liliaceae,Liliales,Liliopsida,Tracheophyta,Plantae,ACCEPTED,EXACT,98,True,,2026-08-20
Lilium parvum,Lilium parvum,2753310,Lilium,Liliaceae,Liliales,Liliopsida,Tracheophyta,Plantae,ACCEPTED,EXACT,99,True,,2026-08-20
Lilium philadelphicum,Lilium philadelphicum,2753218,Lilium,Liliaceae,Liliales,Liliopsida,Tracheophyta,Plantae,ACCEPTED,EXACT,98,True,,2026-08-20
Lilium polyphyllum,Lilium polyphyllum,2753041,Lilium,Liliaceae,Liliales,Liliopsida,Tracheophyta,Plantae,ACCEPTED,EXACT,99,True,,2026-08-20
Lilium speciosum,Lilium speciosum,2753390,Lilium,Liliaceae,Liliales,Liliopsida,Tracheophyta,Plantae,ACCEPTED,EXACT,98,True,,2026-08-20
Lilium tigrinum,Lilium lancifolium,2753380,Lilium,Liliaceae,Liliales,Liliopsida,Tracheophyta,Plantae,SYNONYM,EXACT,97,True,,2026-08-20
Limnanthes alba,Limnanthes alba,5334525,Limnanthes,Limnanthaceae,Brassicales,Magnoliopsida,Tracheophyta,Plantae,ACCEPTED,EXACT,97,True,,2026-08-20
Limonia acidissima,Limonia acidissima,5421342,Limonia,Rutaceae,Sapindales,Magnoliopsida,Tracheophyta,Plantae,ACCEPTED,EXACT,97,True,,2026-08-20
Limonium gerberi,Limonium platyphyllum,4088624,Limonium,Plumbaginaceae,Caryophyllales,Magnoliopsida,Tracheophyta,Plantae,SYNONYM,EXACT,98,True,,2026-08-20
Limonium narbonense,Limonium narbonense,4089594,Limonium,Plumbaginaceae,Caryophyllales,Magnoliopsida,Tracheophyta,Plantae,ACCEPTED,EXACT,99,True,,2026-08-20
Limonium tetragonum,Limonium tetragonum,4089032,Limonium,Plumbaginaceae,Caryophyllales,Magnoliopsida,Tracheophyta,Plantae,ACCEPTED,EXACT,99,True,,2026-08-20
Limonium vulgare,Limonium vulgare,3082322,Limonium,Plumbaginaceae,Caryophyllales,Magnoliopsida,Tracheophyta,Plantae,ACCEPTED,EXACT,98,True,,2026-08-20
Linaria cymbalaria,Cymbalaria muralis,7331861,Cymbalaria,Plantaginaceae,Lamiales,Magnoliopsida,Tracheophyta,Plantae,SYNONYM,EXACT,98,True,,2026-08-20
Linaria japonica,Linaria japonica,5562391,Linaria,Plantaginaceae,Lamiales,Magnoliopsida,Tracheophyta,Plantae,ACCEPTED,EXACT,99,True,,2026-08-20
Linaria loeselii,Linaria loeselii,8384512,Linaria,Plantaginaceae,Lamiales,Magnoliopsida,Tracheophyta,Plantae,ACCEPTED,EXACT,99,True,,2026-08-20
Lindera erythrocarpa,Lindera erythrocarpa,7304557,Lindera,Lauraceae,Laurales,Magnoliopsida,Tracheophyta,Plantae,ACCEPTED,EXACT,99,True,,2026-08-20
Lindera obtusiloba,Lindera obtusiloba,7304491,Lindera,Lauraceae,Laurales,Magnoliopsida,Tracheophyta,Plantae,ACCEPTED,EXACT,99,True,,2026-08-20
Lindera strychnifolia,,,,,,,,,,HIGHERRANK,0,False,no_match:HIGHERRANK,2026-08-20
Lindera umbellata,Lindera umbellata,7304416,Lindera,Lauraceae,Laurales,Magnoliopsida,Tracheophyta,Plantae,ACCEPTED,EXACT,97,True,,2026-08-20
Linnaea borealis,Linnaea borealis,5334220,Linnaea,Caprifoliaceae,Dipsacales,Magnoliopsida,Tracheophyta,Plantae,ACCEPTED,EXACT,97,True,,2026-08-20
Linum alpinum,Linum alpinum,8152305,Linum,Linaceae,Malpighiales,Magnoliopsida,Tracheophyta,Plantae,ACCEPTED,EXACT,97,True,,2026-08-20
Linum usitatissimum,Linum usitatissimum,2873861,Linum,Linaceae,Malpighiales,Magnoliopsida,Tracheophyta,Plantae,ACCEPTED,EXACT,98,True,,2026-08-20
Lippia alba,Lippia alba,2925385,Lippia,Verbenaceae,Lamiales,Magnoliopsida,Tracheophyta,Plantae,ACCEPTED,EXACT,99,True,,2026-08-20
Lippia citriodora,Aloysia citrodora,5667503,Aloysia,Verbenaceae,Lamiales,Magnoliopsida,Tracheophyta,Plantae,SYNONYM,EXACT,98,True,,2026-08-20
Lippia citrodora,Aloysia citrodora,5667503,Aloysia,Verbenaceae,Lamiales,Magnoliopsida,Tracheophyta,Plantae,SYNONYM,EXACT,98,True,,2026-08-20
Lippia sidoides,Lippia origanoides,7297353,Lippia,Verbenaceae,Lamiales,Magnoliopsida,Tracheophyta,Plantae,SYNONYM,EXACT,98,True,,2026-08-20
Liquidambar formosana,Liquidambar formosana,3702542,Liquidambar,Altingiaceae,Saxifragales,Magnoliopsida,Tracheophyta,Plantae,ACCEPTED,EXACT,99,True,,2026-08-20
Liquidambar orientalis,Liquidambar orientalis,3152825,Liquidambar,Altingiaceae,Saxifragales,Magnoliopsida,Tracheophyta,Plantae,ACCEPTED,EXACT,99,True,,2026-08-20
Liquidambar styraciflua,Liquidambar styraciflua,3152824,Liquidambar,Altingiaceae,Saxifragales,Magnoliopsida,Tracheophyta,Plantae,ACCEPTED,EXACT,99,True,,2026-08-20
Liriodendron tulipifera,Liriodendron tulipifera,3152861,Liriodendron,Magnoliaceae,Magnoliales,Magnoliopsida,Tracheophyta,Plantae,ACCEPTED,EXACT,98,True,,2026-08-20
Liriope muscari,Liriope muscari,5549949,Liriope,Asparagaceae,Asparagales,Liliopsida,Tracheophyta,Plantae,ACCEPTED,EXACT,99,True,,2026-08-20
Liriope spicata,Liriope spicata,3685256,Liriope,Asparagaceae,Asparagales,Liliopsida,Tracheophyta,Plantae,ACCEPTED,EXACT,99,True,,2026-08-20
Liriosma ovata,Dulacia inopiflora,3685520,Dulacia,Olacaceae,Santalales,Magnoliopsida,Tracheophyta,Plantae,SYNONYM,EXACT,98,True,,2026-08-20
Litchi chinensis,Litchi chinensis,3190002,Litchi,Sapindaceae,Sapindales,Magnoliopsida,Tracheophyta,Plantae,ACCEPTED,EXACT,99,True,,2026-08-20
Lithospermum erythrorhizon,Lithospermum erythrorhizon,2926087,Lithospermum,Boraginaceae,Boraginales,Magnoliopsida,Tracheophyta,Plantae,ACCEPTED,EXACT,99,True,,2026-08-20
Lithospermum officinale,Lithospermum officinale,2926086,Lithospermum,Boraginaceae,Boraginales,Magnoliopsida,Tracheophyta,Plantae,ACCEPTED,EXACT,99,True,,2026-08-20
Lithothamnion calcareum,Phymatolithon calcareum,2654944,Phymatolithon,Hapalidiaceae,Corallinales,Florideophyceae,Rhodophyta,Plantae,SYNONYM,EXACT,98,True,,2026-08-20
Lithothamnion corallioides,Lithothamnion corallioides,2655341,Lithothamnion,Hapalidiaceae,Corallinales,Florideophyceae,Rhodophyta,Plantae,ACCEPTED,EXACT,98,True,,2026-08-20
Litsea cubeba,Litsea cubeba,3033977,Litsea,Lauraceae,Laurales,Magnoliopsida,Tracheophyta,Plantae,ACCEPTED,EXACT,98,True,,2026-08-20
Litsea glutinosa,Litsea glutinosa,7304140,Litsea,Lauraceae,Laurales,Magnoliopsida,Tracheophyta,Plantae,ACCEPTED,EXACT,99,True,,2026-08-20
Litsea japonica,Litsea japonica,4183539,Litsea,Lauraceae,Laurales,Magnoliopsida,Tracheophyta,Plantae,ACCEPTED,EXACT,97,True,,2026-08-20
Litsea polyantha,Litsea monopetala,4182444,Litsea,Lauraceae,Laurales,Magnoliopsida,Tracheophyta,Plantae,SYNONYM,EXACT,98,True,,2026-08-20
Livistona chinensis,Livistona chinensis,2733469,Livistona,Arecaceae,Arecales,Liliopsida,Tracheophyta,Plantae,ACCEPTED,EXACT,97,True,,2026-08-20
Lobelia inflata,Lobelia inflata,5408737,Lobelia,Campanulaceae,Asterales,Magnoliopsida,Tracheophyta,Plantae,ACCEPTED,EXACT,99,True,,2026-08-20
Lodoicea maldivica,Lodoicea maldivica,2731979,Lodoicea,Arecaceae,Arecales,Liliopsida,Tracheophyta,Plantae,ACCEPTED,EXACT,97,True,,2026-08-20
Loeselia mexicana,Loeselia mexicana,2927928,Loeselia,Polemoniaceae,Ericales,Magnoliopsida,Tracheophyta,Plantae,ACCEPTED,EXACT,99,True,,2026-08-20
Lolium perenne,Lolium perenne,2706241,Lolium,Poaceae,Poales,Liliopsida,Tracheophyta,Plantae,ACCEPTED,EXACT,98,True,,2026-08-20
Lonicera caerulea,Lonicera caerulea,5334269,Lonicera,Caprifoliaceae,Dipsacales,Magnoliopsida,Tracheophyta,Plantae,ACCEPTED,EXACT,97,True,,2026-08-20
Lonicera caprifolium,Lonicera caprifolium,5334227,Lonicera,Caprifoliaceae,Dipsacales,Magnoliopsida,Tracheophyta,Plantae,ACCEPTED,EXACT,97,True,,2026-08-20
Lonicera japonica,Lonicera japonica,5334240,Lonicera,Caprifoliaceae,Dipsacales,Magnoliopsida,Tracheophyta,Plantae,ACCEPTED,EXACT,97,True,,2026-08-20
Lonicera periclymenum,Lonicera periclymenum,5334277,Lonicera,Caprifoliaceae,Dipsacales,Magnoliopsida,Tracheophyta,Plantae,ACCEPTED,EXACT,97,True,,2026-08-20
Lophophytum elongatum,,,Lophophytum,Balanophoraceae,Santalales,,,Plantae,,HIGHERRANK,0,False,no_match:HIGHERRANK|genus_fallback,2026-08-20
Loranthus tanakae,Hyphear tanakae,4000777,Hyphear,Loranthaceae,Santalales,Magnoliopsida,Tracheophyta,Plantae,SYNONYM,EXACT,98,True,,2026-08-20
Lotus corniculatus,Lotus corniculatus,5357013,Lotus,Fabaceae,Fabales,Magnoliopsida,Tracheophyta,Plantae,ACCEPTED,EXACT,99,True,,2026-08-20
Lotus japonicus,Lotus japonicus,5357027,Lotus,Fabaceae,Fabales,Magnoliopsida,Tracheophyta,Plantae,ACCEPTED,EXACT,99,True,,2026-08-20
Lotus maritimus,Lotus maritimus,5356973,Lotus,Fabaceae,Fabales,Magnoliopsida,Tracheophyta,Plantae,ACCEPTED,EXACT,97,True,,2026-08-20
Ludwigia octovalvis,Ludwigia octovalvis,5420987,Ludwigia,Onagraceae,Myrtales,Magnoliopsida,Tracheophyta,Plantae,ACCEPTED,EXACT,99,True,,2026-08-20
Luffa cylindrica,,,Luffa,Cucurbitaceae,Cucurbitales,,,Plantae,,HIGHERRANK,0,False,no_match:HIGHERRANK|genus_fallback,2026-08-20
Luffa operculata,Luffa operculata,2874603,Luffa,Cucurbitaceae,Cucurbitales,Magnoliopsida,Tracheophyta,Plantae,ACCEPTED,EXACT,99,True,,2026-08-20
Lupinus albus,Lupinus albus,2964167,Lupinus,Fabaceae,Fabales,Magnoliopsida,Tracheophyta,Plantae,ACCEPTED,EXACT,99,True,,2026-08-20
Lupinus luteus,Lupinus luteus,2963817,Lupinus,Fabaceae,Fabales,Magnoliopsida,Tracheophyta,Plantae,ACCEPTED,EXACT,99,True,,2026-08-20
Lupinus subcarnosus,Lupinus subcarnosus,2964073,Lupinus,Fabaceae,Fabales,Magnoliopsida,Tracheophyta,Plantae,ACCEPTED,EXACT,99,True,,2026-08-20
Lupinus texensis,Lupinus texensis,2963880,Lupinus,Fabaceae,Fabales,Magnoliopsida,Tracheophyta,Plantae,ACCEPTED,EXACT,99,True,,2026-08-20
Lychnis cognata,Silene cognata,5584467,Silene,Caryophyllaceae,Caryophyllales,Magnoliopsida,Tracheophyta,Plantae,SYNONYM,EXACT,98,True,,2026-08-20
Lycium barbarum,Lycium barbarum,2928835,Lycium,Solanaceae,Solanales,Magnoliopsida,Tracheophyta,Plantae,ACCEPTED,EXACT,97,True,,2026-08-20
Lycium chinense,Lycium chinense,2928809,Lycium,Solanaceae,Solanales,Magnoliopsida,Tracheophyta,Plantae,ACCEPTED,EXACT,99,True,,2026-08-20
Lycopodium clavatum,Lycopodium clavatum,2688393,Lycopodium,Lycopodiaceae,Lycopodiales,Lycopodiopsida,Tracheophyta,Plantae,ACCEPTED,EXACT,99,True,,2026-08-20
Lycopsis arvensis,Lycopsis arvensis,5341197,Lycopsis,Boraginaceae,Boraginales,Magnoliopsida,Tracheophyta,Plantae,ACCEPTED,EXACT,99,True,,2026-08-20
Lycopus coreanus,Lycopus uniflorus,5341480,Lycopus,Lamiaceae,Lamiales,Magnoliopsida,Tracheophyta,Plantae,SYNONYM,EXACT,98,True,,2026-08-20
Lycopus maackianus,Lycopus lucidus,8313799,Lycopus,Lamiaceae,Lamiales,Magnoliopsida,Tracheophyta,Plantae,SYNONYM,EXACT,97,True,,2026-08-20
Lycoris aurea,Lycoris aurea,5326154,Lycoris,Amaryllidaceae,Asparagales,Liliopsida,Tracheophyta,Plantae,ACCEPTED,EXACT,99,True,,2026-08-20
Lycoris chejuensis,Lycoris chejuensis,5326186,Lycoris,Amaryllidaceae,Asparagales,Liliopsida,Tracheophyta,Plantae,ACCEPTED,EXACT,97,True,,2026-08-20
Lycoris uydoensis,Lycoris chinensis,5326174,Lycoris,Amaryllidaceae,Asparagales,Liliopsida,Tracheophyta,Plantae,SYNONYM,EXACT,98,True,,2026-08-20
Lysimachia clethroides,Lysimachia clethroides,3169331,Lysimachia,Primulaceae,Ericales,Magnoliopsida,Tracheophyta,Plantae,ACCEPTED,EXACT,99,True,,2026-08-20
Lysimachia foenum-graecum,Lysimachia foenum-graecum,4005054,Lysimachia,Primulaceae,Ericales,Magnoliopsida,Tracheophyta,Plantae,ACCEPTED,EXACT,99,True,,2026-08-20
Lysimachia mauritiana,Lysimachia mauritiana,3169368,Lysimachia,Primulaceae,Ericales,Magnoliopsida,Tracheophyta,Plantae,ACCEPTED,EXACT,99,True,,2026-08-20
Lysimachia vulgaris,Lysimachia vulgaris,3169386,Lysimachia,Primulaceae,Ericales,Magnoliopsida,Tracheophyta,Plantae,ACCEPTED,EXACT,97,True,,2026-08-20
Lythrum salicaria,Lythrum salicaria,3188736,Lythrum,Lythraceae,Myrtales,Magnoliopsida,Tracheophyta,Plantae,ACCEPTED,EXACT,99,True,,2026-08-20
Maackia amurensis,Maackia amurensis,5360278,Maackia,Fabaceae,Fabales,Magnoliopsida,Tracheophyta,Plantae,ACCEPTED,EXACT,99,True,,2026-08-20
Maackia fauriei,Maackia fauriei,10858808,Maackia,Fabaceae,Fabales,Magnoliopsida,Tracheophyta,Plantae,ACCEPTED,EXACT,97,True,,2026-08-20
Macadamia integrifolia,Macadamia integrifolia,2891785,Macadamia,Proteaceae,Proteales,Magnoliopsida,Tracheophyta,Plantae,ACCEPTED,EXACT,99,True,,2026-08-20
Macadamia ternifolia,Macadamia ternifolia,8406703,Macadamia,Proteaceae,Proteales,Magnoliopsida,Tracheophyta,Plantae,ACCEPTED,EXACT,99,True,,2026-08-20
Macaranga tanarius,Macaranga tanarius,3074251,Macaranga,Euphorbiaceae,Malpighiales,Magnoliopsida,Tracheophyta,Plantae,ACCEPTED,EXACT,98,True,,2026-08-20
Machilus japonica,Machilus japonica,7304354,Machilus,Lauraceae,Laurales,Magnoliopsida,Tracheophyta,Plantae,ACCEPTED,EXACT,99,True,,2026-08-20
Machilus odoratissima,Machilus odoratissimus,7469276,Machilus,Lauraceae,Laurales,Magnoliopsida,Tracheophyta,Plantae,ACCEPTED,FUZZY,96,True,,2026-08-20
Machilus thunbergii,Machilus thunbergii,4177874,Machilus,Lauraceae,Laurales,Magnoliopsida,Tracheophyta,Plantae,ACCEPTED,EXACT,97,True,,2026-08-20
Maclura aurantiaca,Maclura aurantiaca,7262558,Maclura,Moraceae,Rosales,Magnoliopsida,Tracheophyta,Plantae,ACCEPTED,EXACT,97,True,,2026-08-20
Maclura cochinchinensis,Maclura cochinchinensis,7262552,Maclura,Moraceae,Rosales,Magnoliopsida,Tracheophyta,Plantae,ACCEPTED,EXACT,99,True,,2026-08-20
Maclura pomifera,Maclura pomifera,2984580,Maclura,Moraceae,Rosales,Magnoliopsida,Tracheophyta,Plantae,ACCEPTED,EXACT,97,True,,2026-08-20
Macrocystis pyrifera,Macrocystis pyrifera,5422328,Macrocystis,Laminariaceae,Laminariales,Phaeophyceae,Ochrophyta,Chromista,ACCEPTED,EXACT,99,True,,2026-08-20
Macropiper excelsum,Macropiper excelsum,7305062,Macropiper,Piperaceae,Piperales,Magnoliopsida,Tracheophyta,Plantae,ACCEPTED,EXACT,99,True,,2026-08-20
Macroptilium atropurpureum,Macroptilium atropurpureum,2945047,Macroptilium,Fabaceae,Fabales,Magnoliopsida,Tracheophyta,Plantae,ACCEPTED,EXACT,99,True,,2026-08-20
Macrotomia euchroma,Arnebia euchroma,7295251,Arnebia,Boraginaceae,Boraginales,Magnoliopsida,Tracheophyta,Plantae,SYNONYM,FUZZY,92,True,,2026-08-20
Madhuca longifolia,Madhuca longifolia,2883346,Madhuca,Sapotaceae,Ericales,Magnoliopsida,Tracheophyta,Plantae,ACCEPTED,EXACT,99,True,,2026-08-20
Maesa japonica,Maesa japonica,9477469,Maesa,Primulaceae,Ericales,Magnoliopsida,Tracheophyta,Plantae,ACCEPTED,EXACT,97,True,,2026-08-20
Magnolia acuminata,Magnolia acuminata,3153837,Magnolia,Magnoliaceae,Magnoliales,Magnoliopsida,Tracheophyta,Plantae,ACCEPTED,EXACT,97,True,,2026-08-20
Magnolia biondii,Magnolia biondii,3153889,Magnolia,Magnoliaceae,Magnoliales,Magnoliopsida,Tracheophyta,Plantae,ACCEPTED,EXACT,99,True,,2026-08-20
Magnolia champaca,Magnolia champaca,3153099,Magnolia,Magnoliaceae,Magnoliales,Magnoliopsida,Tracheophyta,Plantae,ACCEPTED,EXACT,97,True,,2026-08-20
Magnolia denudata,Magnolia denudata,3153582,Magnolia,Magnoliaceae,Magnoliales,Magnoliopsida,Tracheophyta,Plantae,ACCEPTED,EXACT,99,True,,2026-08-20
Magnolia glauca,,,Magnolia,Magnoliaceae,Magnoliales,,,Plantae,,HIGHERRANK,0,False,no_match:HIGHERRANK|genus_fallback,2026-08-20
Magnolia grandiflora,Magnolia grandiflora,9605163,Magnolia,Magnoliaceae,Magnoliales,Magnoliopsida,Tracheophyta,Plantae,ACCEPTED,EXACT,99,True,,2026-08-20
Magnolia kobus,Magnolia kobus,3153260,Magnolia,Magnoliaceae,Magnoliales,Magnoliopsida,Tracheophyta,Plantae,ACCEPTED,EXACT,99,True,,2026-08-20
Magnolia liliflora,Magnolia liliiflora,3153228,Magnolia,Magnoliaceae,Magnoliales,Magnoliopsida,Tracheophyta,Plantae,ACCEPTED,FUZZY,96,True,,2026-08-20
Magnolia obovata,Magnolia obovata,3153160,Magnolia,Magnoliaceae,Magnoliales,Magnoliopsida,Tracheophyta,Plantae,ACCEPTED,EXACT,97,True,,2026-08-20
Magnolia officinalis,Magnolia officinalis,3153830,Magnolia,Magnoliaceae,Magnoliales,Magnoliopsida,Tracheophyta,Plantae,ACCEPTED,EXACT,99,True,,2026-08-20
Magnolia sieboldii,Magnolia sieboldii,3152959,Magnolia,Magnoliaceae,Magnoliales,Magnoliopsida,Tracheophyta,Plantae,ACCEPTED,EXACT,99,True,,2026-08-20
Magnolia wilsonii,Magnolia wilsonii,3153049,Magnolia,Magnoliaceae,Magnoliales,Magnoliopsida,Tracheophyta,Plantae,ACCEPTED,EXACT,99,True,,2026-08-20
Mahonia aquifolium,Mahonia aquifolium,3033865,Mahonia,Berberidaceae,Ranunculales,Magnoliopsida,Tracheophyta,Plantae,ACCEPTED,EXACT,99,True,,2026-08-20
Mallotus japonicus,Mallotus japonicus,5378769,Mallotus,Euphorbiaceae,Malpighiales,Magnoliopsida,Tracheophyta,Plantae,ACCEPTED,EXACT,99,True,,2026-08-20
Mallotus philippensis,Mallotus philippensis,5378605,Mallotus,Euphorbiaceae,Malpighiales,Magnoliopsida,Tracheophyta,Plantae,ACCEPTED,EXACT,98,True,,2026-08-20
Malpighia emarginata,Malpighia emarginata,5421427,Malpighia,Malpighiaceae,Malpighiales,Magnoliopsida,Tracheophyta,Plantae,ACCEPTED,EXACT,99,True,,2026-08-20
Malpighia glabra,Malpighia glabra,5421429,Malpighia,Malpighiaceae,Malpighiales,Magnoliopsida,Tracheophyta,Plantae,ACCEPTED,EXACT,98,True,,2026-08-20
Malpighia punicifolia,Malpighia glabra,5421429,Malpighia,Malpighiaceae,Malpighiales,Magnoliopsida,Tracheophyta,Plantae,SYNONYM,EXACT,98,True,,2026-08-20
Malus baccata,Malus baccata,3001362,Malus,Rosaceae,Rosales,Magnoliopsida,Tracheophyta,Plantae,ACCEPTED,EXACT,98,True,,2026-08-20
Malus domestica,Malus domestica,3001244,Malus,Rosaceae,Rosales,Magnoliopsida,Tracheophyta,Plantae,ACCEPTED,EXACT,98,True,,2026-08-20
Malva moschata,Malva moschata,3152379,Malva,Malvaceae,Malvales,Magnoliopsida,Tracheophyta,Plantae,ACCEPTED,EXACT,98,True,,2026-08-20
Malva officinalis,Althaea officinalis,3152520,Althaea,Malvaceae,Malvales,Magnoliopsida,Tracheophyta,Plantae,SYNONYM,EXACT,98,True,,2026-08-20
Malva rotundifolia,,,Malva,Malvaceae,Malvales,,,Plantae,,HIGHERRANK,0,False,no_match:HIGHERRANK|genus_fallback,2026-08-20
Malva sylvestris,Malva sylvestris,3152374,Malva,Malvaceae,Malvales,Magnoliopsida,Tracheophyta,Plantae,ACCEPTED,EXACT,99,True,,2026-08-20
Malva verticillata,Malva verticillata,3152377,Malva,Malvaceae,Malvales,Magnoliopsida,Tracheophyta,Plantae,ACCEPTED,EXACT,99,True,,2026-08-20
Mandragora officinarum,Mandragora officinarum,5341748,Mandragora,Solanaceae,Solanales,Magnoliopsida,Tracheophyta,Plantae,ACCEPTED,EXACT,98,True,,2026-08-20
Mangifera indica,Mangifera indica,3190638,Mangifera,Anacardiaceae,Sapindales,Magnoliopsida,Tracheophyta,Plantae,ACCEPTED,EXACT,97,True,,2026-08-20
Manihot utilissima,Manihot esculenta,3060998,Manihot,Euphorbiaceae,Malpighiales,Magnoliopsida,Tracheophyta,Plantae,SYNONYM,EXACT,98,True,,2026-08-20
Manilkara multinervis,Manilkara obovata,2885327,Manilkara,Sapotaceae,Ericales,Magnoliopsida,Tracheophyta,Plantae,SYNONYM,EXACT,98,True,,2026-08-20
Maranta arundinacea,Maranta arundinacea,2761352,Maranta,Marantaceae,Zingiberales,Liliopsida,Tracheophyta,Plantae,ACCEPTED,EXACT,97,True,,2026-08-20
Marinobacter shengliensis,Marinobacter shengliensis,9130767,Marinobacter,Oleiphilaceae,Pseudomonadales,Gammaproteobacteria,Proteobacteria,Bacteria,ACCEPTED,EXACT,99,True,,2026-08-20
Marrubium vulgare,Marrubium vulgare,2927069,Marrubium,Lamiaceae,Lamiales,Magnoliopsida,Tracheophyta,Plantae,ACCEPTED,EXACT,99,True,,2026-08-20
Marsdenia cundurango,Ruehssia cundurango,11152945,Ruehssia,Apocynaceae,Gentianales,Magnoliopsida,Tracheophyta,Plantae,SYNONYM,EXACT,97,True,,2026-08-20
Marsilea minuta,Marsilea minuta,5274876,Marsilea,Marsileaceae,Salviniales,Polypodiopsida,Tracheophyta,Plantae,ACCEPTED,EXACT,97,True,,2026-08-20
Matricaria discoidea,Matricaria discoidea,3103791,Matricaria,Asteraceae,Asterales,Magnoliopsida,Tracheophyta,Plantae,ACCEPTED,EXACT,99,True,,2026-08-20
Matricaria maritima,Matricaria maritima,8001451,Matricaria,Asteraceae,Asterales,Magnoliopsida,Tracheophyta,Plantae,ACCEPTED,EXACT,97,True,,2026-08-20
Matricaria recutita,Matricaria chamomilla,8370958,Matricaria,Asteraceae,Asterales,Magnoliopsida,Tracheophyta,Plantae,SYNONYM,EXACT,98,True,,2026-08-20
Matteuccia struthiopteris,Matteuccia struthiopteris,2650999,Matteuccia,Onocleaceae,Polypodiales,Polypodiopsida,Tracheophyta,Plantae,ACCEPTED,EXACT,99,True,,2026-08-20
Matthiola incana,Matthiola incana,5377378,Matthiola,Brassicaceae,Brassicales,Magnoliopsida,Tracheophyta,Plantae,ACCEPTED,EXACT,98,True,,2026-08-20
Mauloutchia humblotii,Mauloutchia humblotii,3743914,Mauloutchia,Myristicaceae,Magnoliales,Magnoliopsida,Tracheophyta,Plantae,ACCEPTED,EXACT,99,True,,2026-08-20
Mauritia flexuosa,Mauritia flexuosa,5294777,Mauritia,Arecaceae,Arecales,Liliopsida,Tracheophyta,Plantae,ACCEPTED,EXACT,99,True,,2026-08-20
Maytenus macrocarpa,Monteverdia macrocarpa,9772192,Monteverdia,Celastraceae,Celastrales,Magnoliopsida,Tracheophyta,Plantae,SYNONYM,EXACT,98,True,,2026-08-20
Maytenus senegalensis,Gymnosporia senegalensis,3793847,Gymnosporia,Celastraceae,Celastrales,Magnoliopsida,Tracheophyta,Plantae,SYNONYM,EXACT,98,True,,2026-08-20
Meconopsis horridula,Meconopsis horridula,8239441,Meconopsis,Papaveraceae,Ranunculales,Magnoliopsida,Tracheophyta,Plantae,ACCEPTED,EXACT,98,True,,2026-08-20
Medicago sativa,Medicago sativa,9151957,Medicago,Fabaceae,Fabales,Magnoliopsida,Tracheophyta,Plantae,ACCEPTED,EXACT,97,True,,2026-08-20
Melaleuca alternifolia,Melaleuca alternifolia,5416091,Melaleuca,Myrtaceae,Myrtales,Magnoliopsida,Tracheophyta,Plantae,ACCEPTED,EXACT,99,True,,2026-08-20
Melaleuca bracteata,Melaleuca bracteata,5416153,Melaleuca,Myrtaceae,Myrtales,Magnoliopsida,Tracheophyta,Plantae,ACCEPTED,EXACT,99,True,,2026-08-20
Melaleuca cajuputi,Melaleuca cajuputi,5415885,Melaleuca,Myrtaceae,Myrtales,Magnoliopsida,Tracheophyta,Plantae,ACCEPTED,EXACT,98,True,,2026-08-20
Melaleuca ericifolia,Melaleuca ericifolia,5415723,Melaleuca,Myrtaceae,Myrtales,Magnoliopsida,Tracheophyta,Plantae,ACCEPTED,EXACT,97,True,,2026-08-20
Melaleuca glomerata,Melaleuca glomerata,5416136,Melaleuca,Myrtaceae,Myrtales,Magnoliopsida,Tracheophyta,Plantae,ACCEPTED,EXACT,99,True,,2026-08-20
Melaleuca leucadendron,,,,,,,,,,NONE,0,False,no_match:NONE,2026-08-20
Melaleuca quinquenervia,Melaleuca quinquenervia,5415832,Melaleuca,Myrtaceae,Myrtales,Magnoliopsida,Tracheophyta,Plantae,ACCEPTED,EXACT,99,True,,2026-08-20
Melaleuca symphyocarpa,Asteromyrtus symphyocarpa,3185225,Asteromyrtus,Myrtaceae,Myrtales,Magnoliopsida,Tracheophyta,Plantae,SYNONYM,EXACT,98,True,,2026-08-20
Melaleuca teretifolia,Melaleuca teretifolia,5416122,Melaleuca,Myrtaceae,Myrtales,Magnoliopsida,Tracheophyta,Plantae,ACCEPTED,EXACT,99,True,,2026-08-20
Melaleuca uncinata,Melaleuca uncinata,5416071,Melaleuca,Myrtaceae,Myrtales,Magnoliopsida,Tracheophyta,Plantae,ACCEPTED,EXACT,99,True,,2026-08-20
Melaleuca viridiflora,Melaleuca viridiflora,5416109,Melaleuca,Myrtaceae,Myrtales,Magnoliopsida,Tracheophyta,Plantae,ACCEPTED,EXACT,97,True,,2026-08-20
Melampyrum roseum,Melampyrum roseum,7331647,Melampyrum,Orobanchaceae,Lamiales,Magnoliopsida,Tracheophyta,Plantae,ACCEPTED,EXACT,99,True,,2026-08-20
Melastoma candidum,Melastoma malabathricum,5834766,Melastoma,Melastomataceae,Myrtales,Magnoliopsida,Tracheophyta,Plantae,SYNONYM,EXACT,98,True,,2026-08-20
Melia azadirachta,Azadirachta indica,3190474,Azadirachta,Meliaceae,Sapindales,Magnoliopsida,Tracheophyta,Plantae,SYNONYM,EXACT,98,True,,2026-08-20
Melia azedarach,Melia azedarach,5914287,Melia,Meliaceae,Sapindales,Magnoliopsida,Tracheophyta,Plantae,ACCEPTED,EXACT,98,True,,2026-08-20
Melicope elleryana,Melicope elleryana,3833337,Melicope,Rutaceae,Sapindales,Magnoliopsida,Tracheophyta,Plantae,ACCEPTED,EXACT,99,True,,2026-08-20
Melicope hayesii,Melicope hayesii,3833013,Melicope,Rutaceae,Sapindales,Magnoliopsida,Tracheophyta,Plantae,ACCEPTED,EXACT,99,True,,2026-08-20
Melilotus albus,Melilotus albus,2971095,Melilotus,Fabaceae,Fabales,Magnoliopsida,Tracheophyta,Plantae,ACCEPTED,EXACT,97,True,,2026-08-20
Melilotus officinalis,Melilotus officinalis,8193111,Melilotus,Fabaceae,Fabales,Magnoliopsida,Tracheophyta,Plantae,ACCEPTED,EXACT,97,True,,2026-08-20
Melissa officinalis,Melissa officinalis,5341501,Melissa,Lamiaceae,Lamiales,Magnoliopsida,Tracheophyta,Plantae,ACCEPTED,EXACT,99,True,,2026-08-20
Melothria heterophylla,,,Melothria,Cucurbitaceae,Cucurbitales,,,Plantae,,HIGHERRANK,0,False,no_match:HIGHERRANK|genus_fallback,2026-08-20
Mentha aquatica,Mentha aquatica,2927208,Mentha,Lamiaceae,Lamiales,Magnoliopsida,Tracheophyta,Plantae,ACCEPTED,EXACT,98,True,,2026-08-20
Mentha arvensis,Mentha arvensis,2927192,Mentha,Lamiaceae,Lamiales,Magnoliopsida,Tracheophyta,Plantae,ACCEPTED,EXACT,99,True,,2026-08-20
Mentha australis,Mentha australis,3903405,Mentha,Lamiaceae,Lamiales,Magnoliopsida,Tracheophyta,Plantae,ACCEPTED,EXACT,99,True,,2026-08-20
Mentha canadensis,Mentha canadensis,2927198,Mentha,Lamiaceae,Lamiales,Magnoliopsida,Tracheophyta,Plantae,ACCEPTED,EXACT,97,True,,2026-08-20
Mentha cardiaca,Mentha gracilis,7923052,Mentha,Lamiaceae,Lamiales,Magnoliopsida,Tracheophyta,Plantae,SYNONYM,EXACT,97,True,,2026-08-20
Mentha citrata,Mentha aquatica,2927208,Mentha,Lamiaceae,Lamiales,Magnoliopsida,Tracheophyta,Plantae,SYNONYM,EXACT,98,True,,2026-08-20
Mentha haplocalix,Mentha canadensis,2927198,Mentha,Lamiaceae,Lamiales,Magnoliopsida,Tracheophyta,Plantae,SYNONYM,FUZZY,96,True,,2026-08-20
Mentha longifolia,Mentha longifolia,7510173,Mentha,Lamiaceae,Lamiales,Magnoliopsida,Tracheophyta,Plantae,ACCEPTED,EXACT,97,True,,2026-08-20
Mentha piperita,Mentha piperita,8707933,Mentha,Lamiaceae,Lamiales,Magnoliopsida,Tracheophyta,Plantae,ACCEPTED,EXACT,99,True,,2026-08-20
Mentha pulegium,Mentha pulegium,2927189,Mentha,Lamiaceae,Lamiales,Magnoliopsida,Tracheophyta,Plantae,ACCEPTED,EXACT,98,True,,2026-08-20
Mentha rotundifolia,Mentha rotundifolia,8974899,Mentha,Lamiaceae,Lamiales,Magnoliopsida,Tracheophyta,Plantae,ACCEPTED,EXACT,97,True,,2026-08-20
Mentha spicata,Mentha spicata,2927175,Mentha,Lamiaceae,Lamiales,Magnoliopsida,Tracheophyta,Plantae,ACCEPTED,EXACT,97,True,,2026-08-14
Mentha suaveolens,Mentha suaveolens,2927190,Mentha,Lamiaceae,Lamiales,Magnoliopsida,Tracheophyta,Plantae,ACCEPTED,EXACT,97,True,,2026-08-20
Mentha viridis,Mentha spicata,7308335,Mentha,Lamiaceae,Lamiales,Magnoliopsida,Tracheophyta,Plantae,SYNONYM,EXACT,98,True,,2026-08-14
Menyanthes trifoliata,Menyanthes trifoliata,5341511,Menyanthes,Menyanthaceae,Asterales,Magnoliopsida,Tracheophyta,Plantae,ACCEPTED,EXACT,99,True,,2026-08-20
Mercurialis annua,Mercurialis annua,3062975,Mercurialis,Euphorbiaceae,Malpighiales,Magnoliopsida,Tracheophyta,Plantae,ACCEPTED,EXACT,97,True,,2026-08-20
Mercurialis perennis,Mercurialis perennis,3063016,Mercurialis,Euphorbiaceae,Malpighiales,Magnoliopsida,Tracheophyta,Plantae,ACCEPTED,EXACT,99,True,,2026-08-20
Meristotheca dakarensis,,,Meristotheca,Solieriaceae,Gigartinales,,,Plantae,,HIGHERRANK,0,False,no_match:HIGHERRANK|genus_fallback,2026-08-20
Mertensia maritima,Mertensia maritima,5341246,Mertensia,Boraginaceae,Boraginales,Magnoliopsida,Tracheophyta,Plantae,ACCEPTED,EXACT,99,True,,2026-08-20
Mesembryanthemum crystallinum,Mesembryanthemum crystallinum,3084839,Mesembryanthemum,Aizoaceae,Caryophyllales,Magnoliopsida,Tracheophyta,Plantae,ACCEPTED,EXACT,99,True,,2026-08-20
Mesophyllum lichenoides,Mesophyllum lichenoides,5275960,Mesophyllum,Mesophyllumaceae,Corallinales,Florideophyceae,Rhodophyta,Plantae,ACCEPTED,EXACT,99,True,,2026-08-20
Messerschmidia sibirica,Tournefortia sibirica,2925916,Tournefortia,Heliotropiaceae,Boraginales,Magnoliopsida,Tracheophyta,Plantae,SYNONYM,EXACT,98,True,,2026-08-20
Mesua ferrea,Mesua ferrea,7330039,Mesua,Calophyllaceae,Malpighiales,Magnoliopsida,Tracheophyta,Plantae,ACCEPTED,EXACT,99,True,,2026-08-20
Metasequoia glyptostroboides,Metasequoia glyptostroboides,5284231,Metasequoia,Cupressaceae,Pinales,Pinopsida,Tracheophyta,Plantae,ACCEPTED,EXACT,99,True,,2026-08-20
Metrosideros excelsa,Metrosideros excelsa,3185393,Metrosideros,Myrtaceae,Myrtales,Magnoliopsida,Tracheophyta,Plantae,ACCEPTED,EXACT,97,True,,2026-08-20
Michelia alba,Magnolia alba,3987892,Magnolia,Magnoliaceae,Magnoliales,Magnoliopsida,Tracheophyta,Plantae,SYNONYM,EXACT,98,True,,2026-08-20
Michelia champaca,Magnolia champaca,3153099,Magnolia,Magnoliaceae,Magnoliales,Magnoliopsida,Tracheophyta,Plantae,SYNONYM,EXACT,98,True,,2026-08-20
Microcitrus australis,Microcitrus australis,3190061,Microcitrus,Rutaceae,Sapindales,Magnoliopsida,Tracheophyta,Plantae,ACCEPTED,EXACT,99,True,,2026-08-20
Microglena reginae,Microglena reginae,8355174,Microglena,Mallomonadaceae,Synurales,Chrysophyceae,Ochrophyta,Chromista,ACCEPTED,EXACT,99,True,,2026-08-20
Micromeria chamissonis,Micromeria douglasii,5606562,Micromeria,Lamiaceae,Lamiales,Magnoliopsida,Tracheophyta,Plantae,SYNONYM,EXACT,98,True,,2026-08-20
Mimosa pudica,Mimosa pudica,2969284,Mimosa,Fabaceae,Fabales,Magnoliopsida,Tracheophyta,Plantae,ACCEPTED,EXACT,98,True,,2026-08-20
Mimosa tenuiflora,Mimosa tenuiflora,2969531,Mimosa,Fabaceae,Fabales,Magnoliopsida,Tracheophyta,Plantae,ACCEPTED,EXACT,97,True,,2026-08-20
Mimusops elengi,Mimusops elengi,2883768,Mimusops,Sapotaceae,Ericales,Magnoliopsida,Tracheophyta,Plantae,ACCEPTED,EXACT,97,True,,2026-08-20
Mirabilis jalapa,Mirabilis jalapa,3086240,Mirabilis,Nyctaginaceae,Caryophyllales,Magnoliopsida,Tracheophyta,Plantae,ACCEPTED,EXACT,99,True,,2026-08-20
Miscanthus sinensis,Miscanthus sinensis,2706026,Miscanthus,Poaceae,Poales,Liliopsida,Tracheophyta,Plantae,ACCEPTED,EXACT,98,True,,2026-08-20
Mitracarpus scaber,Mitracarpus hirtus,2912993,Mitracarpus,Rubiaceae,Gentianales,Magnoliopsida,Tracheophyta,Plantae,SYNONYM,EXACT,97,True,,2026-08-20
Miyamayomena koraiensis,Aster koraiensis,5387457,Aster,Asteraceae,Asterales,Magnoliopsida,Tracheophyta,Plantae,SYNONYM,EXACT,98,True,,2026-08-20
Momordica charantia,Momordica charantia,2874581,Momordica,Cucurbitaceae,Cucurbitales,Magnoliopsida,Tracheophyta,Plantae,ACCEPTED,EXACT,97,True,,2026-08-20
Momordica cochinchinensis,Momordica cochinchinensis,2874580,Momordica,Cucurbitaceae,Cucurbitales,Magnoliopsida,Tracheophyta,Plantae,ACCEPTED,EXACT,98,True,,2026-08-20
Momordica grosvenorii,Siraitia grosvenorii,3623059,Siraitia,Cucurbitaceae,Cucurbitales,Magnoliopsida,Tracheophyta,Plantae,SYNONYM,EXACT,98,True,,2026-08-20
Monarda didyma,Monarda didyma,5341407,Monarda,Lamiaceae,Lamiales,Magnoliopsida,Tracheophyta,Plantae,ACCEPTED,EXACT,99,True,,2026-08-20
Monarda fistulosa,Monarda fistulosa,5341411,Monarda,Lamiaceae,Lamiales,Magnoliopsida,Tracheophyta,Plantae,ACCEPTED,EXACT,97,True,,2026-08-20
Mondia whitei,Mondia whitei,4940092,Mondia,Apocynaceae,Gentianales,Magnoliopsida,Tracheophyta,Plantae,ACCEPTED,EXACT,99,True,,2026-08-20
Monochoria hastata,Pontederia hastata,2765991,Pontederia,Pontederiaceae,Commelinales,Liliopsida,Tracheophyta,Plantae,SYNONYM,EXACT,98,True,,2026-08-20
Monostroma nitidum,Monostroma nitidum,2645228,Monostroma,Monostromataceae,Ulvales,Ulvophyceae,Chlorophyta,Plantae,ACCEPTED,EXACT,99,True,,2026-08-20
Morchella esculenta,Morchella esculenta,2594602,Morchella,Morchellaceae,Pezizales,Pezizomycetes,Ascomycota,Fungi,ACCEPTED,EXACT,99,True,,2026-08-20
Morella pensylvanica,Morella pensylvanica,3169001,Morella,Myricaceae,Fagales,Magnoliopsida,Tracheophyta,Plantae,ACCEPTED,EXACT,99,True,,2026-08-20
Morinda citrifolia,Morinda citrifolia,5339879,Morinda,Rubiaceae,Gentianales,Magnoliopsida,Tracheophyta,Plantae,ACCEPTED,EXACT,99,True,,2026-08-20
Moringa drouhardii,Moringa drouhardii,3752368,Moringa,Moringaceae,Brassicales,Magnoliopsida,Tracheophyta,Plantae,ACCEPTED,EXACT,99,True,,2026-08-20
Moringa oleifera,Moringa oleifera,3054181,Moringa,Moringaceae,Brassicales,Magnoliopsida,Tracheophyta,Plantae,ACCEPTED,EXACT,97,True,,2026-08-20
Morus alba,Morus alba,5361889,Morus,Moraceae,Rosales,Magnoliopsida,Tracheophyta,Plantae,ACCEPTED,EXACT,97,True,,2026-08-20
Morus australis,Broussonetia papyrifera,5361944,Broussonetia,Moraceae,Rosales,Magnoliopsida,Tracheophyta,Plantae,SYNONYM,EXACT,98,True,,2026-08-20
Morus bombycis,Morus indica,5569978,Morus,Moraceae,Rosales,Magnoliopsida,Tracheophyta,Plantae,SYNONYM,EXACT,98,True,,2026-08-20
Morus nigra,Morus nigra,5361888,Morus,Moraceae,Rosales,Magnoliopsida,Tracheophyta,Plantae,ACCEPTED,EXACT,98,True,,2026-08-20
Mosla dianthera,Mosla dianthera,2926630,Mosla,Lamiaceae,Lamiales,Magnoliopsida,Tracheophyta,Plantae,ACCEPTED,EXACT,99,True,,2026-08-20
Mourera fluviatilis,Mourera fluviatilis,4072534,Mourera,Podostemaceae,Malpighiales,Magnoliopsida,Tracheophyta,Plantae,ACCEPTED,EXACT,99,True,,2026-08-20
Mucuna birdwoodiana,Mucuna birdwoodiana,2951398,Mucuna,Fabaceae,Fabales,Magnoliopsida,Tracheophyta,Plantae,ACCEPTED,EXACT,99,True,,2026-08-20
Mucuna pruriens,Mucuna pruriens,2951499,Mucuna,Fabaceae,Fabales,Magnoliopsida,Tracheophyta,Plantae,ACCEPTED,EXACT,99,True,,2026-08-20
Muhlenbergia capillaris,Muhlenbergia capillaris,2704016,Muhlenbergia,Poaceae,Poales,Liliopsida,Tracheophyta,Plantae,ACCEPTED,EXACT,99,True,,2026-08-20
Murdannia keisak,Murdannia keisak,2764809,Murdannia,Commelinaceae,Commelinales,Liliopsida,Tracheophyta,Plantae,ACCEPTED,EXACT,99,True,,2026-08-20
Murraya exotica,,,,,,,,,,HIGHERRANK,0,False,no_match:HIGHERRANK,2026-08-20
Murraya koenigii,Murraya koenigii,5421333,Murraya,Rutaceae,Sapindales,Magnoliopsida,Tracheophyta,Plantae,ACCEPTED,EXACT,99,True,,2026-08-20
Musa acuminata,Musa acuminata,2762680,Musa,Musaceae,Zingiberales,Liliopsida,Tracheophyta,Plantae,ACCEPTED,EXACT,99,True,,2026-08-20
Musa balbisiana,Musa balbisiana,2762950,Musa,Musaceae,Zingiberales,Liliopsida,Tracheophyta,Plantae,ACCEPTED,EXACT,99,True,,2026-08-20
Musa basjoo,Musa basjoo,2762737,Musa,Musaceae,Zingiberales,Liliopsida,Tracheophyta,Plantae,ACCEPTED,EXACT,98,True,,2026-08-20
Musa nana,Musa nana,3750363,Musa,Musaceae,Zingiberales,Liliopsida,Tracheophyta,Plantae,DOUBTFUL,EXACT,97,True,,2026-08-20
Musa paradisiaca,Musa paradisiaca,2762752,Musa,Musaceae,Zingiberales,Liliopsida,Tracheophyta,Plantae,ACCEPTED,EXACT,99,True,,2026-08-20
Musa sapientum,Musa paradisiaca,2762752,Musa,Musaceae,Zingiberales,Liliopsida,Tracheophyta,Plantae,SYNONYM,EXACT,98,True,,2026-08-20
Mycoleptodonoides aitchisonii,Mycoleptodonoides aitchisonii,2545232,Mycoleptodonoides,Meruliaceae,Polyporales,Agaricomycetes,Basidiomycota,Fungi,ACCEPTED,EXACT,99,True,,2026-08-20
Myosotis sylvatica,Myosotis sylvatica,5341175,Myosotis,Boraginaceae,Boraginales,Magnoliopsida,Tracheophyta,Plantae,ACCEPTED,EXACT,97,True,,2026-08-20
Myrcia polyantha,Myrcia neopolyantha,9247637,Myrcia,Myrtaceae,Myrtales,Magnoliopsida,Tracheophyta,Plantae,SYNONYM,EXACT,98,True,,2026-08-20
Myrciaria cauliflora,Plinia cauliflora,5415571,Plinia,Myrtaceae,Myrtales,Magnoliopsida,Tracheophyta,Plantae,SYNONYM,EXACT,98,True,,2026-08-20
Myrciaria dubia,Myrciaria dubia,10342163,Myrciaria,Myrtaceae,Myrtales,Magnoliopsida,Tracheophyta,Plantae,ACCEPTED,EXACT,97,True,,2026-08-20
Myrica cerifera,Myrica cerifera,8038589,Myrica,Myricaceae,Fagales,Magnoliopsida,Tracheophyta,Plantae,ACCEPTED,EXACT,97,True,,2026-08-20
Myrica esculenta,Morella esculenta,3745012,Morella,Myricaceae,Fagales,Magnoliopsida,Tracheophyta,Plantae,SYNONYM,EXACT,97,True,,2026-08-20
Myrica gale,Myrica gale,5414202,Myrica,Myricaceae,Fagales,Magnoliopsida,Tracheophyta,Plantae,ACCEPTED,EXACT,99,True,,2026-08-20
Myrica nagi,Nageia nagi,2687779,Nageia,Podocarpaceae,Pinales,Pinopsida,Tracheophyta,Plantae,SYNONYM,EXACT,98,True,,2026-08-20
Myrica pubescens,Morella pubescens,3744993,Morella,Myricaceae,Fagales,Magnoliopsida,Tracheophyta,Plantae,SYNONYM,EXACT,97,True,,2026-08-20
Myrica rubra,Myrica rubra,8216229,Myrica,Myricaceae,Fagales,Magnoliopsida,Tracheophyta,Plantae,ACCEPTED,EXACT,97,True,,2026-08-20
Myriophyllum spicatum,Myriophyllum spicatum,5361760,Myriophyllum,Haloragaceae,Saxifragales,Magnoliopsida,Tracheophyta,Plantae,ACCEPTED,EXACT,97,True,,2026-08-20
Myriophyllum verticillatum,Myriophyllum verticillatum,5361779,Myriophyllum,Haloragaceae,Saxifragales,Magnoliopsida,Tracheophyta,Plantae,ACCEPTED,EXACT,98,True,,2026-08-20
Myristica fragrans,Myristica fragrans,5406817,Myristica,Myristicaceae,Magnoliales,Magnoliopsida,Tracheophyta,Plantae,ACCEPTED,EXACT,98,True,,2026-08-20
Myrocarpus fastigiatus,Myrocarpus fastigiatus,2945758,Myrocarpus,Fabaceae,Fabales,Magnoliopsida,Tracheophyta,Plantae,ACCEPTED,EXACT,99,True,,2026-08-20
Myrocarpus frondosus,Myrocarpus frondosus,2945759,Myrocarpus,Fabaceae,Fabales,Magnoliopsida,Tracheophyta,Plantae,ACCEPTED,EXACT,99,True,,2026-08-20
Myrothamnus flabellifolia,Myrothamnus flabellifolius,4936263,Myrothamnus,Myrothamnaceae,Gunnerales,Magnoliopsida,Tracheophyta,Plantae,ACCEPTED,FUZZY,96,True,,2026-08-20
Myroxylon balsamum,Myroxylon balsamum,5357190,Myroxylon,Fabaceae,Fabales,Magnoliopsida,Tracheophyta,Plantae,ACCEPTED,EXACT,98,True,,2026-08-20
Myroxylon pereirae,Myroxylon balsamum,5357190,Myroxylon,Fabaceae,Fabales,Magnoliopsida,Tracheophyta,Plantae,SYNONYM,EXACT,97,True,,2026-08-20
Myrrhis odorata,Myrrhis odorata,3034681,Myrrhis,Apiaceae,Apiales,Magnoliopsida,Tracheophyta,Plantae,ACCEPTED,EXACT,99,True,,2026-08-20
Myrsine africana,Myrsine africana,7331120,Myrsine,Primulaceae,Ericales,Magnoliopsida,Tracheophyta,Plantae,ACCEPTED,EXACT,99,True,,2026-08-20
Myrtus communis,Myrtus communis,3180085,Myrtus,Myrtaceae,Myrtales,Magnoliopsida,Tracheophyta,Plantae,ACCEPTED,EXACT,97,True,,2026-08-20
Nageia nagi,Nageia nagi,2687779,Nageia,Podocarpaceae,Pinales,Pinopsida,Tracheophyta,Plantae,ACCEPTED,EXACT,98,True,,2026-08-20
Nannochloropsis oceanica,,,Nannochloropsis,Monodopsidaceae,Eustigmatales,,,Chromista,,HIGHERRANK,0,False,no_match:HIGHERRANK|genus_fallback,2026-08-20
Narcissus jonquilla,Narcissus jonquilla,2858909,Narcissus,Amaryllidaceae,Asparagales,Liliopsida,Tracheophyta,Plantae,ACCEPTED,EXACT,97,True,,2026-08-20
Narcissus poeticus,Narcissus poeticus,2858581,Narcissus,Amaryllidaceae,Asparagales,Liliopsida,Tracheophyta,Plantae,ACCEPTED,EXACT,98,True,,2026-08-20
Narcissus pseudo-narcissus,Narcissus pseudonarcissus,2858244,Narcissus,Amaryllidaceae,Asparagales,Liliopsida,Tracheophyta,Plantae,ACCEPTED,FUZZY,96,True,,2026-08-20
Narcissus pseudonarcissus,Narcissus pseudonarcissus,2858244,Narcissus,Amaryllidaceae,Asparagales,Liliopsida,Tracheophyta,Plantae,ACCEPTED,EXACT,99,True,,2026-08-20
Narcissus tazetta,Narcissus tazetta,2858963,Narcissus,Amaryllidaceae,Asparagales,Liliopsida,Tracheophyta,Plantae,ACCEPTED,EXACT,98,True,,2026-08-20
Narcissus triandrus,Narcissus triandrus,2858501,Narcissus,Amaryllidaceae,Asparagales,Liliopsida,Tracheophyta,Plantae,ACCEPTED,EXACT,98,True,,2026-08-20
Nardostachys chinensis,Nardostachys jatamansi,4095989,Nardostachys,Caprifoliaceae,Dipsacales,Magnoliopsida,Tracheophyta,Plantae,SYNONYM,EXACT,98,True,,2026-08-20
Nardostachys jatamansi,Nardostachys jatamansi,4095989,Nardostachys,Caprifoliaceae,Dipsacales,Magnoliopsida,Tracheophyta,Plantae,ACCEPTED,EXACT,97,True,,2026-08-20
Nasturtium officinale,Nasturtium officinale,7701037,Nasturtium,Brassicaceae,Brassicales,Magnoliopsida,Tracheophyta,Plantae,ACCEPTED,EXACT,97,True,,2026-08-20
Nauclea orientalis,Nauclea orientalis,5339133,Nauclea,Rubiaceae,Gentianales,Magnoliopsida,Tracheophyta,Plantae,ACCEPTED,EXACT,97,True,,2026-08-20
Nelumbium speciosum,Nelumbo nucifera,2882449,Nelumbo,Nelumbonaceae,Proteales,Magnoliopsida,Tracheophyta,Plantae,SYNONYM,EXACT,98,True,,2026-08-20
Nelumbo nucifera,Nelumbo nucifera,2882449,Nelumbo,Nelumbonaceae,Proteales,Magnoliopsida,Tracheophyta,Plantae,ACCEPTED,EXACT,99,True,,2026-08-20
Neocheiropteris ensata,Lepisorus ensatus,11136476,Lepisorus,Polypodiaceae,Polypodiales,Polypodiopsida,Tracheophyta,Plantae,SYNONYM,EXACT,98,True,,2026-08-20
Neofinetia falcata,Neofinetia falcata,10848012,Neofinetia,Orchidaceae,Asparagales,Liliopsida,Tracheophyta,Plantae,ACCEPTED,EXACT,97,True,,2026-08-20
Neolepisorus fortunei,Neolepisorus fortunei,12345429,Lepisorus,Polypodiaceae,Polypodiales,Polypodiopsida,Tracheophyta,Plantae,DOUBTFUL,EXACT,96,True,,2026-08-20
Neolitsea aciculata,Neolitsea aciculata,7304524,Neolitsea,Lauraceae,Laurales,Magnoliopsida,Tracheophyta,Plantae,ACCEPTED,EXACT,99,True,,2026-08-20
Nepenthes mirabilis,Nepenthes mirabilis,3190712,Nepenthes,Nepenthaceae,Caryophyllales,Magnoliopsida,Tracheophyta,Plantae,ACCEPTED,EXACT,97,True,,2026-08-20
Nepeta cataria,Nepeta cataria,5341499,Nepeta,Lamiaceae,Lamiales,Magnoliopsida,Tracheophyta,Plantae,ACCEPTED,EXACT,99,True,,2026-08-20
Nepeta sibirica,Nepeta sibirica,7540389,Nepeta,Lamiaceae,Lamiales,Magnoliopsida,Tracheophyta,Plantae,ACCEPTED,EXACT,98,True,,2026-08-20
Nephelium lappaceum,Nephelium lappaceum,5421126,Nephelium,Sapindaceae,Sapindales,Magnoliopsida,Tracheophyta,Plantae,ACCEPTED,EXACT,97,True,,2026-08-20
Nephelium longana,Dimocarpus longan,3190008,Dimocarpus,Sapindaceae,Sapindales,Magnoliopsida,Tracheophyta,Plantae,SYNONYM,EXACT,98,True,,2026-08-20
Nerium oleander,Nerium oleander,3169756,Nerium,Apocynaceae,Gentianales,Magnoliopsida,Tracheophyta,Plantae,ACCEPTED,EXACT,99,True,,2026-08-20
Nicotiana sylvestris,Nicotiana sylvestris,2928767,Nicotiana,Solanaceae,Solanales,Magnoliopsida,Tracheophyta,Plantae,ACCEPTED,EXACT,99,True,,2026-08-20
Nicotiana tabacum,Nicotiana tabacum,2928774,Nicotiana,Solanaceae,Solanales,Magnoliopsida,Tracheophyta,Plantae,ACCEPTED,EXACT,99,True,,2026-08-20
Nigella damascena,Nigella damascena,5371702,Nigella,Ranunculaceae,Ranunculales,Magnoliopsida,Tracheophyta,Plantae,ACCEPTED,EXACT,99,True,,2026-08-20
Nigella sativa,Nigella sativa,5371700,Nigella,Ranunculaceae,Ranunculales,Magnoliopsida,Tracheophyta,Plantae,ACCEPTED,EXACT,99,True,,2026-08-20
Nitrosomonas eutropha,Nitrosomonas eutropha,11194171,Nitrosomonas,Nitrosomonadaceae,Burkholderiales,Gammaproteobacteria,Proteobacteria,Bacteria,ACCEPTED,EXACT,98,True,,2026-08-20
Nopalea cochenillifera,Opuntia cochenillifera,5384050,Opuntia,Cactaceae,Caryophyllales,Magnoliopsida,Tracheophyta,Plantae,SYNONYM,EXACT,97,True,,2026-08-20
Nostoc endophytum,Nostoc paludosum,3219439,Nostoc,Nostocaceae,Cyanobacteriales,Cyanobacteriia,Cyanobacteria,Bacteria,SYNONYM,EXACT,98,True,,2026-08-20
Nostoc flagelliforme,Nostoc flagelliforme,12085956,Nostoc,Nostocaceae,Cyanobacteriales,Cyanobacteriia,Cyanobacteria,Bacteria,ACCEPTED,EXACT,97,True,,2026-08-20
Notholirion bulbuliferum,Notholirion bulbuliferum,2752055,Notholirion,Liliaceae,Liliales,Liliopsida,Tracheophyta,Plantae,ACCEPTED,EXACT,99,True,,2026-08-20
Nuphar japonicum,Nuphar japonica,7326938,Nuphar,Nymphaeaceae,Nymphaeales,Magnoliopsida,Tracheophyta,Plantae,ACCEPTED,FUZZY,96,True,,2026-08-20
Nuphar lutea,Nuphar lutea,7551339,Nuphar,Nymphaeaceae,Nymphaeales,Magnoliopsida,Tracheophyta,Plantae,ACCEPTED,EXACT,99,True,,2026-08-20
Nuphar luteum,Nuphar lutea,7551339,Nuphar,Nymphaeaceae,Nymphaeales,Magnoliopsida,Tracheophyta,Plantae,ACCEPTED,FUZZY,96,True,,2026-08-20
Nyctanthes arbor-tristis,Nyctanthes arbor-tristis,3683008,Nyctanthes,Oleaceae,Lamiales,Magnoliopsida,Tracheophyta,Plantae,ACCEPTED,EXACT,99,True,,2026-08-20
Nymphaea alba,Nymphaea alba,2882437,Nymphaea,Nymphaeaceae,Nymphaeales,Magnoliopsida,Tracheophyta,Plantae,ACCEPTED,EXACT,97,True,,2026-08-20
Nymphaea ampla,Nymphaea ampla,2882432,Nymphaea,Nymphaeaceae,Nymphaeales,Magnoliopsida,Tracheophyta,Plantae,ACCEPTED,EXACT,97,True,,2026-08-20
Nymphaea caerulea,Nymphaea nouchali,7326947,Nymphaea,Nymphaeaceae,Nymphaeales,Magnoliopsida,Tracheophyta,Plantae,SYNONYM,EXACT,97,True,,2026-08-20
Nymphaea coerulea,Nymphaea coerulea,3697532,Nymphaea,Nymphaeaceae,Nymphaeales,Magnoliopsida,Tracheophyta,Plantae,ACCEPTED,EXACT,97,True,,2026-08-20
Nymphaea gigantea,Nymphaea gigantea,7326918,Nymphaea,Nymphaeaceae,Nymphaeales,Magnoliopsida,Tracheophyta,Plantae,ACCEPTED,EXACT,99,True,,2026-08-20
Nymphaea lotus,Nymphaea lotus,2882429,Nymphaea,Nymphaeaceae,Nymphaeales,Magnoliopsida,Tracheophyta,Plantae,ACCEPTED,EXACT,97,True,,2026-08-20
Nymphaea odorata,Nymphaea odorata,2882412,Nymphaea,Nymphaeaceae,Nymphaeales,Magnoliopsida,Tracheophyta,Plantae,ACCEPTED,EXACT,97,True,,2026-08-20
Nymphaea rubra,Nymphaea rubra,7365664,Nymphaea,Nymphaeaceae,Nymphaeales,Magnoliopsida,Tracheophyta,Plantae,ACCEPTED,EXACT,97,True,,2026-08-20
Nymphaea stellata,,,Nymphaea,Nymphaeaceae,Nymphaeales,,,Plantae,,HIGHERRANK,0,False,no_match:HIGHERRANK|genus_fallback,2026-08-20
Nymphaea tetragona,Nymphaea tetragona,2882422,Nymphaea,Nymphaeaceae,Nymphaeales,Magnoliopsida,Tracheophyta,Plantae,ACCEPTED,EXACT,97,True,,2026-08-20
Nymphoides hydrophylla,Nymphoides hydrophylla,5592249,Nymphoides,Menyanthaceae,Asterales,Magnoliopsida,Tracheophyta,Plantae,ACCEPTED,EXACT,99,True,,2026-08-20
Nypa fruticans,Nypa fruticans,2738422,Nypa,Arecaceae,Arecales,Liliopsida,Tracheophyta,Plantae,ACCEPTED,EXACT,98,True,,2026-08-20
Oak vinegar,,,,,,,,,,NONE,0,False,no_match:NONE,2026-08-20
Ocimum americanum,Ocimum americanum,2927097,Ocimum,Lamiaceae,Lamiales,Magnoliopsida,Tracheophyta,Plantae,ACCEPTED,EXACT,98,True,,2026-08-20
Ocimum basilicum,Ocimum basilicum,2927096,Ocimum,Lamiaceae,Lamiales,Magnoliopsida,Tracheophyta,Plantae,ACCEPTED,EXACT,99,True,,2026-08-20
Ocimum canum,Ocimum americanum,2927097,Ocimum,Lamiaceae,Lamiales,Magnoliopsida,Tracheophyta,Plantae,SYNONYM,EXACT,98,True,,2026-08-20
Ocimum gratissimum,Ocimum gratissimum,2927094,Ocimum,Lamiaceae,Lamiales,Magnoliopsida,Tracheophyta,Plantae,ACCEPTED,EXACT,97,True,,2026-08-20
Ocimum sanctum,Ocimum tenuiflorum,2927100,Ocimum,Lamiaceae,Lamiales,Magnoliopsida,Tracheophyta,Plantae,SYNONYM,EXACT,98,True,,2026-08-20
Ocimum tenuiflorum,Ocimum tenuiflorum,2927100,Ocimum,Lamiaceae,Lamiales,Magnoliopsida,Tracheophyta,Plantae,ACCEPTED,EXACT,97,True,,2026-08-20
Ocotea quixos,Mespilodaphne quixos,11020082,Mespilodaphne,Lauraceae,Laurales,Magnoliopsida,Tracheophyta,Plantae,SYNONYM,EXACT,97,True,,2026-08-20
Oenanthe javanica,Oenanthe javanica,5371886,Oenanthe,Apiaceae,Apiales,Magnoliopsida,Tracheophyta,Plantae,ACCEPTED,EXACT,99,True,,2026-08-20
Oenocarpus bacaba,Oenocarpus bacaba,2735454,Oenocarpus,Arecaceae,Arecales,Liliopsida,Tracheophyta,Plantae,ACCEPTED,EXACT,99,True,,2026-08-14
Oenocarpus bataua,Oenocarpus bataua,2735462,Oenocarpus,Arecaceae,Arecales,Liliopsida,Tracheophyta,Plantae,ACCEPTED,EXACT,99,True,,2026-08-14
Oenothera biennis,Oenothera biennis,3188924,Oenothera,Onagraceae,Myrtales,Magnoliopsida,Tracheophyta,Plantae,ACCEPTED,EXACT,97,True,,2026-08-20
Oenothera lindheimeri,Oenothera lindheimeri,3664589,Oenothera,Onagraceae,Myrtales,Magnoliopsida,Tracheophyta,Plantae,ACCEPTED,EXACT,99,True,,2026-08-20
Oenothera tetraptera,Oenothera tetraptera,3188815,Oenothera,Onagraceae,Myrtales,Magnoliopsida,Tracheophyta,Plantae,ACCEPTED,EXACT,99,True,,2026-08-20
Olax dissitiflora,Olax dissitiflora,3685821,Olax,Olacaceae,Santalales,Magnoliopsida,Tracheophyta,Plantae,ACCEPTED,EXACT,99,True,,2026-08-20
Oldenlandia diffusa,Scleromitrion diffusum,9264048,Scleromitrion,Rubiaceae,Gentianales,Magnoliopsida,Tracheophyta,Plantae,SYNONYM,EXACT,98,True,,2026-08-20
Olea europaea,Olea europaea,5415040,Olea,Oleaceae,Lamiales,Magnoliopsida,Tracheophyta,Plantae,ACCEPTED,EXACT,97,True,,2026-08-20
Ononis arvensis,Ononis arvensis,2977171,Ononis,Fabaceae,Fabales,Magnoliopsida,Tracheophyta,Plantae,ACCEPTED,EXACT,98,True,,2026-08-20
Ononis spinosa,Ononis spinosa,2977149,Ononis,Fabaceae,Fabales,Magnoliopsida,Tracheophyta,Plantae,ACCEPTED,EXACT,98,True,,2026-08-20
Onopordum acanthium,Onopordum acanthium,3094900,Onopordum,Asteraceae,Asterales,Magnoliopsida,Tracheophyta,Plantae,ACCEPTED,EXACT,99,True,,2026-08-20
Onychium japonicum,,,,,,,,Plantae,,HIGHERRANK,0,False,no_match:HIGHERRANK|genus_fallback,2026-08-20
Operculina altissima,Operculina hamiltonii,7323899,Operculina,Convolvulaceae,Solanales,Magnoliopsida,Tracheophyta,Plantae,SYNONYM,EXACT,98,True,,2026-08-20
Operculina turpethum,Operculina turpethum,5341747,Operculina,Convolvulaceae,Solanales,Magnoliopsida,Tracheophyta,Plantae,ACCEPTED,EXACT,97,True,,2026-08-20
Ophioglossum vulgatum,Ophioglossum vulgatum,2650133,Ophioglossum,Ophioglossaceae,Ophioglossales,Polypodiopsida,Tracheophyta,Plantae,ACCEPTED,EXACT,97,True,,2026-08-20
Ophiopogon japonicus,Ophiopogon japonicus,2774158,Ophiopogon,Asparagaceae,Asparagales,Liliopsida,Tracheophyta,Plantae,ACCEPTED,EXACT,98,True,,2026-08-20
Oplopanax elatus,Oplopanax elatus,3036347,Oplopanax,Araliaceae,Apiales,Magnoliopsida,Tracheophyta,Plantae,ACCEPTED,EXACT,99,True,,2026-08-20
Opopanax chironium,Opopanax chironium,6027176,Opopanax,Apiaceae,Apiales,Magnoliopsida,Tracheophyta,Plantae,ACCEPTED,EXACT,97,True,,2026-08-20
Opuntia coccinellifera,Opuntia cochenillifera,5384050,Opuntia,Cactaceae,Caryophyllales,Magnoliopsida,Tracheophyta,Plantae,SYNONYM,EXACT,98,True,,2026-08-20
Opuntia ficus-indica,Opuntia ficus-indica,5384064,Opuntia,Cactaceae,Caryophyllales,Magnoliopsida,Tracheophyta,Plantae,ACCEPTED,EXACT,98,True,,2026-08-20
Opuntia humifusa,Opuntia humifusa,5384047,Opuntia,Cactaceae,Caryophyllales,Magnoliopsida,Tracheophyta,Plantae,ACCEPTED,EXACT,99,True,,2026-08-20
Opuntia phaeacantha,Opuntia phaeacantha,5384038,Opuntia,Cactaceae,Caryophyllales,Magnoliopsida,Tracheophyta,Plantae,ACCEPTED,EXACT,99,True,,2026-08-20
Opuntia robusta,Opuntia robusta,8171268,Opuntia,Cactaceae,Caryophyllales,Magnoliopsida,Tracheophyta,Plantae,ACCEPTED,EXACT,98,True,,2026-08-20
Opuntia streptacantha,Opuntia streptacantha,7283335,Opuntia,Cactaceae,Caryophyllales,Magnoliopsida,Tracheophyta,Plantae,ACCEPTED,EXACT,99,True,,2026-08-20
Opuntia stricta,Opuntia stricta,5384075,Opuntia,Cactaceae,Caryophyllales,Magnoliopsida,Tracheophyta,Plantae,ACCEPTED,EXACT,99,True,,2026-08-20
Opuntia tuna,Opuntia tuna,5384105,Opuntia,Cactaceae,Caryophyllales,Magnoliopsida,Tracheophyta,Plantae,ACCEPTED,EXACT,97,True,,2026-08-20
Opuntia vulgaris,Opuntia vulgaris,5384067,Opuntia,Cactaceae,Caryophyllales,Magnoliopsida,Tracheophyta,Plantae,ACCEPTED,EXACT,97,True,,2026-08-20
Orbignya cohune,Attalea cohune,2732676,Attalea,Arecaceae,Arecales,Liliopsida,Tracheophyta,Plantae,SYNONYM,EXACT,97,True,,2026-08-20
Orbignya martiana,Attalea speciosa,2732877,Attalea,Arecaceae,Arecales,Liliopsida,Tracheophyta,Plantae,SYNONYM,EXACT,98,True,,2026-08-20
Orbignya oleifera,Attalea vitrivir,2732861,Attalea,Arecaceae,Arecales,Liliopsida,Tracheophyta,Plantae,SYNONYM,EXACT,98,True,,2026-08-20
Orbignya phalerata,Attalea speciosa,2732877,Attalea,Arecaceae,Arecales,Liliopsida,Tracheophyta,Plantae,SYNONYM,EXACT,98,True,,2026-08-20
Orbignya speciosa,Attalea speciosa,2732877,Attalea,Arecaceae,Arecales,Liliopsida,Tracheophyta,Plantae,SYNONYM,EXACT,98,True,,2026-08-20
Orchis maculata,,,Orchis,Orchidaceae,Asparagales,,,Plantae,,HIGHERRANK,0,False,no_match:HIGHERRANK|genus_fallback,2026-08-20
Orchis mascula,Orchis mascula,2849427,Orchis,Orchidaceae,Asparagales,Liliopsida,Tracheophyta,Plantae,ACCEPTED,EXACT,97,True,,2026-08-20
Orchis morio,Orchis morio,7792969,Orchis,Orchidaceae,Asparagales,Liliopsida,Tracheophyta,Plantae,ACCEPTED,EXACT,97,True,,2026-08-20
Origanum cretium,Origanum creticum,7757256,Origanum,Lamiaceae,Lamiales,Magnoliopsida,Tracheophyta,Plantae,ACCEPTED,FUZZY,93,True,,2026-08-20
Origanum heracleoticum,,,Origanum,Lamiaceae,Lamiales,,,Plantae,,HIGHERRANK,0,False,no_match:HIGHERRANK|genus_fallback,2026-08-20
Origanum majorana,Origanum majorana,2926615,Origanum,Lamiaceae,Lamiales,Magnoliopsida,Tracheophyta,Plantae,ACCEPTED,EXACT,99,True,,2026-08-20
Origanum vulgare,Origanum vulgare,2926612,Origanum,Lamiaceae,Lamiales,Magnoliopsida,Tracheophyta,Plantae,ACCEPTED,EXACT,98,True,,2026-08-20
Ormenis mixta,Cladanthus mixtus,3110767,Cladanthus,Asteraceae,Asterales,Magnoliopsida,Tracheophyta,Plantae,SYNONYM,EXACT,98,True,,2026-08-20
Ormenis multicaulis,Cladanthus mixtus,3110767,Cladanthus,Asteraceae,Asterales,Magnoliopsida,Tracheophyta,Plantae,SYNONYM,EXACT,98,True,,2026-08-20
Ornithogalum umbellatum,Ornithogalum umbellatum,2773448,Ornithogalum,Asparagaceae,Asparagales,Liliopsida,Tracheophyta,Plantae,ACCEPTED,EXACT,99,True,,2026-08-20
Orobanche rapum,Orobanche rapum,7505001,Orobanche,Orobanchaceae,Lamiales,Magnoliopsida,Tracheophyta,Plantae,ACCEPTED,EXACT,97,True,,2026-08-20
Orostachys japonica,Orostachys japonica,7334756,Orostachys,Crassulaceae,Saxifragales,Magnoliopsida,Tracheophyta,Plantae,ACCEPTED,EXACT,99,True,,2026-08-20
Oroxylum indicum,Oroxylum indicum,7414934,Oroxylum,Bignoniaceae,Lamiales,Magnoliopsida,Tracheophyta,Plantae,ACCEPTED,EXACT,97,True,,2026-08-20
Orthosiphon stamineus,Orthosiphon aristatus,7308027,Orthosiphon,Lamiaceae,Lamiales,Magnoliopsida,Tracheophyta,Plantae,SYNONYM,EXACT,98,True,,2026-08-20
Oryza sativa,Oryza sativa,2703459,Oryza,Poaceae,Poales,Liliopsida,Tracheophyta,Plantae,ACCEPTED,EXACT,97,True,,2026-08-20
Osbeckia chinensis,Osbeckia chinensis,3866460,Osbeckia,Melastomataceae,Myrtales,Magnoliopsida,Tracheophyta,Plantae,ACCEPTED,EXACT,97,True,,2026-08-20
Osmanthus fragrans,Osmanthus fragrans,3172278,Osmanthus,Oleaceae,Lamiales,Magnoliopsida,Tracheophyta,Plantae,ACCEPTED,EXACT,97,True,,2026-08-20
Osmunda regalis,Osmunda regalis,8049341,Osmunda,Osmundaceae,Osmundales,Polypodiopsida,Tracheophyta,Plantae,ACCEPTED,EXACT,99,True,,2026-08-20
Ostrya japonica,Ostrya japonica,5332311,Ostrya,Betulaceae,Fagales,Magnoliopsida,Tracheophyta,Plantae,ACCEPTED,EXACT,98,True,,2026-08-20
Oxalis acetosella,Oxalis acetosella,8211958,Oxalis,Oxalidaceae,Oxalidales,Magnoliopsida,Tracheophyta,Plantae,ACCEPTED,EXACT,98,True,,2026-08-20
Oxalis hedysaroides,Oxalis hedysaroides,3627104,Oxalis,Oxalidaceae,Oxalidales,Magnoliopsida,Tracheophyta,Plantae,ACCEPTED,EXACT,99,True,,2026-08-20
Oxalis tetraphylla,Oxalis tetraphylla,7560711,Oxalis,Oxalidaceae,Oxalidales,Magnoliopsida,Tracheophyta,Plantae,ACCEPTED,EXACT,98,True,,2026-08-20
Oxalis triangularis,Oxalis triangularis,7156971,Oxalis,Oxalidaceae,Oxalidales,Magnoliopsida,Tracheophyta,Plantae,ACCEPTED,EXACT,99,True,,2026-08-20
Oxycoccus palustris,Vaccinium oxycoccos,2882940,Vaccinium,Ericaceae,Ericales,Magnoliopsida,Tracheophyta,Plantae,SYNONYM,EXACT,98,True,,2026-08-20
Oxyria digyna,Oxyria digyna,2889358,Oxyria,Polygonaceae,Caryophyllales,Magnoliopsida,Tracheophyta,Plantae,ACCEPTED,EXACT,99,True,,2026-08-20
Pachyrhizus erosus,Pachyrhizus erosus,2974683,Pachyrhizus,Fabaceae,Fabales,Magnoliopsida,Tracheophyta,Plantae,ACCEPTED,EXACT,99,True,,2026-08-20
Padina pavonica,Padina pavonica,3200186,Padina,Dictyotaceae,Dictyotales,Phaeophyceae,Ochrophyta,Chromista,ACCEPTED,EXACT,97,True,,2026-08-20
Paederia foetida,Paederia foetida,2909527,Paederia,Rubiaceae,Gentianales,Magnoliopsida,Tracheophyta,Plantae,ACCEPTED,EXACT,98,True,,2026-08-20
Paeonia albiflora,Paeonia lactiflora,3083486,Paeonia,Paeoniaceae,Saxifragales,Magnoliopsida,Tracheophyta,Plantae,SYNONYM,EXACT,98,True,,2026-08-20
Paeonia lactiflora,Paeonia lactiflora,3083486,Paeonia,Paeoniaceae,Saxifragales,Magnoliopsida,Tracheophyta,Plantae,ACCEPTED,EXACT,99,True,,2026-08-20
Paeonia officinalis,Paeonia officinalis,3083488,Paeonia,Paeoniaceae,Saxifragales,Magnoliopsida,Tracheophyta,Plantae,ACCEPTED,EXACT,97,True,,2026-08-20
Paeonia rockii,Paeonia rockii,8420911,Paeonia,Paeoniaceae,Saxifragales,Magnoliopsida,Tracheophyta,Plantae,ACCEPTED,EXACT,97,True,,2026-08-20
Paeonia suffruticosa,Paeonia suffruticosa,7155259,Paeonia,Paeoniaceae,Saxifragales,Magnoliopsida,Tracheophyta,Plantae,ACCEPTED,EXACT,99,True,,2026-08-20
Palmaria palmata,Palmaria palmata,7843860,Palmaria,Palmariaceae,Palmariales,Florideophyceae,Rhodophyta,Plantae,ACCEPTED,EXACT,97,True,,2026-08-20
Panax ginseng,Panax ginseng,5372262,Panax,Araliaceae,Apiales,Magnoliopsida,Tracheophyta,Plantae,ACCEPTED,EXACT,99,True,,2026-08-20
Panax japonicus,Panax japonicus,5372238,Panax,Araliaceae,Apiales,Magnoliopsida,Tracheophyta,Plantae,ACCEPTED,EXACT,99,True,,2026-08-20
Panax notoginseng,Panax notoginseng,8877811,Panax,Araliaceae,Apiales,Magnoliopsida,Tracheophyta,Plantae,ACCEPTED,EXACT,97,True,,2026-08-20
Panax quinquefolius,Panax quinquefolius,5372246,Panax,Araliaceae,Apiales,Magnoliopsida,Tracheophyta,Plantae,ACCEPTED,EXACT,99,True,,2026-08-20
Pandanus amaryllifolius,Pandanus amaryllifolius,9296315,Pandanus,Pandanaceae,Pandanales,Liliopsida,Tracheophyta,Plantae,ACCEPTED,EXACT,98,True,,2026-08-20
Pandanus conoideus,Pandanus conoideus,5328074,Pandanus,Pandanaceae,Pandanales,Liliopsida,Tracheophyta,Plantae,ACCEPTED,EXACT,97,True,,2026-08-20
Pandanus odoratissimus,Pandanus odoratissimus,8291402,Pandanus,Pandanaceae,Pandanales,Liliopsida,Tracheophyta,Plantae,ACCEPTED,EXACT,97,True,,2026-08-20
Pandanus tectorius,Pandanus tectorius,8023236,Pandanus,Pandanaceae,Pandanales,Liliopsida,Tracheophyta,Plantae,ACCEPTED,EXACT,97,True,,2026-08-20
Pangium edule,Pangium edule,9796769,Pangium,Achariaceae,Malpighiales,Magnoliopsida,Tracheophyta,Plantae,ACCEPTED,EXACT,99,True,,2026-08-20
Panicum miliaceum,Panicum miliaceum,2705090,Panicum,Poaceae,Poales,Liliopsida,Tracheophyta,Plantae,ACCEPTED,EXACT,97,True,,2026-08-20
Pantoea agglomerans,Pantoea agglomerans,8905302,Pantoea,Enterobacteriaceae,Enterobacterales,Gammaproteobacteria,Proteobacteria,Bacteria,ACCEPTED,EXACT,99,True,,2026-08-20
Pantoea vagans,Pantoea vagans,10881508,Pantoea,Enterobacteriaceae,Enterobacterales,Gammaproteobacteria,Proteobacteria,Bacteria,ACCEPTED,EXACT,98,True,,2026-08-20
Papaver orientale,Papaver orientale,2888437,Papaver,Papaveraceae,Ranunculales,Magnoliopsida,Tracheophyta,Plantae,ACCEPTED,EXACT,97,True,,2026-08-20
Papaver radicatum,Papaver radicatum,8348125,Papaver,Papaveraceae,Ranunculales,Magnoliopsida,Tracheophyta,Plantae,ACCEPTED,EXACT,97,True,,2026-08-20
Papaver rhoeas,Papaver rhoeas,2888443,Papaver,Papaveraceae,Ranunculales,Magnoliopsida,Tracheophyta,Plantae,ACCEPTED,EXACT,98,True,,2026-08-20
Papaver somniferum,Papaver somniferum,2888439,Papaver,Papaveraceae,Ranunculales,Magnoliopsida,Tracheophyta,Plantae,ACCEPTED,EXACT,99,True,,2026-08-20
Paphiopedilum maudiae,Paphiopedilum maudiae,10731585,Paphiopedilum,Orchidaceae,Asparagales,Liliopsida,Tracheophyta,Plantae,ACCEPTED,EXACT,99,True,,2026-08-20
Parietaria officinalis,Parietaria officinalis,5361803,Parietaria,Urticaceae,Rosales,Magnoliopsida,Tracheophyta,Plantae,ACCEPTED,EXACT,99,True,,2026-08-20
Paris verticillata,Paris verticillata,5295898,Paris,Melanthiaceae,Liliales,Liliopsida,Tracheophyta,Plantae,ACCEPTED,EXACT,99,True,,2026-08-20
Paronychia argentea,Paronychia argentea,5528747,Paronychia,Caryophyllaceae,Caryophyllales,Magnoliopsida,Tracheophyta,Plantae,ACCEPTED,EXACT,97,True,,2026-08-20
Pascopyron smithii,,,,,,,,,,NONE,0,False,no_match:NONE,2026-08-20
Passiflora alata,Passiflora alata,2874181,Passiflora,Passifloraceae,Malpighiales,Magnoliopsida,Tracheophyta,Plantae,ACCEPTED,EXACT,97,True,,2026-08-20
Passiflora cincinnata,Passiflora cincinnata,2874200,Passiflora,Passifloraceae,Malpighiales,Magnoliopsida,Tracheophyta,Plantae,ACCEPTED,EXACT,99,True,,2026-08-20
Passiflora edulis,Passiflora edulis,2874190,Passiflora,Passifloraceae,Malpighiales,Magnoliopsida,Tracheophyta,Plantae,ACCEPTED,EXACT,99,True,,2026-08-20
Passiflora garckei,Passiflora garckei,3586859,Passiflora,Passifloraceae,Malpighiales,Magnoliopsida,Tracheophyta,Plantae,ACCEPTED,EXACT,99,True,,2026-08-20
Passiflora incarnata,Passiflora incarnata,2874218,Passiflora,Passifloraceae,Malpighiales,Magnoliopsida,Tracheophyta,Plantae,ACCEPTED,EXACT,97,True,,2026-08-20
Passiflora laurifolia,Passiflora laurifolia,2874210,Passiflora,Passifloraceae,Malpighiales,Magnoliopsida,Tracheophyta,Plantae,ACCEPTED,EXACT,98,True,,2026-08-20
Passiflora quadrangularis,Passiflora quadrangularis,2874183,Passiflora,Passifloraceae,Malpighiales,Magnoliopsida,Tracheophyta,Plantae,ACCEPTED,EXACT,97,True,,2026-08-20
Pastinaca sativa,Pastinaca sativa,8262702,Pastinaca,Apiaceae,Apiales,Magnoliopsida,Tracheophyta,Plantae,ACCEPTED,EXACT,97,True,,2026-08-20
Patrinia scabiosifolia,Patrinia scabiosifolia,7820439,Patrinia,Caprifoliaceae,Dipsacales,Magnoliopsida,Tracheophyta,Plantae,ACCEPTED,EXACT,97,True,,2026-08-20
Patrinia villosa,Patrinia villosa,6058838,Patrinia,Caprifoliaceae,Dipsacales,Magnoliopsida,Tracheophyta,Plantae,ACCEPTED,EXACT,98,True,,2026-08-20
Paullinia cupana,Paullinia cupana,3189949,Paullinia,Sapindaceae,Sapindales,Magnoliopsida,Tracheophyta,Plantae,ACCEPTED,EXACT,99,True,,2026-08-20
Paulownia imperialis,Paulownia tomentosa,3170823,Paulownia,Paulowniaceae,Lamiales,Magnoliopsida,Tracheophyta,Plantae,SYNONYM,EXACT,98,True,,2026-08-20
Paulownia tomentosa,Paulownia tomentosa,3170823,Paulownia,Paulowniaceae,Lamiales,Magnoliopsida,Tracheophyta,Plantae,ACCEPTED,EXACT,97,True,,2026-08-20
Peganum harmala,Peganum harmala,3189912,Peganum,Tetradiclidaceae,Sapindales,Magnoliopsida,Tracheophyta,Plantae,ACCEPTED,EXACT,99,True,,2026-08-20
Pelargonium capitatum,Pelargonium capitatum,9711656,Pelargonium,Geraniaceae,Geraniales,Magnoliopsida,Tracheophyta,Plantae,ACCEPTED,EXACT,97,True,,2026-08-20
Pelargonium crispum,Pelargonium crispum,3826595,Pelargonium,Geraniaceae,Geraniales,Magnoliopsida,Tracheophyta,Plantae,ACCEPTED,EXACT,99,True,,2026-08-20
Pelargonium graveolens,Pelargonium graveolens,2891608,Pelargonium,Geraniaceae,Geraniales,Magnoliopsida,Tracheophyta,Plantae,ACCEPTED,EXACT,99,True,,2026-08-20
Pelargonium peltatum,Pelargonium peltatum,9561762,Pelargonium,Geraniaceae,Geraniales,Magnoliopsida,Tracheophyta,Plantae,ACCEPTED,EXACT,97,True,,2026-08-20
Pelargonium radula,Pelargonium radens,3828894,Pelargonium,Geraniaceae,Geraniales,Magnoliopsida,Tracheophyta,Plantae,SYNONYM,EXACT,98,True,,2026-08-20
Pelargonium reniforme,Pelargonium reniforme,7268592,Pelargonium,Geraniaceae,Geraniales,Magnoliopsida,Tracheophyta,Plantae,ACCEPTED,EXACT,97,True,,2026-08-20
Pelargonium roseum,Pelargonium roseum,7906295,Pelargonium,Geraniaceae,Geraniales,Magnoliopsida,Tracheophyta,Plantae,ACCEPTED,EXACT,97,True,,2026-08-20
Pelargonium sidoides,Pelargonium sidoides,3827581,Pelargonium,Geraniaceae,Geraniales,Magnoliopsida,Tracheophyta,Plantae,ACCEPTED,EXACT,99,True,,2026-08-20
Peltophorum dasyrhachis,Peltophorum dasyrhachis,8110229,Peltophorum,Fabaceae,Fabales,Magnoliopsida,Tracheophyta,Plantae,ACCEPTED,EXACT,97,True,,2026-08-20
Pelvetia canaliculata,Pelvetia canaliculata,3196499,Pelvetia,Fucaceae,Fucales,Phaeophyceae,Ochrophyta,Chromista,ACCEPTED,EXACT,99,True,,2026-08-20
Pentaclethra macroloba,Pentaclethra macroloba,2943558,Pentaclethra,Fabaceae,Fabales,Magnoliopsida,Tracheophyta,Plantae,ACCEPTED,EXACT,99,True,,2026-08-20
Pentaclethra macrophylla,Pentaclethra macrophylla,2943557,Pentaclethra,Fabaceae,Fabales,Magnoliopsida,Tracheophyta,Plantae,ACCEPTED,EXACT,99,True,,2026-08-20
Pentadesma butyracea,Pentadesma butyracea,3189435,Pentadesma,Clusiaceae,Malpighiales,Magnoliopsida,Tracheophyta,Plantae,ACCEPTED,EXACT,99,True,,2026-08-20
Pentadiplandra brazzeana,Pentadiplandra brazzeana,3872545,Pentadiplandra,Pentadiplandraceae,Brassicales,Magnoliopsida,Tracheophyta,Plantae,ACCEPTED,EXACT,99,True,,2026-08-20
Penthorum chinense,Penthorum chinense,4256028,Penthorum,Penthoraceae,Saxifragales,Magnoliopsida,Tracheophyta,Plantae,ACCEPTED,EXACT,99,True,,2026-08-20
Periandra dulcis,Periandra mediterranea,5352500,Periandra,Fabaceae,Fabales,Magnoliopsida,Tracheophyta,Plantae,SYNONYM,EXACT,97,True,,2026-08-20
Perichlaena richardii,Perichlaena richardii,4093025,Perichlaena,Bignoniaceae,Lamiales,Magnoliopsida,Tracheophyta,Plantae,ACCEPTED,EXACT,99,True,,2026-08-20
Perilla frutescens,Perilla frutescens,5341394,Perilla,Lamiaceae,Lamiales,Magnoliopsida,Tracheophyta,Plantae,ACCEPTED,EXACT,97,True,,2026-08-14
Perilla ocymoides,Perilla frutescens,5341394,Perilla,Lamiaceae,Lamiales,Magnoliopsida,Tracheophyta,Plantae,SYNONYM,EXACT,98,True,,2026-08-14
Persea gratissima,Persea americana,3034046,Persea,Lauraceae,Laurales,Magnoliopsida,Tracheophyta,Plantae,SYNONYM,EXACT,97,True,,2026-08-20
Persea japonica,Machilus japonica,7304354,Machilus,Lauraceae,Laurales,Magnoliopsida,Tracheophyta,Plantae,SYNONYM,EXACT,98,True,,2026-08-20
Persea thunbergii,Machilus thunbergii,4177874,Machilus,Lauraceae,Laurales,Magnoliopsida,Tracheophyta,Plantae,SYNONYM,EXACT,98,True,,2026-08-20
Persicaria amphibia,Persicaria amphibia,6391648,Persicaria,Polygonaceae,Caryophyllales,Magnoliopsida,Tracheophyta,Plantae,ACCEPTED,EXACT,97,True,,2026-08-20
Persicaria blumei,Persicaria longiseta,4034537,Persicaria,Polygonaceae,Caryophyllales,Magnoliopsida,Tracheophyta,Plantae,SYNONYM,EXACT,97,True,,2026-08-20
Persicaria hydropiper,Persicaria hydropiper,8323622,Persicaria,Polygonaceae,Caryophyllales,Magnoliopsida,Tracheophyta,Plantae,ACCEPTED,EXACT,97,True,,2026-08-20
Persicaria minor,Persicaria minor,6391150,Persicaria,Polygonaceae,Caryophyllales,Magnoliopsida,Tracheophyta,Plantae,ACCEPTED,EXACT,97,True,,2026-08-20
Persicaria thunbergii,Persicaria thunbergii,7291143,Persicaria,Polygonaceae,Caryophyllales,Magnoliopsida,Tracheophyta,Plantae,ACCEPTED,EXACT,98,True,,2026-08-20
Petasites hybridus,Petasites hybridus,9490132,Petasites,Asteraceae,Asterales,Magnoliopsida,Tracheophyta,Plantae,ACCEPTED,EXACT,99,True,,2026-08-20
Petasites japonicus,Petasites japonicus,3088310,Petasites,Asteraceae,Asterales,Magnoliopsida,Tracheophyta,Plantae,ACCEPTED,EXACT,98,True,,2026-08-20
Petasites vulgaris,,,Petasites,Asteraceae,Asterales,,,Plantae,,HIGHERRANK,0,False,no_match:HIGHERRANK|genus_fallback,2026-08-20
Petroselinum crispum,Petroselinum crispum,7828157,Petroselinum,Apiaceae,Apiales,Magnoliopsida,Tracheophyta,Plantae,ACCEPTED,EXACT,97,True,,2026-08-20
Petroselinum sativum,,,Petroselinum,Apiaceae,Apiales,,,Plantae,,HIGHERRANK,0,False,no_match:HIGHERRANK|genus_fallback,2026-08-20
Peucedanum graveolens,Peucedanum graveolens,8100985,Peucedanum,Apiaceae,Apiales,Magnoliopsida,Tracheophyta,Plantae,ACCEPTED,EXACT,97,True,,2026-08-20
Peucedanum japonicum,Peucedanum japonicum,8345960,Peucedanum,Apiaceae,Apiales,Magnoliopsida,Tracheophyta,Plantae,ACCEPTED,EXACT,99,True,,2026-08-20
Peucedanum ostruthium,Imperatoria ostruthium,5538108,Imperatoria,Apiaceae,Apiales,Magnoliopsida,Tracheophyta,Plantae,SYNONYM,EXACT,98,True,,2026-08-20
Peumus boldus,Peumus boldus,3034108,Peumus,Monimiaceae,Laurales,Magnoliopsida,Tracheophyta,Plantae,ACCEPTED,EXACT,99,True,,2026-08-20
Pfaffia glomerata,Pfaffia glomerata,7323527,Pfaffia,Amaranthaceae,Caryophyllales,Magnoliopsida,Tracheophyta,Plantae,ACCEPTED,EXACT,99,True,,2026-08-20
Pfaffia paniculata,Hebanthe erianthos,10855609,Hebanthe,Amaranthaceae,Caryophyllales,Magnoliopsida,Tracheophyta,Plantae,SYNONYM,EXACT,98,True,,2026-08-20
Phalaenopsis amabilis,Phalaenopsis amabilis,5311007,Phalaenopsis,Orchidaceae,Asparagales,Liliopsida,Tracheophyta,Plantae,ACCEPTED,EXACT,97,True,,2026-08-20
Phalaenopsis aphrodite,Phalaenopsis aphrodite,5311033,Phalaenopsis,Orchidaceae,Asparagales,Liliopsida,Tracheophyta,Plantae,ACCEPTED,EXACT,99,True,,2026-08-20
Phalaenopsis charm,,,,,,,,,,NONE,0,False,no_match:NONE,2026-08-20
Phalaenopsis lobbii,Phalaenopsis lobbii,5310976,Phalaenopsis,Orchidaceae,Asparagales,Liliopsida,Tracheophyta,Plantae,ACCEPTED,EXACT,97,True,,2026-08-20
Phalaenopsis pulcherrima,Phalaenopsis pulcherrima,5310988,Phalaenopsis,Orchidaceae,Asparagales,Liliopsida,Tracheophyta,Plantae,ACCEPTED,EXACT,99,True,,2026-08-20
Phalaenopsis sogo,,,,,,,,,,NONE,0,False,no_match:NONE,2026-08-20
Phaseolus aconitifolius,,,,,,,,,,HIGHERRANK,0,False,no_match:HIGHERRANK,2026-08-20
Phaseolus angularis,Vigna angularis,2982508,Vigna,Fabaceae,Fabales,Magnoliopsida,Tracheophyta,Plantae,SYNONYM,EXACT,98,True,,2026-08-20
Phaseolus coccineus,Phaseolus coccineus,5350466,Phaseolus,Fabaceae,Fabales,Magnoliopsida,Tracheophyta,Plantae,ACCEPTED,EXACT,97,True,,2026-08-20
Phaseolus lunatus,Phaseolus lunatus,5350438,Phaseolus,Fabaceae,Fabales,Magnoliopsida,Tracheophyta,Plantae,ACCEPTED,EXACT,97,True,,2026-08-20
Phaseolus mungo,Phaseolus mungo,8305376,Phaseolus,Fabaceae,Fabales,Magnoliopsida,Tracheophyta,Plantae,ACCEPTED,EXACT,97,True,,2026-08-20
Phaseolus radiatus,,,,,,,,,,HIGHERRANK,0,False,no_match:HIGHERRANK,2026-08-20
Phaseolus trilobus,,,,,,,,,,HIGHERRANK,0,False,no_match:HIGHERRANK,2026-08-20
Phaseolus vulgaris,Phaseolus vulgaris,5350452,Phaseolus,Fabaceae,Fabales,Magnoliopsida,Tracheophyta,Plantae,ACCEPTED,EXACT,97,True,,2026-08-20
Phebalium nudum,Leionema nudum,3836032,Leionema,Rutaceae,Sapindales,Magnoliopsida,Tracheophyta,Plantae,SYNONYM,EXACT,98,True,,2026-08-20
Phellinus baumii,Sanghuangporus baumii,7501549,Sanghuangporus,Hymenochaetaceae,Hymenochaetales,Agaricomycetes,Basidiomycota,Fungi,SYNONYM,EXACT,98,True,,2026-08-20
Phellinus linteus,Tropicoporus linteus,7519086,Tropicoporus,Hymenochaetaceae,Hymenochaetales,Agaricomycetes,Basidiomycota,Fungi,SYNONYM,EXACT,98,True,,2026-08-20
Phellodendron amurense,Phellodendron amurense,3190154,Phellodendron,Rutaceae,Sapindales,Magnoliopsida,Tracheophyta,Plantae,ACCEPTED,EXACT,99,True,,2026-08-20
Phellodendron chinense,Phellodendron chinense,3831897,Phellodendron,Rutaceae,Sapindales,Magnoliopsida,Tracheophyta,Plantae,ACCEPTED,EXACT,99,True,,2026-08-20
Philadelphus coronarius,Philadelphus coronarius,2986045,Philadelphus,Hydrangeaceae,Cornales,Magnoliopsida,Tracheophyta,Plantae,ACCEPTED,EXACT,99,True,,2026-08-20
Phlomis koraiensis,Phlomoides koraiensis,3885441,Phlomoides,Lamiaceae,Lamiales,Magnoliopsida,Tracheophyta,Plantae,SYNONYM,EXACT,98,True,,2026-08-20
Phlomis lychnitis,Phlomis lychnitis,3887383,Phlomis,Lamiaceae,Lamiales,Magnoliopsida,Tracheophyta,Plantae,ACCEPTED,EXACT,99,True,,2026-08-20
Phlox drummondii,Phlox drummondii,2927723,Phlox,Polemoniaceae,Ericales,Magnoliopsida,Tracheophyta,Plantae,ACCEPTED,EXACT,99,True,,2026-08-20
Phoenix canariensis,Phoenix canariensis,7445284,Phoenix,Arecaceae,Arecales,Liliopsida,Tracheophyta,Plantae,ACCEPTED,EXACT,97,True,,2026-08-20
Phoenix dactylifera,Phoenix dactylifera,6109699,Phoenix,Arecaceae,Arecales,Liliopsida,Tracheophyta,Plantae,ACCEPTED,EXACT,99,True,,2026-08-20
Phormium tenax,Phormium tenax,2778511,Phormium,Asphodelaceae,Asparagales,Liliopsida,Tracheophyta,Plantae,ACCEPTED,EXACT,99,True,,2026-08-20
Phragmites australis,Phragmites australis,5290149,Phragmites,Poaceae,Poales,Liliopsida,Tracheophyta,Plantae,ACCEPTED,EXACT,97,True,,2026-08-20
Phragmites communis,Phragmites australis,7226752,Phragmites,Poaceae,Poales,Liliopsida,Tracheophyta,Plantae,SYNONYM,EXACT,98,True,,2026-08-20
Phragmites karka,Phragmites karka,5290154,Phragmites,Poaceae,Poales,Liliopsida,Tracheophyta,Plantae,ACCEPTED,EXACT,97,True,,2026-08-20
Phryma leptostachya,Phryma leptostachya,2925445,Phryma,Phrymaceae,Lamiales,Magnoliopsida,Tracheophyta,Plantae,ACCEPTED,EXACT,99,True,,2026-08-20
Phyllanthus acidus,Phyllanthus acidus,5381567,Phyllanthus,Phyllanthaceae,Malpighiales,Magnoliopsida,Tracheophyta,Plantae,ACCEPTED,EXACT,99,True,,2026-08-20
Phyllanthus emblica,Phyllanthus emblica,5381660,Phyllanthus,Phyllanthaceae,Malpighiales,Magnoliopsida,Tracheophyta,Plantae,ACCEPTED,EXACT,99,True,,2026-08-20
Phyllanthus niruri,Phyllanthus niruri,5381945,Phyllanthus,Phyllanthaceae,Malpighiales,Magnoliopsida,Tracheophyta,Plantae,ACCEPTED,EXACT,97,True,,2026-08-20
Phyllanthus urinaria,Phyllanthus urinaria,5382780,Phyllanthus,Phyllanthaceae,Malpighiales,Magnoliopsida,Tracheophyta,Plantae,ACCEPTED,EXACT,98,True,,2026-08-20
Phyllospadix iwatensis,Phyllospadix iwatensis,2863956,Phyllospadix,Zosteraceae,Alismatales,Liliopsida,Tracheophyta,Plantae,ACCEPTED,EXACT,99,True,,2026-08-20
Phyllospadix scouleri,Phyllospadix scouleri,2863958,Phyllospadix,Zosteraceae,Alismatales,Liliopsida,Tracheophyta,Plantae,ACCEPTED,EXACT,99,True,,2026-08-20
Phyllostachys aureosulcata,Phyllostachys aureosulcata,5290161,Phyllostachys,Poaceae,Poales,Liliopsida,Tracheophyta,Plantae,ACCEPTED,EXACT,99,True,,2026-08-20
Phyllostachys bambusoides,Phyllostachys reticulata,5677245,Phyllostachys,Poaceae,Poales,Liliopsida,Tracheophyta,Plantae,SYNONYM,EXACT,98,True,,2026-08-20
Phyllostachys edulis,Phyllostachys edulis,5290168,Phyllostachys,Poaceae,Poales,Liliopsida,Tracheophyta,Plantae,ACCEPTED,EXACT,98,True,,2026-08-20
Phyllostachys heterocycla,Phyllostachys edulis,5290168,Phyllostachys,Poaceae,Poales,Liliopsida,Tracheophyta,Plantae,SYNONYM,EXACT,97,True,,2026-08-20
Phyllostachys nigra,Phyllostachys nigra,5290171,Phyllostachys,Poaceae,Poales,Liliopsida,Tracheophyta,Plantae,ACCEPTED,EXACT,99,True,,2026-08-20
Phyllostachys pubescens,Phyllostachys edulis,5290168,Phyllostachys,Poaceae,Poales,Liliopsida,Tracheophyta,Plantae,SYNONYM,EXACT,97,True,,2026-08-20
Phyllostachys reticulata,Phyllostachys reticulata,5677245,Phyllostachys,Poaceae,Poales,Liliopsida,Tracheophyta,Plantae,ACCEPTED,EXACT,99,True,,2026-08-20
Phymatosorus grossus,Microsorum grossum,4025380,Microsorum,Polypodiaceae,Polypodiales,Polypodiopsida,Tracheophyta,Plantae,SYNONYM,EXACT,98,True,,2026-08-20
Physalis alkekengi,,,,,,,,,,HIGHERRANK,0,False,no_match:HIGHERRANK,2026-08-20
Physalis peruviana,Physalis peruviana,5341784,Physalis,Solanaceae,Solanales,Magnoliopsida,Tracheophyta,Plantae,ACCEPTED,EXACT,97,True,,2026-08-20
Physalis pruinosa,Physalis pruinosa,6402729,Physalis,Solanaceae,Solanales,Magnoliopsida,Tracheophyta,Plantae,ACCEPTED,EXACT,97,True,,2026-08-20
Physalis pubescens,Physalis pubescens,5341819,Physalis,Solanaceae,Solanales,Magnoliopsida,Tracheophyta,Plantae,ACCEPTED,EXACT,97,True,,2026-08-20
Physcomitrella patens,Physcomitrium patens,8179907,Physcomitrium,Funariaceae,Funariales,Bryopsida,Bryophyta,Plantae,SYNONYM,EXACT,97,True,,2026-08-20
Physocarpus amurensis,Physocarpus amurensis,2988383,Physocarpus,Rosaceae,Rosales,Magnoliopsida,Tracheophyta,Plantae,ACCEPTED,EXACT,99,True,,2026-08-20
Physostegia virginiana,Physostegia virginiana,2926572,Physostegia,Lamiaceae,Lamiales,Magnoliopsida,Tracheophyta,Plantae,ACCEPTED,EXACT,99,True,,2026-08-20
Phytolacca bogotensis,Phytolacca bogotensis,3084020,Phytolacca,Phytolaccaceae,Caryophyllales,Magnoliopsida,Tracheophyta,Plantae,ACCEPTED,EXACT,97,True,,2026-08-20
Phytolacca decandra,,,Phytolacca,Phytolaccaceae,Caryophyllales,,,Plantae,,HIGHERRANK,0,False,no_match:HIGHERRANK|genus_fallback,2026-08-20
Picea abies,Picea abies,5284884,Picea,Pinaceae,Pinales,Pinopsida,Tracheophyta,Plantae,ACCEPTED,EXACT,97,True,,2026-08-20
Picea glauca,Picea glauca,5284745,Picea,Pinaceae,Pinales,Pinopsida,Tracheophyta,Plantae,ACCEPTED,EXACT,97,True,,2026-08-20
Picea glehnii,Picea glehnii,5284792,Picea,Pinaceae,Pinales,Pinopsida,Tracheophyta,Plantae,ACCEPTED,EXACT,99,True,,2026-08-20
Picea mariana,Picea mariana,5284802,Picea,Pinaceae,Pinales,Pinopsida,Tracheophyta,Plantae,ACCEPTED,EXACT,98,True,,2026-08-20
Picea obovata,Picea obovata,5284765,Picea,Pinaceae,Pinales,Pinopsida,Tracheophyta,Plantae,ACCEPTED,EXACT,99,True,,2026-08-20
Picea pungens,Picea pungens,5284871,Picea,Pinaceae,Pinales,Pinopsida,Tracheophyta,Plantae,ACCEPTED,EXACT,99,True,,2026-08-20
Pichia heedii,Pichia heedii,3479472,Pichia,Saccharomycetaceae,Saccharomycetales,Saccharomycetes,Ascomycota,Fungi,ACCEPTED,EXACT,99,True,,2026-08-20
Pichia minuta,Ogataea minuta,2599377,Ogataea,Saccharomycetaceae,Saccharomycetales,Saccharomycetes,Ascomycota,Fungi,SYNONYM,EXACT,98,True,,2026-08-20
Picrasma excelsa,Picrasma excelsa,3190672,Picrasma,Simaroubaceae,Sapindales,Magnoliopsida,Tracheophyta,Plantae,ACCEPTED,EXACT,99,True,,2026-08-20
Picrasma quassioides,Picrasma quassioides,3190677,Picrasma,Simaroubaceae,Sapindales,Magnoliopsida,Tracheophyta,Plantae,ACCEPTED,EXACT,99,True,,2026-08-20
Picrorhiza kurrooa,Picrorhiza kurroa,3727300,Picrorhiza,Plantaginaceae,Lamiales,Magnoliopsida,Tracheophyta,Plantae,SYNONYM,EXACT,98,True,,2026-08-20
Pikea robusta,Pikea robusta,5279305,Pikea,Dumontiaceae,Gigartinales,Florideophyceae,Rhodophyta,Plantae,ACCEPTED,EXACT,99,True,,2026-08-20
Pilocarpus microphyllus,Pilocarpus microphyllus,7269244,Pilocarpus,Rutaceae,Sapindales,Magnoliopsida,Tracheophyta,Plantae,ACCEPTED,EXACT,97,True,,2026-08-20
Pilocarpus pennatifolius,Pilocarpus pennatifolius,7269513,Pilocarpus,Rutaceae,Sapindales,Magnoliopsida,Tracheophyta,Plantae,ACCEPTED,EXACT,99,True,,2026-08-20
Pimenta acris,Pimenta racemosa,9629378,Pimenta,Myrtaceae,Myrtales,Magnoliopsida,Tracheophyta,Plantae,SYNONYM,EXACT,98,True,,2026-08-20
Pimenta dioica,Pimenta dioica,3186061,Pimenta,Myrtaceae,Myrtales,Magnoliopsida,Tracheophyta,Plantae,ACCEPTED,EXACT,99,True,,2026-08-20
Pimenta officinalis,Pimenta dioica,3186061,Pimenta,Myrtaceae,Myrtales,Magnoliopsida,Tracheophyta,Plantae,SYNONYM,EXACT,98,True,,2026-08-20
Pimenta racemosa,Pimenta racemosa,3186096,Pimenta,Myrtaceae,Myrtales,Magnoliopsida,Tracheophyta,Plantae,ACCEPTED,EXACT,99,True,,2026-08-20
Pimpinella anisum,Pimpinella anisum,8080300,Pimpinella,Apiaceae,Apiales,Magnoliopsida,Tracheophyta,Plantae,ACCEPTED,EXACT,97,True,,2026-08-20
Pimpinella brachycarpa,Spuriopimpinella brachycarpa,3637721,Spuriopimpinella,Apiaceae,Apiales,Magnoliopsida,Tracheophyta,Plantae,SYNONYM,EXACT,98,True,,2026-08-20
Pimpinella gustavohegiana,Pimpinella thellungiana,5538447,Pimpinella,Apiaceae,Apiales,Magnoliopsida,Tracheophyta,Plantae,SYNONYM,EXACT,98,True,,2026-08-20
Pimpinella saxifraga,Pimpinella saxifraga,7622278,Pimpinella,Apiaceae,Apiales,Magnoliopsida,Tracheophyta,Plantae,ACCEPTED,EXACT,97,True,,2026-08-20
Pinellia ternata,Pinellia ternata,8678824,Pinellia,Araceae,Alismatales,Liliopsida,Tracheophyta,Plantae,ACCEPTED,EXACT,97,True,,2026-08-20
Pinus banksiana,Pinus banksiana,5285533,Pinus,Pinaceae,Pinales,Pinopsida,Tracheophyta,Plantae,ACCEPTED,EXACT,99,True,,2026-08-20
Pinus bungeana,Pinus bungeana,5285775,Pinus,Pinaceae,Pinales,Pinopsida,Tracheophyta,Plantae,ACCEPTED,EXACT,97,True,,2026-08-20
Pinus cembra,Pinus cembra,5285134,Pinus,Pinaceae,Pinales,Pinopsida,Tracheophyta,Plantae,ACCEPTED,EXACT,97,True,,2026-08-20
Pinus densiflora,Pinus densiflora,5285104,Pinus,Pinaceae,Pinales,Pinopsida,Tracheophyta,Plantae,ACCEPTED,EXACT,99,True,,2026-08-20
Pinus halepensis,Pinus halepensis,5285604,Pinus,Pinaceae,Pinales,Pinopsida,Tracheophyta,Plantae,ACCEPTED,EXACT,98,True,,2026-08-20
Pinus heldreichii,Pinus heldreichii,5285247,Pinus,Pinaceae,Pinales,Pinopsida,Tracheophyta,Plantae,ACCEPTED,EXACT,99,True,,2026-08-20
Pinus koraiensis,Pinus koraiensis,5284979,Pinus,Pinaceae,Pinales,Pinopsida,Tracheophyta,Plantae,ACCEPTED,EXACT,99,True,,2026-08-20
Pinus korainsis,Pinus koraiensis,5284979,Pinus,Pinaceae,Pinales,Pinopsida,Tracheophyta,Plantae,ACCEPTED,FUZZY,95,True,,2026-08-20
Pinus lambertiana,Pinus lambertiana,5284989,Pinus,Pinaceae,Pinales,Pinopsida,Tracheophyta,Plantae,ACCEPTED,EXACT,98,True,,2026-08-20
Pinus lauricio,,,,,,,,,,NONE,0,False,no_match:NONE,2026-08-20
Pinus longifolia,Pinus longifolia,8325032,Pinus,Pinaceae,Pinales,Pinopsida,Tracheophyta,Plantae,ACCEPTED,EXACT,97,True,,2026-08-20
Pinus mugo,Pinus mugo,5285385,Pinus,Pinaceae,Pinales,Pinopsida,Tracheophyta,Plantae,ACCEPTED,EXACT,99,True,,2026-08-20
Pinus nigra,Pinus nigra,5284809,Pinus,Pinaceae,Pinales,Pinopsida,Tracheophyta,Plantae,ACCEPTED,EXACT,97,True,,2026-08-20
Pinus palustris,Pinus palustris,5285816,Pinus,Pinaceae,Pinales,Pinopsida,Tracheophyta,Plantae,ACCEPTED,EXACT,99,True,,2026-08-20
Pinus parviflora,Pinus parviflora,5285589,Pinus,Pinaceae,Pinales,Pinopsida,Tracheophyta,Plantae,ACCEPTED,EXACT,99,True,,2026-08-20
Pinus pentaphylla,Pinus pentaphylla,8310484,Pinus,Pinaceae,Pinales,Pinopsida,Tracheophyta,Plantae,ACCEPTED,EXACT,97,True,,2026-08-20
Pinus pinaster,Pinus pinaster,5285565,Pinus,Pinaceae,Pinales,Pinopsida,Tracheophyta,Plantae,ACCEPTED,EXACT,98,True,,2026-08-20
Pinus pinea,Pinus pinea,5285165,Pinus,Pinaceae,Pinales,Pinopsida,Tracheophyta,Plantae,ACCEPTED,EXACT,98,True,,2026-08-20
Pinus ponderosa,Pinus ponderosa,5285053,Pinus,Pinaceae,Pinales,Pinopsida,Tracheophyta,Plantae,ACCEPTED,EXACT,97,True,,2026-08-20
Pinus pumila,Pinus pumila,5285355,Pinus,Pinaceae,Pinales,Pinopsida,Tracheophyta,Plantae,ACCEPTED,EXACT,97,True,,2026-08-20
Pinus pumilio,Pinus mugo,7230703,Pinus,Pinaceae,Pinales,Pinopsida,Tracheophyta,Plantae,SYNONYM,EXACT,97,True,,2026-08-20
Pinus radiata,Pinus radiata,5285727,Pinus,Pinaceae,Pinales,Pinopsida,Tracheophyta,Plantae,ACCEPTED,EXACT,99,True,,2026-08-20
Pinus rigida,Pinus rigida,5285635,Pinus,Pinaceae,Pinales,Pinopsida,Tracheophyta,Plantae,ACCEPTED,EXACT,97,True,,2026-08-20
Pinus sibirica,Pinus sibirica,5284667,Pinus,Pinaceae,Pinales,Pinopsida,Tracheophyta,Plantae,ACCEPTED,EXACT,97,True,,2026-08-20
Pinus spp,,,,,,,,,,NONE,0,False,no_match:NONE,2026-08-20
Pinus strobus,Pinus strobus,5284982,Pinus,Pinaceae,Pinales,Pinopsida,Tracheophyta,Plantae,ACCEPTED,EXACT,97,True,,2026-08-20
Pinus sylvestris,Pinus sylvestris,5285637,Pinus,Pinaceae,Pinales,Pinopsida,Tracheophyta,Plantae,ACCEPTED,EXACT,98,True,,2026-08-20
Pinus tabulaeformis,Pinus tabuliformis,5285359,Pinus,Pinaceae,Pinales,Pinopsida,Tracheophyta,Plantae,ACCEPTED,FUZZY,93,True,,2026-08-20
Pinus tabuliformis,Pinus tabuliformis,5285359,Pinus,Pinaceae,Pinales,Pinopsida,Tracheophyta,Plantae,ACCEPTED,EXACT,99,True,,2026-08-20
Pinus taeda,Pinus taeda,5285241,Pinus,Pinaceae,Pinales,Pinopsida,Tracheophyta,Plantae,ACCEPTED,EXACT,97,True,,2026-08-20
Pinus thunbergii,Pinus thunbergii,5285799,Pinus,Pinaceae,Pinales,Pinopsida,Tracheophyta,Plantae,ACCEPTED,EXACT,97,True,,2026-08-20
Piper angustifolium,,,Piper,Piperaceae,Piperales,,,Plantae,,HIGHERRANK,0,False,no_match:HIGHERRANK|genus_fallback,2026-08-20
Piper aurantiacum,Piper wallichii,4187359,Piper,Piperaceae,Piperales,Magnoliopsida,Tracheophyta,Plantae,SYNONYM,EXACT,97,True,,2026-08-20
Piper betle,Piper betle,4187904,Piper,Piperaceae,Piperales,Magnoliopsida,Tracheophyta,Plantae,ACCEPTED,EXACT,99,True,,2026-08-20
Piper cubeba,Piper cubeba,7606629,Piper,Piperaceae,Piperales,Magnoliopsida,Tracheophyta,Plantae,ACCEPTED,EXACT,97,True,,2026-08-20
Piper longum,Piper longum,3086338,Piper,Piperaceae,Piperales,Magnoliopsida,Tracheophyta,Plantae,ACCEPTED,EXACT,97,True,,2026-08-20
Piper marginatum,Piper marginatum,3086325,Piper,Piperaceae,Piperales,Magnoliopsida,Tracheophyta,Plantae,ACCEPTED,EXACT,97,True,,2026-08-20
Piper methysticum,,,Piper,Piperaceae,Piperales,,,Plantae,,HIGHERRANK,0,False,no_match:HIGHERRANK|genus_fallback,2026-08-20
Piper mollicomum,Piper mollicomum,8142068,Piper,Piperaceae,Piperales,Magnoliopsida,Tracheophyta,Plantae,ACCEPTED,EXACT,97,True,,2026-08-20
Piper nigrum,Piper nigrum,3086357,Piper,Piperaceae,Piperales,Magnoliopsida,Tracheophyta,Plantae,ACCEPTED,EXACT,97,True,,2026-08-20
Piper retrofractum,Piper retrofractum,3086342,Piper,Piperaceae,Piperales,Magnoliopsida,Tracheophyta,Plantae,ACCEPTED,EXACT,99,True,,2026-08-20
Piper sarmentosum,Piper sarmentosum,4191172,Piper,Piperaceae,Piperales,Magnoliopsida,Tracheophyta,Plantae,ACCEPTED,EXACT,97,True,,2026-08-20
Piper umbellatum,Piper umbellatum,3086364,Piper,Piperaceae,Piperales,Magnoliopsida,Tracheophyta,Plantae,ACCEPTED,EXACT,97,True,,2026-08-20
Piptadenia colubrina,Anadenanthera colubrina,2952823,Anadenanthera,Fabaceae,Fabales,Magnoliopsida,Tracheophyta,Plantae,SYNONYM,EXACT,98,True,,2026-08-20
Pisonia grandis,,,Pisonia,Nyctaginaceae,Caryophyllales,,,Plantae,,HIGHERRANK,0,False,no_match:HIGHERRANK|genus_fallback,2026-08-20
Pistacia lentiscus,Pistacia lentiscus,3190583,Pistacia,Anacardiaceae,Sapindales,Magnoliopsida,Tracheophyta,Plantae,ACCEPTED,EXACT,99,True,,2026-08-20
Pistacia vera,Pistacia vera,3190585,Pistacia,Anacardiaceae,Sapindales,Magnoliopsida,Tracheophyta,Plantae,ACCEPTED,EXACT,98,True,,2026-08-20
Pisum sativum,Lathyrus oleraceus,5347846,Lathyrus,Fabaceae,Fabales,Magnoliopsida,Tracheophyta,Plantae,SYNONYM,EXACT,98,True,,2026-08-20
Pithecellobium tenue,Thailentadopsis tenuis,2962795,Thailentadopsis,Fabaceae,Fabales,Magnoliopsida,Tracheophyta,Plantae,SYNONYM,EXACT,98,True,,2026-08-20
Pittosporum eugenioides,Pittosporum eugenioides,4161770,Pittosporum,Pittosporaceae,Apiales,Magnoliopsida,Tracheophyta,Plantae,ACCEPTED,EXACT,99,True,,2026-08-20
Pittosporum tobira,Pittosporum tobira,8677924,Pittosporum,Pittosporaceae,Apiales,Magnoliopsida,Tracheophyta,Plantae,ACCEPTED,EXACT,99,True,,2026-08-20
Pittosporum viridiflorum,Pittosporum viridiflorum,2986302,Pittosporum,Pittosporaceae,Apiales,Magnoliopsida,Tracheophyta,Plantae,ACCEPTED,EXACT,99,True,,2026-08-20
Plantago asiatica,Plantago asiatica,9118978,Plantago,Plantaginaceae,Lamiales,Magnoliopsida,Tracheophyta,Plantae,ACCEPTED,EXACT,97,True,,2026-08-20
Plantago lanceolata,Plantago lanceolata,8208358,Plantago,Plantaginaceae,Lamiales,Magnoliopsida,Tracheophyta,Plantae,ACCEPTED,EXACT,98,True,,2026-08-20
Plantago major,Plantago major,3189767,Plantago,Plantaginaceae,Lamiales,Magnoliopsida,Tracheophyta,Plantae,ACCEPTED,EXACT,97,True,,2026-08-20
Plantago ovata,Plantago ovata,3189723,Plantago,Plantaginaceae,Lamiales,Magnoliopsida,Tracheophyta,Plantae,ACCEPTED,EXACT,97,True,,2026-08-20
Plantago psyllium,Plantago psyllium,8062613,Plantago,Plantaginaceae,Lamiales,Magnoliopsida,Tracheophyta,Plantae,ACCEPTED,EXACT,97,True,,2026-08-20
Platanus occidentalis,Platanus occidentalis,3152820,Platanus,Platanaceae,Proteales,Magnoliopsida,Tracheophyta,Plantae,ACCEPTED,EXACT,97,True,,2026-08-20
Platonia insignis,Platonia insignis,5421063,Platonia,Clusiaceae,Malpighiales,Magnoliopsida,Tracheophyta,Plantae,ACCEPTED,EXACT,99,True,,2026-08-20
Platycarya strobilacea,Platycarya strobilacea,7148630,Platycarya,Juglandaceae,Fagales,Magnoliopsida,Tracheophyta,Plantae,ACCEPTED,EXACT,99,True,,2026-08-20
Platycodon grandiflorus,Platycodon grandiflorus,3164340,Platycodon,Campanulaceae,Asterales,Magnoliopsida,Tracheophyta,Plantae,ACCEPTED,EXACT,99,True,,2026-08-20
Plectranthus amboinicus,Coleus amboinicus,5341313,Coleus,Lamiaceae,Lamiales,Magnoliopsida,Tracheophyta,Plantae,SYNONYM,EXACT,98,True,,2026-08-20
Plectranthus barbatus,Coleus barbatus,8030165,Coleus,Lamiaceae,Lamiales,Magnoliopsida,Tracheophyta,Plantae,SYNONYM,EXACT,98,True,,2026-08-20
Pleiogynium timoriense,Pleiogynium timoriense,3661589,Pleiogynium,Anacardiaceae,Sapindales,Magnoliopsida,Tracheophyta,Plantae,ACCEPTED,EXACT,99,True,,2026-08-20
Pleurochrysis carterae,Chrysotila carterae,9432509,Chrysotila,Syracosphaeraceae,Syracosphaerales,Prymnesiophyceae,Haptophyta,Chromista,SYNONYM,EXACT,98,True,,2026-08-20
Pleuropterus multiflorus,Reynoutria multiflora,4038333,Reynoutria,Polygonaceae,Caryophyllales,Magnoliopsida,Tracheophyta,Plantae,SYNONYM,EXACT,97,True,,2026-08-20
Pleurotus cystidiosus,Pleurotus cystidiosus,2526556,Pleurotus,Pleurotaceae,Agaricales,Agaricomycetes,Basidiomycota,Fungi,ACCEPTED,EXACT,99,True,,2026-08-20
Pleurotus nebrodensis,Pleurotus nebrodensis,3329478,Pleurotus,Pleurotaceae,Agaricales,Agaricomycetes,Basidiomycota,Fungi,ACCEPTED,EXACT,99,True,,2026-08-20
Pleurotus sajor-caju,Lentinus sajor-caju,9031899,Lentinus,Polyporaceae,Polyporales,Agaricomycetes,Basidiomycota,Fungi,SYNONYM,EXACT,98,True,,2026-08-20
Plinia cauliflora,Plinia cauliflora,5415571,Plinia,Myrtaceae,Myrtales,Magnoliopsida,Tracheophyta,Plantae,ACCEPTED,EXACT,99,True,,2026-08-20
Pluchea indica,Pluchea indica,3132728,Pluchea,Asteraceae,Asterales,Magnoliopsida,Tracheophyta,Plantae,ACCEPTED,EXACT,99,True,,2026-08-20
Plukenetia volubilis,Plukenetia volubilis,3070717,Plukenetia,Euphorbiaceae,Malpighiales,Magnoliopsida,Tracheophyta,Plantae,ACCEPTED,EXACT,99,True,,2026-08-20
Plumbago rosea,Plumbago indica,3082286,Plumbago,Plumbaginaceae,Caryophyllales,Magnoliopsida,Tracheophyta,Plantae,SYNONYM,EXACT,98,True,,2026-08-20
Plumbago zeylanica,Plumbago zeylanica,3082282,Plumbago,Plumbaginaceae,Caryophyllales,Magnoliopsida,Tracheophyta,Plantae,ACCEPTED,EXACT,99,True,,2026-08-20
Plumeria acutifolia,Plumeria rubra,3169674,Plumeria,Apocynaceae,Gentianales,Magnoliopsida,Tracheophyta,Plantae,SYNONYM,EXACT,98,True,,2026-08-20
Plumeria alba,Plumeria alba,3169673,Plumeria,Apocynaceae,Gentianales,Magnoliopsida,Tracheophyta,Plantae,ACCEPTED,EXACT,97,True,,2026-08-20
Plumeria obtusa,Plumeria obtusa,3169677,Plumeria,Apocynaceae,Gentianales,Magnoliopsida,Tracheophyta,Plantae,ACCEPTED,EXACT,97,True,,2026-08-20
Plumeria rubra,Plumeria rubra,3169674,Plumeria,Apocynaceae,Gentianales,Magnoliopsida,Tracheophyta,Plantae,ACCEPTED,EXACT,99,True,,2026-08-20
Poa annua,Poa annua,2704179,Poa,Poaceae,Poales,Liliopsida,Tracheophyta,Plantae,ACCEPTED,EXACT,97,True,,2026-08-20
Podocarpus elatus,Podocarpus elatus,5286128,Podocarpus,Podocarpaceae,Pinales,Pinopsida,Tracheophyta,Plantae,ACCEPTED,EXACT,97,True,,2026-08-20
Podocarpus macrophyllus,Podocarpus macrophyllus,5285930,Podocarpus,Podocarpaceae,Pinales,Pinopsida,Tracheophyta,Plantae,ACCEPTED,EXACT,98,True,,2026-08-20
Podocarpus neriifolius,Podocarpus neriifolius,5286088,Podocarpus,Podocarpaceae,Pinales,Pinopsida,Tracheophyta,Plantae,ACCEPTED,EXACT,99,True,,2026-08-20
Podocarpus totara,Podocarpus totara,5286079,Podocarpus,Podocarpaceae,Pinales,Pinopsida,Tracheophyta,Plantae,ACCEPTED,EXACT,97,True,,2026-08-20
Podophyllum peltatum,Podophyllum peltatum,3033839,Podophyllum,Berberidaceae,Ranunculales,Magnoliopsida,Tracheophyta,Plantae,ACCEPTED,EXACT,99,True,,2026-08-20
Pogostemon cablin,Pogostemon cablin,2926672,Pogostemon,Lamiaceae,Lamiales,Magnoliopsida,Tracheophyta,Plantae,ACCEPTED,EXACT,99,True,,2026-08-14
Polianthes tuberosa,Agave amica,10868891,Agave,Asparagaceae,Asparagales,Liliopsida,Tracheophyta,Plantae,SYNONYM,EXACT,98,True,,2026-08-20
Pollia condensata,Pollia condensata,5303496,Pollia,Commelinaceae,Commelinales,Liliopsida,Tracheophyta,Plantae,ACCEPTED,EXACT,99,True,,2026-08-20
Polyalthia longifolia,Polyalthia longifolia,3156422,Polyalthia,Annonaceae,Magnoliales,Magnoliopsida,Tracheophyta,Plantae,ACCEPTED,EXACT,98,True,,2026-08-20
Polygala senega,Polygala senega,3191367,Polygala,Polygalaceae,Fabales,Magnoliopsida,Tracheophyta,Plantae,ACCEPTED,EXACT,99,True,,2026-08-20
Polygala tenuifolia,Polygala tenuifolia,7593997,Polygala,Polygalaceae,Fabales,Magnoliopsida,Tracheophyta,Plantae,ACCEPTED,EXACT,97,True,,2026-08-20
Polygonatum multiflorum,Polygonatum multiflorum,2770022,Polygonatum,Asparagaceae,Asparagales,Liliopsida,Tracheophyta,Plantae,ACCEPTED,EXACT,98,True,,2026-08-20
Polygonatum odoratum,Polygonatum odoratum,2770228,Polygonatum,Asparagaceae,Asparagales,Liliopsida,Tracheophyta,Plantae,ACCEPTED,EXACT,99,True,,2026-08-20
Polygonatum officinale,Polygonatum odoratum,7228168,Polygonatum,Asparagaceae,Asparagales,Liliopsida,Tracheophyta,Plantae,SYNONYM,EXACT,98,True,,2026-08-20
Polygonatum sibiricum,Polygonatum sibiricum,7441849,Polygonatum,Asparagaceae,Asparagales,Liliopsida,Tracheophyta,Plantae,ACCEPTED,EXACT,98,True,,2026-08-20
Polygonum aviculare,Polygonum aviculare,7821030,Polygonum,Polygonaceae,Caryophyllales,Magnoliopsida,Tracheophyta,Plantae,ACCEPTED,EXACT,97,True,,2026-08-20
Polygonum bistorta,Polygonum bistorta,7395841,Polygonum,Polygonaceae,Caryophyllales,Magnoliopsida,Tracheophyta,Plantae,ACCEPTED,EXACT,97,True,,2026-08-20
Polygonum cuspidatum,,,Polygonum,Polygonaceae,Caryophyllales,,,Plantae,,HIGHERRANK,0,False,no_match:HIGHERRANK|genus_fallback,2026-08-20
Polygonum fagopyrum,,,Polygonum,Polygonaceae,Caryophyllales,,,Plantae,,HIGHERRANK,0,False,no_match:HIGHERRANK|genus_fallback,2026-08-20
Polygonum falcatum,,,Polygonum,Polygonaceae,Caryophyllales,,,Plantae,,HIGHERRANK,0,False,no_match:HIGHERRANK|genus_fallback,2026-08-20
Polygonum filiforme,,,Polygonum,Polygonaceae,Caryophyllales,,,Plantae,,HIGHERRANK,0,False,no_match:HIGHERRANK|genus_fallback,2026-08-20
Polygonum hydropiper,,,Polygonum,Polygonaceae,Caryophyllales,,,Plantae,,HIGHERRANK,0,False,no_match:HIGHERRANK|genus_fallback,2026-08-20
Polygonum multiflorum,Reynoutria multiflora,4038333,Reynoutria,Polygonaceae,Caryophyllales,Magnoliopsida,Tracheophyta,Plantae,SYNONYM,EXACT,97,True,,2026-08-20
Polygonum odoratum,Persicaria odorata,8075816,Persicaria,Polygonaceae,Caryophyllales,Magnoliopsida,Tracheophyta,Plantae,SYNONYM,EXACT,98,True,,2026-08-20
Polygonum persicaria,Polygonum persicaria,7600308,Polygonum,Polygonaceae,Caryophyllales,Magnoliopsida,Tracheophyta,Plantae,ACCEPTED,EXACT,97,True,,2026-08-20
Polygonum punctatum,Polygonum punctatum,10779688,Polygonum,Polygonaceae,Caryophyllales,Magnoliopsida,Tracheophyta,Plantae,ACCEPTED,EXACT,97,True,,2026-08-20
Polygonum tataricum,,,Polygonum,Polygonaceae,Caryophyllales,,,Plantae,,HIGHERRANK,0,False,no_match:HIGHERRANK|genus_fallback,2026-08-20
Polygonum tinctorium,Persicaria tinctoria,4032517,Persicaria,Polygonaceae,Caryophyllales,Magnoliopsida,Tracheophyta,Plantae,SYNONYM,EXACT,97,True,,2026-08-20
Polymnia sonchifolia,,,,,,,,,,HIGHERRANK,0,False,no_match:HIGHERRANK,2026-08-20
Polypodium decumanum,Phlebodium decumanum,2650477,Phlebodium,Polypodiaceae,Polypodiales,Polypodiopsida,Tracheophyta,Plantae,SYNONYM,EXACT,98,True,,2026-08-20
Polypodium leucotomos,Phlebodium aureum,2650479,Phlebodium,Polypodiaceae,Polypodiales,Polypodiopsida,Tracheophyta,Plantae,SYNONYM,FUZZY,94,True,,2026-08-20
Polypodium vulgare,Polypodium vulgare,5274951,Polypodium,Polypodiaceae,Polypodiales,Polypodiopsida,Tracheophyta,Plantae,ACCEPTED,EXACT,99,True,,2026-08-20
Polyporus umbellatus,Polyporus umbellatus,5246840,Polyporus,Polyporaceae,Polyporales,Agaricomycetes,Basidiomycota,Fungi,ACCEPTED,EXACT,98,True,,2026-08-20
Polysiphonia lanosa,Vertebrata lanosa,2660688,Vertebrata,Rhodomelaceae,Ceramiales,Florideophyceae,Rhodophyta,Plantae,SYNONYM,EXACT,98,True,,2026-08-20
Polystichum polyblepharum,Polystichum luctuosum,4046493,Polystichum,Dryopteridaceae,Polypodiales,Polypodiopsida,Tracheophyta,Plantae,SYNONYM,EXACT,98,True,,2026-08-20
Polystichum retrosopalaceum,Polystichum retrosopaleaceum,7675696,Polystichum,Dryopteridaceae,Polypodiales,Polypodiopsida,Tracheophyta,Plantae,ACCEPTED,FUZZY,95,True,,2026-08-20
Pomaderris kumerahou,Pomaderris kumarahou,12229060,Pomaderris,Rhamnaceae,Rosales,Magnoliopsida,Tracheophyta,Plantae,ACCEPTED,FUZZY,94,True,,2026-08-20
Poncirus trifoliata,Citrus trifoliata,3190129,Citrus,Rutaceae,Sapindales,Magnoliopsida,Tracheophyta,Plantae,SYNONYM,EXACT,98,True,,2026-08-20
Pongamia glabra,Pongamia glabra,11377893,Pongamia,Fabaceae,Fabales,Magnoliopsida,Tracheophyta,Plantae,ACCEPTED,EXACT,97,True,,2026-08-20
Pongamia pinnata,Pongamia pinnata,2965911,Pongamia,Fabaceae,Fabales,Magnoliopsida,Tracheophyta,Plantae,ACCEPTED,EXACT,97,True,,2026-08-20
Populus alba,Populus alba,3040233,Populus,Salicaceae,Malpighiales,Magnoliopsida,Tracheophyta,Plantae,ACCEPTED,EXACT,99,True,,2026-08-20
Populus nigra,Populus nigra,3040227,Populus,Salicaceae,Malpighiales,Magnoliopsida,Tracheophyta,Plantae,ACCEPTED,EXACT,97,True,,2026-08-20
Populus tremula,Populus tremula,3040249,Populus,Salicaceae,Malpighiales,Magnoliopsida,Tracheophyta,Plantae,ACCEPTED,EXACT,99,True,,2026-08-20
Populus tremuloides,Populus tremuloides,3040215,Populus,Salicaceae,Malpighiales,Magnoliopsida,Tracheophyta,Plantae,ACCEPTED,EXACT,97,True,,2026-08-20
Poria cocos,Wolfiporia cocos,2549306,Wolfiporia,Fomitopsidaceae,Polyporales,Agaricomycetes,Basidiomycota,Fungi,SYNONYM,EXACT,98,True,,2026-08-20
Porphyra columbina,Pyropia columbina,8350546,Pyropia,Bangiaceae,Bangiales,Bangiophyceae,Rhodophyta,Plantae,SYNONYM,EXACT,98,True,,2026-08-20
Porphyra tenera,Porphyra tenera,5275791,Porphyra,Bangiaceae,Bangiales,Bangiophyceae,Rhodophyta,Plantae,ACCEPTED,EXACT,99,True,,2026-08-20
Porphyra umbilicalis,Porphyra umbilicalis,5275705,Porphyra,Bangiaceae,Bangiales,Bangiophyceae,Rhodophyta,Plantae,ACCEPTED,EXACT,97,True,,2026-08-20
Porphyra yezoensis,Porphyra yezoensis,5275686,Porphyra,Bangiaceae,Bangiales,Bangiophyceae,Rhodophyta,Plantae,ACCEPTED,EXACT,97,True,,2026-08-20
Porphyridium cruentum,Porphyridium purpureum,2653969,Porphyridium,Porphyridiaceae,Porphyridiales,Porphyridiophyceae,Rhodophyta,Plantae,SYNONYM,EXACT,98,True,,2026-08-20
Porphyridium purpureum,Porphyridium purpureum,2653969,Porphyridium,Porphyridiaceae,Porphyridiales,Porphyridiophyceae,Rhodophyta,Plantae,ACCEPTED,EXACT,99,True,,2026-08-20
Portulaca grandiflora,Portulaca grandiflora,3084700,Portulaca,Portulacaceae,Caryophyllales,Magnoliopsida,Tracheophyta,Plantae,ACCEPTED,EXACT,99,True,,2026-08-20
Portulaca molokiniensis,Portulaca molokiniensis,3084712,Portulaca,Portulacaceae,Caryophyllales,Magnoliopsida,Tracheophyta,Plantae,ACCEPTED,EXACT,99,True,,2026-08-20
Portulaca oleracea,Portulaca oleracea,3084719,Portulaca,Portulacaceae,Caryophyllales,Magnoliopsida,Tracheophyta,Plantae,ACCEPTED,EXACT,99,True,,2026-08-20
Portulaca pilosa,Portulaca pilosa,3084704,Portulaca,Portulacaceae,Caryophyllales,Magnoliopsida,Tracheophyta,Plantae,ACCEPTED,EXACT,97,True,,2026-08-20
Posidonia oceanica,Posidonia oceanica,5328663,Posidonia,Posidoniaceae,Alismatales,Liliopsida,Tracheophyta,Plantae,ACCEPTED,EXACT,97,True,,2026-08-20
Potamogeton crispus,Potamogeton crispus,5301162,Potamogeton,Potamogetonaceae,Alismatales,Liliopsida,Tracheophyta,Plantae,ACCEPTED,EXACT,98,True,,2026-08-20
Potentilla anemonifolia,Potentilla sundaica,5366582,Potentilla,Rosaceae,Rosales,Magnoliopsida,Tracheophyta,Plantae,SYNONYM,EXACT,98,True,,2026-08-20
Potentilla anserina,Argentina anserina,7272211,Argentina,Rosaceae,Rosales,Magnoliopsida,Tracheophyta,Plantae,SYNONYM,EXACT,98,True,,2026-08-20
Potentilla chinensis,Potentilla chinensis,5365665,Potentilla,Rosaceae,Rosales,Magnoliopsida,Tracheophyta,Plantae,ACCEPTED,EXACT,99,True,,2026-08-20
Potentilla erecta,Potentilla erecta,5365576,Potentilla,Rosaceae,Rosales,Magnoliopsida,Tracheophyta,Plantae,ACCEPTED,EXACT,97,True,,2026-08-20
Potentilla fragarioides,Potentilla fragarioides,5365418,Potentilla,Rosaceae,Rosales,Magnoliopsida,Tracheophyta,Plantae,ACCEPTED,EXACT,97,True,,2026-08-20
Potentilla fulgens,Potentilla fulgens,8322396,Potentilla,Rosaceae,Rosales,Magnoliopsida,Tracheophyta,Plantae,ACCEPTED,EXACT,97,True,,2026-08-20
Potentilla miyabei,Sibbaldia miyabei,8072590,Sibbaldia,Rosaceae,Rosales,Magnoliopsida,Tracheophyta,Plantae,SYNONYM,EXACT,98,True,,2026-08-20
Poterium officinale,Sanguisorba officinalis,3029627,Sanguisorba,Rosaceae,Rosales,Magnoliopsida,Tracheophyta,Plantae,SYNONYM,EXACT,97,True,,2026-08-20
Poterium sanguisorba,Poterium sanguisorba,5364245,Poterium,Rosaceae,Rosales,Magnoliopsida,Tracheophyta,Plantae,ACCEPTED,EXACT,98,True,,2026-08-20
Pothomorphe umbellata,Piper umbellatum,3086364,Piper,Piperaceae,Piperales,Magnoliopsida,Tracheophyta,Plantae,SYNONYM,EXACT,98,True,,2026-08-20
Poulsenia armata,Poulsenia armata,5570848,Poulsenia,Moraceae,Rosales,Magnoliopsida,Tracheophyta,Plantae,ACCEPTED,EXACT,99,True,,2026-08-20
Pourthiaea villosa,Pourthiaea villosa,8356787,Pourthiaea,Rosaceae,Rosales,Magnoliopsida,Tracheophyta,Plantae,ACCEPTED,EXACT,97,True,,2026-08-20
Pouteria lucuma,Pouteria lucuma,2884071,Pouteria,Sapotaceae,Ericales,Magnoliopsida,Tracheophyta,Plantae,ACCEPTED,EXACT,99,True,,2026-08-20
Pouteria sapota,Pouteria sapota,2884162,Pouteria,Sapotaceae,Ericales,Magnoliopsida,Tracheophyta,Plantae,ACCEPTED,EXACT,99,True,,2026-08-20
Pouzolzia pentandra,Gonostegia pentandra,4100866,Gonostegia,Urticaceae,Rosales,Magnoliopsida,Tracheophyta,Plantae,SYNONYM,EXACT,98,True,,2026-08-20
Pouzolzia zeylanica,Pouzolzia zeylanica,2984383,Pouzolzia,Urticaceae,Rosales,Magnoliopsida,Tracheophyta,Plantae,ACCEPTED,EXACT,97,True,,2026-08-20
Prasinococcus capsulatus,,,Prasinococcus,Prasinococcaceae,Prasinococcales,,,Plantae,,HIGHERRANK,0,False,no_match:HIGHERRANK|genus_fallback,2026-08-20
Pratia begonifolia,Lobelia nummularia,5409107,Lobelia,Campanulaceae,Asterales,Magnoliopsida,Tracheophyta,Plantae,SYNONYM,EXACT,98,True,,2026-08-20
Premna mollissima,Premna mollissima,3896962,Premna,Lamiaceae,Lamiales,Magnoliopsida,Tracheophyta,Plantae,ACCEPTED,EXACT,99,True,,2026-08-20
Premna serratifolia,Premna serratifolia,6411486,Premna,Lamiaceae,Lamiales,Magnoliopsida,Tracheophyta,Plantae,ACCEPTED,EXACT,98,True,,2026-08-20
Primula denticulata,Primula denticulata,5641274,Primula,Primulaceae,Ericales,Magnoliopsida,Tracheophyta,Plantae,ACCEPTED,EXACT,97,True,,2026-08-20
Primula sikkimensis,Primula sikkimensis,7290470,Primula,Primulaceae,Ericales,Magnoliopsida,Tracheophyta,Plantae,ACCEPTED,EXACT,99,True,,2026-08-20
Primula veris,Primula veris,8377689,Primula,Primulaceae,Ericales,Magnoliopsida,Tracheophyta,Plantae,ACCEPTED,EXACT,97,True,,2026-08-20
Primula vulgaris,Primula vulgaris,5414335,Primula,Primulaceae,Ericales,Magnoliopsida,Tracheophyta,Plantae,ACCEPTED,EXACT,97,True,,2026-08-20
Prinsepia utilis,Prinsepia utilis,3025406,Prinsepia,Rosaceae,Rosales,Magnoliopsida,Tracheophyta,Plantae,ACCEPTED,EXACT,97,True,,2026-08-20
Prorocentrum minimum,Prorocentrum cordatum,8368630,Prorocentrum,Prorocentraceae,Prorocentrales,Dinophyceae,Myzozoa,Chromista,SYNONYM,EXACT,98,True,,2026-08-20
Prosopis juliflora,Prosopis juliflora,5358460,Prosopis,Fabaceae,Fabales,Magnoliopsida,Tracheophyta,Plantae,ACCEPTED,EXACT,99,True,,2026-08-20
Prosopis velutina,Prosopis velutina,5358538,Prosopis,Fabaceae,Fabales,Magnoliopsida,Tracheophyta,Plantae,ACCEPTED,EXACT,99,True,,2026-08-20
Prostanthera incisa,Prostanthera incisa,7308217,Prostanthera,Lamiaceae,Lamiales,Magnoliopsida,Tracheophyta,Plantae,ACCEPTED,EXACT,97,True,,2026-08-20
Prostanthera rotundifolia,Prostanthera rotundifolia,3893999,Prostanthera,Lamiaceae,Lamiales,Magnoliopsida,Tracheophyta,Plantae,ACCEPTED,EXACT,99,True,,2026-08-20
Protea cynaroides,Protea cynaroides,5637947,Protea,Proteaceae,Proteales,Magnoliopsida,Tracheophyta,Plantae,ACCEPTED,EXACT,99,True,,2026-08-20
Protea repens,Protea repens,5636761,Protea,Proteaceae,Proteales,Magnoliopsida,Tracheophyta,Plantae,ACCEPTED,EXACT,97,True,,2026-08-20
Protium heptaphyllum,Protium heptaphyllum,7286785,Protium,Burseraceae,Sapindales,Magnoliopsida,Tracheophyta,Plantae,ACCEPTED,EXACT,99,True,,2026-08-20
Protium pallidum,Protium pallidum,3993881,Protium,Burseraceae,Sapindales,Magnoliopsida,Tracheophyta,Plantae,ACCEPTED,EXACT,99,True,,2026-08-20
Prunella vulgaris,Prunella vulgaris,5341297,Prunella,Lamiaceae,Lamiales,Magnoliopsida,Tracheophyta,Plantae,ACCEPTED,EXACT,98,True,,2026-08-20
Prunus africana,Prunus africana,3022853,Prunus,Rosaceae,Rosales,Magnoliopsida,Tracheophyta,Plantae,ACCEPTED,EXACT,99,True,,2026-08-20
Prunus amygdalus,Prunus amygdalus,3020980,Prunus,Rosaceae,Rosales,Magnoliopsida,Tracheophyta,Plantae,ACCEPTED,EXACT,97,True,,2026-08-20
Prunus armeniaca,Prunus armeniaca,7818643,Prunus,Rosaceae,Rosales,Magnoliopsida,Tracheophyta,Plantae,ACCEPTED,EXACT,97,True,,2026-08-20
Prunus avium,Prunus avium,3020791,Prunus,Rosaceae,Rosales,Magnoliopsida,Tracheophyta,Plantae,ACCEPTED,EXACT,98,True,,2026-08-20
Prunus cerasifera,Prunus cerasifera,3021730,Prunus,Rosaceae,Rosales,Magnoliopsida,Tracheophyta,Plantae,ACCEPTED,EXACT,98,True,,2026-08-20
Prunus cerasus,Prunus cerasus,3021922,Prunus,Rosaceae,Rosales,Magnoliopsida,Tracheophyta,Plantae,ACCEPTED,EXACT,97,True,,2026-08-20
Prunus davidiana,Prunus davidiana,8324181,Prunus,Rosaceae,Rosales,Magnoliopsida,Tracheophyta,Plantae,ACCEPTED,EXACT,98,True,,2026-08-20
Prunus domestica,Prunus domestica,7931731,Prunus,Rosaceae,Rosales,Magnoliopsida,Tracheophyta,Plantae,ACCEPTED,EXACT,98,True,,2026-08-20
Prunus dulcis,,,Prunus,Rosaceae,Rosales,,,Plantae,,HIGHERRANK,0,False,no_match:HIGHERRANK|genus_fallback,2026-08-20
Prunus humilis,Prunus humilis,3020755,Prunus,Rosaceae,Rosales,Magnoliopsida,Tracheophyta,Plantae,ACCEPTED,EXACT,97,True,,2026-08-20
Prunus insititia,,,Prunus,Rosaceae,Rosales,,,Plantae,,HIGHERRANK,0,False,no_match:HIGHERRANK|genus_fallback,2026-08-20
Prunus lannesiana,Prunus lannesiana,3030535,Prunus,Rosaceae,Rosales,Magnoliopsida,Tracheophyta,Plantae,ACCEPTED,EXACT,99,True,,2026-08-20
Prunus mume,Prunus mume,3021046,Prunus,Rosaceae,Rosales,Magnoliopsida,Tracheophyta,Plantae,ACCEPTED,EXACT,97,True,,2026-08-20
Prunus padus,Prunus padus,3021037,Prunus,Rosaceae,Rosales,Magnoliopsida,Tracheophyta,Plantae,ACCEPTED,EXACT,97,True,,2026-08-20
Prunus pedunculata,Prunus pedunculata,3022277,Prunus,Rosaceae,Rosales,Magnoliopsida,Tracheophyta,Plantae,ACCEPTED,EXACT,99,True,,2026-08-20
Prunus persica,Prunus persica,8149923,Prunus,Rosaceae,Rosales,Magnoliopsida,Tracheophyta,Plantae,ACCEPTED,EXACT,97,True,,2026-08-20
Prunus salicina,Prunus salicina,3021120,Prunus,Rosaceae,Rosales,Magnoliopsida,Tracheophyta,Plantae,ACCEPTED,EXACT,99,True,,2026-08-20
Prunus sargentii,Prunus sargentii,3020955,Prunus,Rosaceae,Rosales,Magnoliopsida,Tracheophyta,Plantae,ACCEPTED,EXACT,99,True,,2026-08-20
Prunus serotina,Prunus serotina,3021850,Prunus,Rosaceae,Rosales,Magnoliopsida,Tracheophyta,Plantae,ACCEPTED,EXACT,97,True,,2026-08-20
Prunus serrulata,Prunus serrulata,3022609,Prunus,Rosaceae,Rosales,Magnoliopsida,Tracheophyta,Plantae,ACCEPTED,EXACT,98,True,,2026-08-20
Prunus speciosa,Prunus speciosa,3021417,Prunus,Rosaceae,Rosales,Magnoliopsida,Tracheophyta,Plantae,ACCEPTED,EXACT,97,True,,2026-08-20
Prunus spinosa,Prunus spinosa,3023221,Prunus,Rosaceae,Rosales,Magnoliopsida,Tracheophyta,Plantae,ACCEPTED,EXACT,97,True,,2026-08-20
Prunus subhirtella,Prunus subhirtella,3021229,Prunus,Rosaceae,Rosales,Magnoliopsida,Tracheophyta,Plantae,ACCEPTED,EXACT,98,True,,2026-08-20
Prunus tomentosa,Prunus tomentosa,3020838,Prunus,Rosaceae,Rosales,Magnoliopsida,Tracheophyta,Plantae,ACCEPTED,EXACT,98,True,,2026-08-20
Prunus triloba,Prunus triloba,3023130,Prunus,Rosaceae,Rosales,Magnoliopsida,Tracheophyta,Plantae,ACCEPTED,EXACT,97,True,,2026-08-20
Prunus virginiana,Prunus virginiana,3022668,Prunus,Rosaceae,Rosales,Magnoliopsida,Tracheophyta,Plantae,ACCEPTED,EXACT,97,True,,2026-08-20
Prunus yedoensis,Prunus yedoensis,3021335,Prunus,Rosaceae,Rosales,Magnoliopsida,Tracheophyta,Plantae,ACCEPTED,EXACT,99,True,,2026-08-20
Prunus zippeliana,Prunus zippeliana,3023356,Prunus,Rosaceae,Rosales,Magnoliopsida,Tracheophyta,Plantae,ACCEPTED,EXACT,99,True,,2026-08-20
Psalliota campestris,Agaricus campestris,5243458,Agaricus,Agaricaceae,Agaricales,Agaricomycetes,Basidiomycota,Fungi,SYNONYM,EXACT,97,True,,2026-08-20
Pseudoalteromonas ferment,,,Pseudoalteromonas,Alteromonadaceae,Enterobacterales,,,Bacteria,,HIGHERRANK,0,False,no_match:HIGHERRANK|genus_fallback,2026-08-20
Pseudochlorodesmis australis,,,Pseudochlorodesmis,Udoteaceae,Bryopsidales,,,Plantae,,HIGHERRANK,0,False,no_match:HIGHERRANK|genus_fallback,2026-08-20
Pseudotsuga menziesii,Pseudotsuga menziesii,2685796,Pseudotsuga,Pinaceae,Pinales,Pinopsida,Tracheophyta,Plantae,ACCEPTED,EXACT,99,True,,2026-08-20
Pseudowintera colorata,Pseudowintera colorata,4020812,Pseudowintera,Winteraceae,Canellales,Magnoliopsida,Tracheophyta,Plantae,ACCEPTED,EXACT,99,True,,2026-08-20
Pseudozyma epicola,,,Pseudozyma,Ustilaginaceae,Ustilaginales,,,Fungi,,HIGHERRANK,0,False,no_match:HIGHERRANK|genus_fallback,2026-08-20
Psiadia altissima,Psiadia altissima,3119725,Psiadia,Asteraceae,Asterales,Magnoliopsida,Tracheophyta,Plantae,ACCEPTED,EXACT,97,True,,2026-08-20
Psidium cattleianum,Psidium cattleianum,5420641,Psidium,Myrtaceae,Myrtales,Magnoliopsida,Tracheophyta,Plantae,ACCEPTED,EXACT,97,True,,2026-08-20
Psidium guajava,Psidium guajava,5420380,Psidium,Myrtaceae,Myrtales,Magnoliopsida,Tracheophyta,Plantae,ACCEPTED,EXACT,99,True,,2026-08-20
Psilanthus bengalensis,Coffea benghalensis,3848941,Coffea,Rubiaceae,Gentianales,Magnoliopsida,Tracheophyta,Plantae,SYNONYM,EXACT,98,True,,2026-08-20
Psophocarpus tetragonolobus,Psophocarpus tetragonolobus,2944683,Psophocarpus,Fabaceae,Fabales,Magnoliopsida,Tracheophyta,Plantae,ACCEPTED,EXACT,99,True,,2026-08-20
Psoralea corylifolia,Cullen corylifolium,2948930,Cullen,Fabaceae,Fabales,Magnoliopsida,Tracheophyta,Plantae,SYNONYM,EXACT,98,True,,2026-08-20
Pteridium aquilinum,Pteridium aquilinum,5275012,Pteridium,Dennstaedtiaceae,Polypodiales,Polypodiopsida,Tracheophyta,Plantae,ACCEPTED,EXACT,99,True,,2026-08-20
Pteris dispar,Pteris dispar,5613991,Pteris,Pteridaceae,Polypodiales,Polypodiopsida,Tracheophyta,Plantae,ACCEPTED,EXACT,99,True,,2026-08-20
Pteris multifida,Pteris multifida,5275415,Pteris,Pteridaceae,Polypodiales,Polypodiopsida,Tracheophyta,Plantae,ACCEPTED,EXACT,97,True,,2026-08-20
Pterocarpus marsupium,Pterocarpus marsupium,5349309,Pterocarpus,Fabaceae,Fabales,Magnoliopsida,Tracheophyta,Plantae,ACCEPTED,EXACT,99,True,,2026-08-20
Pterocarpus santalinus,Pterocarpus santalinus,5708628,Pterocarpus,Fabaceae,Fabales,Magnoliopsida,Tracheophyta,Plantae,ACCEPTED,EXACT,97,True,,2026-08-20
Pterocarpus soyauxii,Pterocarpus soyauxii,5349273,Pterocarpus,Fabaceae,Fabales,Magnoliopsida,Tracheophyta,Plantae,ACCEPTED,EXACT,99,True,,2026-08-20
Ptychopetalum olacoides,Ptychopetalum olacoides,3685538,Ptychopetalum,Olacaceae,Santalales,Magnoliopsida,Tracheophyta,Plantae,ACCEPTED,EXACT,99,True,,2026-08-20
Pueraria lobata,Pueraria montana,2977647,Pueraria,Fabaceae,Fabales,Magnoliopsida,Tracheophyta,Plantae,SYNONYM,EXACT,97,True,,2026-08-20
Pueraria mirifica,Pueraria mirifica,2977697,Pueraria,Fabaceae,Fabales,Magnoliopsida,Tracheophyta,Plantae,ACCEPTED,EXACT,99,True,,2026-08-20
Pueraria montana,Pueraria montana,2977636,Pueraria,Fabaceae,Fabales,Magnoliopsida,Tracheophyta,Plantae,ACCEPTED,EXACT,99,True,,2026-08-20
Pueraria thomsoni,Pueraria montana,8233429,Pueraria,Fabaceae,Fabales,Magnoliopsida,Tracheophyta,Plantae,SYNONYM,FUZZY,96,True,,2026-08-20
Pueraria thunbergiana,Pueraria montana,2977647,Pueraria,Fabaceae,Fabales,Magnoliopsida,Tracheophyta,Plantae,SYNONYM,EXACT,98,True,,2026-08-20
Pueraria tuberosa,Pueraria tuberosa,2977609,Pueraria,Fabaceae,Fabales,Magnoliopsida,Tracheophyta,Plantae,ACCEPTED,EXACT,99,True,,2026-08-20
Pulmonaria officinalis,Pulmonaria officinalis,5341204,Pulmonaria,Boraginaceae,Boraginales,Magnoliopsida,Tracheophyta,Plantae,ACCEPTED,EXACT,97,True,,2026-08-20
Pulsatilla chinensis,Pulsatilla chinensis,7278009,Pulsatilla,Ranunculaceae,Ranunculales,Magnoliopsida,Tracheophyta,Plantae,ACCEPTED,EXACT,98,True,,2026-08-20
Pulsatilla koreana,Pulsatilla cernua,8233588,Pulsatilla,Ranunculaceae,Ranunculales,Magnoliopsida,Tracheophyta,Plantae,SYNONYM,EXACT,97,True,,2026-08-20
Pulsatilla tongkangensis,Pulsatilla tongkangensis,7277829,Pulsatilla,Ranunculaceae,Ranunculales,Magnoliopsida,Tracheophyta,Plantae,ACCEPTED,EXACT,99,True,,2026-08-20
Punica granatum,Punica granatum,5420901,Punica,Lythraceae,Myrtales,Magnoliopsida,Tracheophyta,Plantae,ACCEPTED,EXACT,99,True,,2026-08-20
Pycnanthus angolensis,Pycnanthus angolensis,8025076,Pycnanthus,Myristicaceae,Magnoliales,Magnoliopsida,Tracheophyta,Plantae,ACCEPTED,EXACT,97,True,,2026-08-20
Pyracantha fortuneana,Pyracantha fortuneana,2988224,Pyracantha,Rosaceae,Rosales,Magnoliopsida,Tracheophyta,Plantae,ACCEPTED,EXACT,99,True,,2026-08-20
Pyrenaria buisanensis,Pyrenaria microcarpa,7314042,Pyrenaria,Theaceae,Ericales,Magnoliopsida,Tracheophyta,Plantae,SYNONYM,EXACT,98,True,,2026-08-20
Pyrola incarnata,Pyrola incarnata,7551411,Pyrola,Ericaceae,Ericales,Magnoliopsida,Tracheophyta,Plantae,ACCEPTED,EXACT,97,True,,2026-08-20
Pyrostegia venusta,Pyrostegia venusta,3172569,Pyrostegia,Bignoniaceae,Lamiales,Magnoliopsida,Tracheophyta,Plantae,ACCEPTED,EXACT,99,True,,2026-08-20
Pyrrosia hastata,Pyrrosia hastata,5648166,Pyrrosia,Polypodiaceae,Polypodiales,Polypodiopsida,Tracheophyta,Plantae,ACCEPTED,EXACT,99,True,,2026-08-20
Pyrrosia lingua,Pyrrosia lingua,7290072,Pyrrosia,Polypodiaceae,Polypodiales,Polypodiopsida,Tracheophyta,Plantae,ACCEPTED,EXACT,99,True,,2026-08-20
Pyrus bretschneideri,Pyrus bretschneideri,5363103,Pyrus,Rosaceae,Rosales,Magnoliopsida,Tracheophyta,Plantae,ACCEPTED,EXACT,99,True,,2026-08-20
Pyrus calleryana,Pyrus calleryana,5363119,Pyrus,Rosaceae,Rosales,Magnoliopsida,Tracheophyta,Plantae,ACCEPTED,EXACT,98,True,,2026-08-20
Pyrus communis,Pyrus communis,5362573,Pyrus,Rosaceae,Rosales,Magnoliopsida,Tracheophyta,Plantae,ACCEPTED,EXACT,97,True,,2026-08-20
Pyrus cydonia,Cydonia oblonga,5362215,Cydonia,Rosaceae,Rosales,Magnoliopsida,Tracheophyta,Plantae,SYNONYM,EXACT,97,True,,2026-08-20
Pyrus germanica,Mespilus germanica,3031774,Mespilus,Rosaceae,Rosales,Magnoliopsida,Tracheophyta,Plantae,SYNONYM,EXACT,98,True,,2026-08-20
Pyrus malus,,,Pyrus,Rosaceae,Rosales,,,Plantae,,HIGHERRANK,0,False,no_match:HIGHERRANK|genus_fallback,2026-08-20
Pyrus pyrifolia,Pyrus pyrifolia,5362786,Pyrus,Rosaceae,Rosales,Magnoliopsida,Tracheophyta,Plantae,ACCEPTED,EXACT,99,True,,2026-08-20
Pyrus serotina,Pyrus pyrifolia,5362786,Pyrus,Rosaceae,Rosales,Magnoliopsida,Tracheophyta,Plantae,SYNONYM,EXACT,98,True,,2026-08-20
Pyrus sorbus,Cormus domestica,3013215,Cormus,Rosaceae,Rosales,Magnoliopsida,Tracheophyta,Plantae,SYNONYM,EXACT,97,True,,2026-08-20
Pyrus spinosa,Pyrus spinosa,5362560,Pyrus,Rosaceae,Rosales,Magnoliopsida,Tracheophyta,Plantae,ACCEPTED,EXACT,99,True,,2026-08-20
Quassia amara,Quassia amara,3190647,Quassia,Simaroubaceae,Sapindales,Magnoliopsida,Tracheophyta,Plantae,ACCEPTED,EXACT,99,True,,2026-08-20
Quercus acuta,Quercus acuta,2876863,Quercus,Fagaceae,Fagales,Magnoliopsida,Tracheophyta,Plantae,ACCEPTED,EXACT,97,True,,2026-08-20
Quercus acutissima,Quercus acutissima,2877959,Quercus,Fagaceae,Fagales,Magnoliopsida,Tracheophyta,Plantae,ACCEPTED,EXACT,99,True,,2026-08-20
Quercus aegilops,,,Quercus,Fagaceae,Fagales,,,Plantae,,HIGHERRANK,0,False,no_match:HIGHERRANK|genus_fallback,2026-08-20
Quercus alba,Quercus alba,2879737,Quercus,Fagaceae,Fagales,Magnoliopsida,Tracheophyta,Plantae,ACCEPTED,EXACT,98,True,,2026-08-20
Quercus glauca,Quercus glauca,2876873,Quercus,Fagaceae,Fagales,Magnoliopsida,Tracheophyta,Plantae,ACCEPTED,EXACT,97,True,,2026-08-20
Quercus ilex,Quercus ilex,2879098,Quercus,Fagaceae,Fagales,Magnoliopsida,Tracheophyta,Plantae,ACCEPTED,EXACT,97,True,,2026-08-20
Quercus infectoria,Quercus infectoria,2881010,Quercus,Fagaceae,Fagales,Magnoliopsida,Tracheophyta,Plantae,ACCEPTED,EXACT,99,True,,2026-08-20
Quercus mongolica,Quercus mongolica,2879685,Quercus,Fagaceae,Fagales,Magnoliopsida,Tracheophyta,Plantae,ACCEPTED,EXACT,98,True,,2026-08-20
Quercus petraea,Quercus petraea,2880130,Quercus,Fagaceae,Fagales,Magnoliopsida,Tracheophyta,Plantae,ACCEPTED,EXACT,99,True,,2026-08-20
Quercus robur,Quercus robur,2878688,Quercus,Fagaceae,Fagales,Magnoliopsida,Tracheophyta,Plantae,ACCEPTED,EXACT,97,True,,2026-08-20
Quercus semecarpifolia,Quercus semecarpifolia,2878082,Quercus,Fagaceae,Fagales,Magnoliopsida,Tracheophyta,Plantae,ACCEPTED,EXACT,99,True,,2026-08-20
Quercus serrata,Quercus serrata,2879649,Quercus,Fagaceae,Fagales,Magnoliopsida,Tracheophyta,Plantae,ACCEPTED,EXACT,97,True,,2026-08-20
Quercus suber,Quercus suber,2879411,Quercus,Fagaceae,Fagales,Magnoliopsida,Tracheophyta,Plantae,ACCEPTED,EXACT,98,True,,2026-08-20
Quillaja saponaria,Quillaja saponaria,3029379,Quillaja,Quillajaceae,Fabales,Magnoliopsida,Tracheophyta,Plantae,ACCEPTED,EXACT,98,True,,2026-08-20
Rabdosia rubescens,Isodon rubescens,7308552,Isodon,Lamiaceae,Lamiales,Magnoliopsida,Tracheophyta,Plantae,SYNONYM,EXACT,98,True,,2026-08-20
Ramaria formosa,Ramaria formosa,5238663,Ramaria,Gomphaceae,Gomphales,Agaricomycetes,Basidiomycota,Fungi,ACCEPTED,EXACT,99,True,,2026-08-20
Ranunculus ficaria,Ranunculus ficaria,8397184,Ranunculus,Ranunculaceae,Ranunculales,Magnoliopsida,Tracheophyta,Plantae,ACCEPTED,EXACT,97,True,,2026-08-20
Ranunculus japonicus,Ranunculus japonicus,7851483,Ranunculus,Ranunculaceae,Ranunculales,Magnoliopsida,Tracheophyta,Plantae,ACCEPTED,EXACT,97,True,,2026-08-20
Ranunculus pygmaeus,Ranunculus pygmaeus,3033446,Ranunculus,Ranunculaceae,Ranunculales,Magnoliopsida,Tracheophyta,Plantae,ACCEPTED,EXACT,97,True,,2026-08-20
Raoulia australis,Raoulia australis,5402431,Raoulia,Asteraceae,Asterales,Magnoliopsida,Tracheophyta,Plantae,ACCEPTED,EXACT,97,True,,2026-08-20
Raphanus sativus,Raphanus sativus,7678610,Raphanus,Brassicaceae,Brassicales,Magnoliopsida,Tracheophyta,Plantae,ACCEPTED,EXACT,99,True,,2026-08-20
Rauvolfia serpentina,Rauvolfia serpentina,3169787,Rauvolfia,Apocynaceae,Gentianales,Magnoliopsida,Tracheophyta,Plantae,ACCEPTED,EXACT,98,True,,2026-08-20
Rauwolfia serpentina,Rauvolfia serpentina,3169787,Rauvolfia,Apocynaceae,Gentianales,Magnoliopsida,Tracheophyta,Plantae,ACCEPTED,FUZZY,83,True,,2026-08-20
Ravenala madagascariensis,Ravenala madagascariensis,2763095,Ravenala,Strelitziaceae,Zingiberales,Liliopsida,Tracheophyta,Plantae,ACCEPTED,EXACT,97,True,,2026-08-20
Ravensara aromatica,Cryptocarya agathophylla,4178766,Cryptocarya,Lauraceae,Laurales,Magnoliopsida,Tracheophyta,Plantae,SYNONYM,EXACT,97,True,,2026-08-20
Rehmannia chinensis,Rehmannia glutinosa,7516558,Rehmannia,Rehmanniaceae,Lamiales,Magnoliopsida,Tracheophyta,Plantae,SYNONYM,EXACT,97,True,,2026-08-20
Rehmannia elata,Rehmannia elata,7830120,Rehmannia,Rehmanniaceae,Lamiales,Magnoliopsida,Tracheophyta,Plantae,ACCEPTED,EXACT,97,True,,2026-08-20
Rehmannia glutinosa,Rehmannia glutinosa,7516558,Rehmannia,Rehmanniaceae,Lamiales,Magnoliopsida,Tracheophyta,Plantae,ACCEPTED,EXACT,97,True,,2026-08-20
Renealmia guianensis,Renealmia guianensis,5302650,Renealmia,Zingiberaceae,Zingiberales,Liliopsida,Tracheophyta,Plantae,ACCEPTED,EXACT,98,True,,2026-08-20
Reseda luteola,Reseda luteola,3040251,Reseda,Resedaceae,Brassicales,Magnoliopsida,Tracheophyta,Plantae,ACCEPTED,EXACT,99,True,,2026-08-20
Reseda odorata,Reseda odorata,3040255,Reseda,Resedaceae,Brassicales,Magnoliopsida,Tracheophyta,Plantae,ACCEPTED,EXACT,97,True,,2026-08-20
Reynoutria sachalinensis,Reynoutria sachalinensis,2889088,Reynoutria,Polygonaceae,Caryophyllales,Magnoliopsida,Tracheophyta,Plantae,ACCEPTED,EXACT,99,True,,2026-08-20
Rhamnus purshiana,Frangula purshiana,6371409,Frangula,Rhamnaceae,Rosales,Magnoliopsida,Tracheophyta,Plantae,SYNONYM,EXACT,98,True,,2026-08-20
Rhaphiolepis umbellata,Rhaphiolepis umbellata,7480375,Rhaphiolepis,Rosaceae,Rosales,Magnoliopsida,Tracheophyta,Plantae,ACCEPTED,EXACT,97,True,,2026-08-20
Rhapis flabelliformis,Rhapis excelsa,2736747,Rhapis,Arecaceae,Arecales,Liliopsida,Tracheophyta,Plantae,SYNONYM,EXACT,97,True,,2026-08-20
Rhaponticum carthamoides,Leuzea carthamoides,9713621,Leuzea,Asteraceae,Asterales,Magnoliopsida,Tracheophyta,Plantae,SYNONYM,EXACT,98,True,,2026-08-20
Rhaponticum uniflorum,Leuzea uniflora,3142174,Leuzea,Asteraceae,Asterales,Magnoliopsida,Tracheophyta,Plantae,SYNONYM,EXACT,98,True,,2026-08-20
Rheum officinale,Rheum officinale,2888865,Rheum,Polygonaceae,Caryophyllales,Magnoliopsida,Tracheophyta,Plantae,ACCEPTED,EXACT,99,True,,2026-08-20
Rheum palmatum,Rheum palmatum,2888864,Rheum,Polygonaceae,Caryophyllales,Magnoliopsida,Tracheophyta,Plantae,ACCEPTED,EXACT,99,True,,2026-08-20
Rheum rhabarbarum,Rheum rhabarbarum,2888867,Rheum,Polygonaceae,Caryophyllales,Magnoliopsida,Tracheophyta,Plantae,ACCEPTED,EXACT,99,True,,2026-08-20
Rheum rhaponticum,Rheum rhaponticum,2888866,Rheum,Polygonaceae,Caryophyllales,Magnoliopsida,Tracheophyta,Plantae,ACCEPTED,EXACT,97,True,,2026-08-20
Rheum tanguticum,Rheum tanguticum,7291541,Rheum,Polygonaceae,Caryophyllales,Magnoliopsida,Tracheophyta,Plantae,ACCEPTED,EXACT,97,True,,2026-08-20
Rheum undulatum,,,Rheum,Polygonaceae,Caryophyllales,,,Plantae,,HIGHERRANK,0,False,no_match:HIGHERRANK|genus_fallback,2026-08-20
Rhinacanthus communis,,,,,,,,,,HIGHERRANK,0,False,no_match:HIGHERRANK,2026-08-20
Rhinacanthus nasutus,Rhinacanthus nasutus,7263230,Rhinacanthus,Acanthaceae,Lamiales,Magnoliopsida,Tracheophyta,Plantae,ACCEPTED,EXACT,97,True,,2026-08-20
Rhizophora apiculata,Rhizophora apiculata,3086526,Rhizophora,Rhizophoraceae,Malpighiales,Magnoliopsida,Tracheophyta,Plantae,ACCEPTED,EXACT,99,True,,2026-08-20
Rhizophora mangle,Rhizophora mangle,3086528,Rhizophora,Rhizophoraceae,Malpighiales,Magnoliopsida,Tracheophyta,Plantae,ACCEPTED,EXACT,97,True,,2026-08-20
Rhizosolenia setigera,Sundstroemia setigera,11464313,Sundstroemia,Rhizosoleniaceae,Rhizosoleniales,Bacillariophyceae,Ochrophyta,Chromista,SYNONYM,EXACT,98,True,,2026-08-20
Rhodella violacea,Rhodella violacea,2653978,Rhodella,Glaucosphaeraceae,Glaucosphaerales,Rhodellophyceae,Rhodophyta,Plantae,ACCEPTED,EXACT,99,True,,2026-08-20
Rhodiola crenulata,Rhodiola crenulata,4200529,Rhodiola,Crassulaceae,Saxifragales,Magnoliopsida,Tracheophyta,Plantae,ACCEPTED,EXACT,99,True,,2026-08-20
Rhodiola rosea,Rhodiola rosea,2985688,Rhodiola,Crassulaceae,Saxifragales,Magnoliopsida,Tracheophyta,Plantae,ACCEPTED,EXACT,99,True,,2026-08-20
Rhodiola sachalinensis,Rhodiola rosea,2985688,Rhodiola,Crassulaceae,Saxifragales,Magnoliopsida,Tracheophyta,Plantae,SYNONYM,EXACT,98,True,,2026-08-20
Rhodiola sacra,Rhodiola chrysanthemifolia,4200617,Rhodiola,Crassulaceae,Saxifragales,Magnoliopsida,Tracheophyta,Plantae,SYNONYM,EXACT,98,True,,2026-08-20
Rhodobacter sphaeroides,Rhodobacter sphaeroides,3221150,Rhodobacter,Rhodobacteraceae,Rhodobacterales,Alphaproteobacteria,Proteobacteria,Bacteria,ACCEPTED,EXACT,99,True,,2026-08-20
Rhododendron adamsii,Rhododendron adamsii,4169535,Rhododendron,Ericaceae,Ericales,Magnoliopsida,Tracheophyta,Plantae,ACCEPTED,EXACT,99,True,,2026-08-20
Rhododendron anthopogon,Rhododendron anthopogon,7689788,Rhododendron,Ericaceae,Ericales,Magnoliopsida,Tracheophyta,Plantae,ACCEPTED,EXACT,97,True,,2026-08-20
Rhododendron arboreum,Rhododendron arboreum,7328114,Rhododendron,Ericaceae,Ericales,Magnoliopsida,Tracheophyta,Plantae,ACCEPTED,EXACT,98,True,,2026-08-20
Rhododendron brachycarpum,Rhododendron brachycarpum,7135308,Rhododendron,Ericaceae,Ericales,Magnoliopsida,Tracheophyta,Plantae,ACCEPTED,EXACT,97,True,,2026-08-20
Rhododendron chrysanthum,Rhododendron aureum,7328059,Rhododendron,Ericaceae,Ericales,Magnoliopsida,Tracheophyta,Plantae,SYNONYM,EXACT,98,True,,2026-08-20
Rhododendron ferrugineum,Rhododendron ferrugineum,2883073,Rhododendron,Ericaceae,Ericales,Magnoliopsida,Tracheophyta,Plantae,ACCEPTED,EXACT,99,True,,2026-08-20
Rhododendron indicum,Rhododendron indicum,4173541,Rhododendron,Ericaceae,Ericales,Magnoliopsida,Tracheophyta,Plantae,ACCEPTED,EXACT,99,True,,2026-08-20
Rhododendron mucronulatum,Rhododendron mucronulatum,7328287,Rhododendron,Ericaceae,Ericales,Magnoliopsida,Tracheophyta,Plantae,ACCEPTED,EXACT,99,True,,2026-08-20
Rhododendron schlippenbachii,Rhododendron schlippenbachii,7135016,Rhododendron,Ericaceae,Ericales,Magnoliopsida,Tracheophyta,Plantae,ACCEPTED,EXACT,99,True,,2026-08-20
Rhododendron weyrichii,Rhododendron weyrichii,7328791,Rhododendron,Ericaceae,Ericales,Magnoliopsida,Tracheophyta,Plantae,ACCEPTED,EXACT,99,True,,2026-08-20
Rhododendron yedoense,Rhododendron yedoense,7328739,Rhododendron,Ericaceae,Ericales,Magnoliopsida,Tracheophyta,Plantae,ACCEPTED,EXACT,98,True,,2026-08-20
Rhodomyrtus tomentosa,Rhodomyrtus tomentosa,3179997,Rhodomyrtus,Myrtaceae,Myrtales,Magnoliopsida,Tracheophyta,Plantae,ACCEPTED,EXACT,97,True,,2026-08-20
Rhodosorus marinus,Rhodosorus marinus,2653981,Rhodosorus,Stylonemataceae,Stylonematales,Stylonematophyceae,Rhodophyta,Plantae,ACCEPTED,EXACT,99,True,,2026-08-20
Rhus coriaria,Rhus coriaria,3190563,Rhus,Anacardiaceae,Sapindales,Magnoliopsida,Tracheophyta,Plantae,ACCEPTED,EXACT,99,True,,2026-08-20
Rhus cotinus,,,Rhus,Anacardiaceae,Sapindales,,,Plantae,,HIGHERRANK,0,False,no_match:HIGHERRANK|genus_fallback,2026-08-20
Rhus glabra,Rhus glabra,3190544,Rhus,Anacardiaceae,Sapindales,Magnoliopsida,Tracheophyta,Plantae,ACCEPTED,EXACT,99,True,,2026-08-20
Rhus javanica,Brucea javanica,5555210,Brucea,Simaroubaceae,Sapindales,Magnoliopsida,Tracheophyta,Plantae,SYNONYM,EXACT,98,True,,2026-08-20
Rhus semialata,Rhus chinensis,3190553,Rhus,Anacardiaceae,Sapindales,Magnoliopsida,Tracheophyta,Plantae,SYNONYM,EXACT,97,True,,2026-08-20
Rhus succedanea,Toxicodendron succedaneum,3190624,Toxicodendron,Anacardiaceae,Sapindales,Magnoliopsida,Tracheophyta,Plantae,SYNONYM,EXACT,98,True,,2026-08-20
Rhus typhina,Rhus typhina,3190538,Rhus,Anacardiaceae,Sapindales,Magnoliopsida,Tracheophyta,Plantae,ACCEPTED,EXACT,99,True,,2026-08-20
Rhus verniciflua,Toxicodendron vernicifluum,3190612,Toxicodendron,Anacardiaceae,Sapindales,Magnoliopsida,Tracheophyta,Plantae,SYNONYM,EXACT,98,True,,2026-08-20
Rhynchosia nulubilis,,,,,,,,,,NONE,0,False,no_match:NONE,2026-08-20
Ribes grossularia,,,Ribes,Grossulariaceae,Saxifragales,,,Plantae,,HIGHERRANK,0,False,no_match:HIGHERRANK|genus_fallback,2026-08-20
Ribes nigrum,Ribes nigrum,2986192,Ribes,Grossulariaceae,Saxifragales,Magnoliopsida,Tracheophyta,Plantae,ACCEPTED,EXACT,97,True,,2026-08-20
Ribes rubrum,Ribes rubrum,2986097,Ribes,Grossulariaceae,Saxifragales,Magnoliopsida,Tracheophyta,Plantae,ACCEPTED,EXACT,97,True,,2026-08-20
Ribes uva-crispa,Ribes uva-crispa,2986185,Ribes,Grossulariaceae,Saxifragales,Magnoliopsida,Tracheophyta,Plantae,ACCEPTED,EXACT,98,True,,2026-08-20
Ricinus communis,Ricinus communis,5380041,Ricinus,Euphorbiaceae,Malpighiales,Magnoliopsida,Tracheophyta,Plantae,ACCEPTED,EXACT,99,True,,2026-08-20
Rissoella verruculosa,Rissoella verruculosa,5279290,Rissoella,Rissoellaceae,Gigartinales,Florideophyceae,Rhodophyta,Plantae,ACCEPTED,EXACT,99,True,,2026-08-20
Robinia pseudoacacia,Robinia pseudoacacia,5352251,Robinia,Fabaceae,Fabales,Magnoliopsida,Tracheophyta,Plantae,ACCEPTED,EXACT,99,True,,2026-08-20
Rodgersia podophylla,Rodgersia podophylla,3754587,Rodgersia,Saxifragaceae,Saxifragales,Magnoliopsida,Tracheophyta,Plantae,ACCEPTED,EXACT,99,True,,2026-08-20
Romneya coulteri,Romneya coulteri,2888393,Romneya,Papaveraceae,Ranunculales,Magnoliopsida,Tracheophyta,Plantae,ACCEPTED,EXACT,97,True,,2026-08-20
Rosa alba,Rosa alba,3007383,Rosa,Rosaceae,Rosales,Magnoliopsida,Tracheophyta,Plantae,ACCEPTED,EXACT,97,True,,2026-08-20
Rosa borboniana,,,Rosa,Rosaceae,Rosales,,,Plantae,,HIGHERRANK,0,False,no_match:HIGHERRANK|genus_fallback,2026-08-20
Rosa canina,Rosa canina,3002461,Rosa,Rosaceae,Rosales,Magnoliopsida,Tracheophyta,Plantae,ACCEPTED,EXACT,97,True,,2026-08-20
Rosa centifolia,Rosa centifolia,3002410,Rosa,Rosaceae,Rosales,Magnoliopsida,Tracheophyta,Plantae,ACCEPTED,EXACT,97,True,,2026-08-20
Rosa chinensis,Rosa chinensis,3005039,Rosa,Rosaceae,Rosales,Magnoliopsida,Tracheophyta,Plantae,ACCEPTED,EXACT,98,True,,2026-08-20
Rosa damascena,Rosa damascena,7390572,Rosa,Rosaceae,Rosales,Magnoliopsida,Tracheophyta,Plantae,ACCEPTED,EXACT,97,True,,2026-08-20
Rosa davurica,Rosa davurica,3007090,Rosa,Rosaceae,Rosales,Magnoliopsida,Tracheophyta,Plantae,ACCEPTED,EXACT,97,True,,2026-08-20
Rosa eglantaria,,,Rosa,Rosaceae,Rosales,,,Plantae,,HIGHERRANK,0,False,no_match:HIGHERRANK|genus_fallback,2026-08-20
Rosa floribunda,,,Rosa,Rosaceae,Rosales,,,Plantae,,HIGHERRANK,0,False,no_match:HIGHERRANK|genus_fallback,2026-08-20
Rosa gallica,Rosa gallica,3002530,Rosa,Rosaceae,Rosales,Magnoliopsida,Tracheophyta,Plantae,ACCEPTED,EXACT,98,True,,2026-08-20
Rosa hirtula,Rosa hirtula,3008632,Rosa,Rosaceae,Rosales,Magnoliopsida,Tracheophyta,Plantae,ACCEPTED,EXACT,99,True,,2026-08-20
Rosa hybrid,,,Rosa,Rosaceae,Rosales,,,Plantae,,HIGHERRANK,0,False,no_match:HIGHERRANK|genus_fallback,2026-08-20
Rosa hybrida,,,Rosa,Rosaceae,Rosales,,,Plantae,,HIGHERRANK,0,False,no_match:HIGHERRANK|genus_fallback,2026-08-20
Rosa indica,Rosa indica,8342804,Rosa,Rosaceae,Rosales,Magnoliopsida,Tracheophyta,Plantae,ACCEPTED,EXACT,97,True,,2026-08-20
Rosa kamchatica,Rosa rugosa,3003979,Rosa,Rosaceae,Rosales,Magnoliopsida,Tracheophyta,Plantae,SYNONYM,FUZZY,94,True,,2026-08-20
Rosa laevigata,Rosa laevigata,3002751,Rosa,Rosaceae,Rosales,Magnoliopsida,Tracheophyta,Plantae,ACCEPTED,EXACT,97,True,,2026-08-20
Rosa luciae,Rosa luciae,7354625,Rosa,Rosaceae,Rosales,Magnoliopsida,Tracheophyta,Plantae,ACCEPTED,EXACT,97,True,,2026-08-20
Rosa meifaissel,,,Rosa,Rosaceae,Rosales,,,Plantae,,HIGHERRANK,0,False,no_match:HIGHERRANK|genus_fallback,2026-08-20
Rosa moschata,Rosa moschata,3005529,Rosa,Rosaceae,Rosales,Magnoliopsida,Tracheophyta,Plantae,ACCEPTED,EXACT,97,True,,2026-08-20
Rosa multiflora,Rosa multiflora,3003244,Rosa,Rosaceae,Rosales,Magnoliopsida,Tracheophyta,Plantae,ACCEPTED,EXACT,97,True,,2026-08-20
Rosa odorata,Rosa odorata,3009087,Rosa,Rosaceae,Rosales,Magnoliopsida,Tracheophyta,Plantae,ACCEPTED,EXACT,99,True,,2026-08-20
Rosa pendulina,Rosa pendulina,3006974,Rosa,Rosaceae,Rosales,Magnoliopsida,Tracheophyta,Plantae,ACCEPTED,EXACT,98,True,,2026-08-20
Rosa roxburghii,Rosa roxburghii,3008635,Rosa,Rosaceae,Rosales,Magnoliopsida,Tracheophyta,Plantae,ACCEPTED,EXACT,97,True,,2026-08-20
Rosa rubiginosa,Rosa rubiginosa,8174785,Rosa,Rosaceae,Rosales,Magnoliopsida,Tracheophyta,Plantae,ACCEPTED,EXACT,97,True,,2026-08-14
Rosa rugosa,Rosa rugosa,3003979,Rosa,Rosaceae,Rosales,Magnoliopsida,Tracheophyta,Plantae,ACCEPTED,EXACT,97,True,,2026-08-14
Rosa spinosissima,Rosa spinosissima,3002333,Rosa,Rosaceae,Rosales,Magnoliopsida,Tracheophyta,Plantae,ACCEPTED,EXACT,97,True,,2026-08-20
Rosa spp,,,Rosa,Rosaceae,Rosales,,,Plantae,,HIGHERRANK,0,False,no_match:HIGHERRANK|genus_fallback,2026-08-20
Rosa wichuraiana,Rosa lucieae,8667586,Rosa,Rosaceae,Rosales,Magnoliopsida,Tracheophyta,Plantae,SYNONYM,EXACT,97,True,,2026-08-20
Rosmarinus officinalis,Salvia rosmarinus,10902460,Salvia,Lamiaceae,Lamiales,Magnoliopsida,Tracheophyta,Plantae,SYNONYM,EXACT,98,True,,2026-08-20
Rubia cordifolia,Rubia cordifolia,2892192,Rubia,Rubiaceae,Gentianales,Magnoliopsida,Tracheophyta,Plantae,ACCEPTED,EXACT,97,True,,2026-08-20
Rubia tinctorum,Rubia tinctorum,2892272,Rubia,Rubiaceae,Gentianales,Magnoliopsida,Tracheophyta,Plantae,ACCEPTED,EXACT,98,True,,2026-08-20
Rubia yunnanensis,Rubia yunnanensis,2892261,Rubia,Rubiaceae,Gentianales,Magnoliopsida,Tracheophyta,Plantae,ACCEPTED,EXACT,99,True,,2026-08-20
Rubus arcticus,Rubus arcticus,2992051,Rubus,Rosaceae,Rosales,Magnoliopsida,Tracheophyta,Plantae,ACCEPTED,EXACT,98,True,,2026-08-20
Rubus caesius,Rubus caesius,2995209,Rubus,Rosaceae,Rosales,Magnoliopsida,Tracheophyta,Plantae,ACCEPTED,EXACT,97,True,,2026-08-20
Rubus chamaemorus,Rubus chamaemorus,2998290,Rubus,Rosaceae,Rosales,Magnoliopsida,Tracheophyta,Plantae,ACCEPTED,EXACT,97,True,,2026-08-20
Rubus chingii,Rubus chingii,2999165,Rubus,Rosaceae,Rosales,Magnoliopsida,Tracheophyta,Plantae,ACCEPTED,EXACT,99,True,,2026-08-20
Rubus coreanus,Rubus coreanus,2991493,Rubus,Rosaceae,Rosales,Magnoliopsida,Tracheophyta,Plantae,ACCEPTED,EXACT,99,True,,2026-08-20
Rubus crataegifolius,Rubus crataegifolius,2999200,Rubus,Rosaceae,Rosales,Magnoliopsida,Tracheophyta,Plantae,ACCEPTED,EXACT,99,True,,2026-08-20
Rubus deliciosus,Rubus deliciosus,2999961,Rubus,Rosaceae,Rosales,Magnoliopsida,Tracheophyta,Plantae,ACCEPTED,EXACT,99,True,,2026-08-20
Rubus ellipiticus,Rubus ellipticus,2991314,Rubus,Rosaceae,Rosales,Magnoliopsida,Tracheophyta,Plantae,ACCEPTED,FUZZY,94,True,,2026-08-20
Rubus ellipticus,Rubus ellipticus,2991314,Rubus,Rosaceae,Rosales,Magnoliopsida,Tracheophyta,Plantae,ACCEPTED,EXACT,98,True,,2026-08-20
Rubus fruticosus,Rubus fruticosus,8436459,Rubus,Rosaceae,Rosales,Magnoliopsida,Tracheophyta,Plantae,ACCEPTED,EXACT,97,True,,2026-08-20
Rubus glaucus,Rubus glaucus,2989746,Rubus,Rosaceae,Rosales,Magnoliopsida,Tracheophyta,Plantae,ACCEPTED,EXACT,98,True,,2026-08-20
Rubus hirsutus,Rubus hirsutus,2989128,Rubus,Rosaceae,Rosales,Magnoliopsida,Tracheophyta,Plantae,ACCEPTED,EXACT,97,True,,2026-08-20
Rubus idaeus,Rubus idaeus,2993094,Rubus,Rosaceae,Rosales,Magnoliopsida,Tracheophyta,Plantae,ACCEPTED,EXACT,97,True,,2026-08-20
Rubus laciniatus,Rubus laciniatus,2992543,Rubus,Rosaceae,Rosales,Magnoliopsida,Tracheophyta,Plantae,ACCEPTED,EXACT,97,True,,2026-08-20
Rubus moluccanus,Rubus moluccanus,2993394,Rubus,Rosaceae,Rosales,Magnoliopsida,Tracheophyta,Plantae,ACCEPTED,EXACT,97,True,,2026-08-20
Rubus occidentalis,Rubus occidentalis,2991466,Rubus,Rosaceae,Rosales,Magnoliopsida,Tracheophyta,Plantae,ACCEPTED,EXACT,97,True,,2026-08-20
Rubus parvifolius,Rubus parvifolius,2991373,Rubus,Rosaceae,Rosales,Magnoliopsida,Tracheophyta,Plantae,ACCEPTED,EXACT,97,True,,2026-08-20
Rubus ribisoideus,Rubus ribisoideus,2994978,Rubus,Rosaceae,Rosales,Magnoliopsida,Tracheophyta,Plantae,ACCEPTED,EXACT,99,True,,2026-08-20
Rubus strigosus,Rubus idaeus,2993119,Rubus,Rosaceae,Rosales,Magnoliopsida,Tracheophyta,Plantae,SYNONYM,EXACT,98,True,,2026-08-20
Rubus suavissimus,Rubus chingii,2999166,Rubus,Rosaceae,Rosales,Magnoliopsida,Tracheophyta,Plantae,SYNONYM,EXACT,98,True,,2026-08-20
Rubus ursinus,Rubus ursinus,2990646,Rubus,Rosaceae,Rosales,Magnoliopsida,Tracheophyta,Plantae,ACCEPTED,EXACT,97,True,,2026-08-20
Rubus villosus,,,Rubus,Rosaceae,Rosales,,,Plantae,,HIGHERRANK,0,False,no_match:HIGHERRANK|genus_fallback,2026-08-20
Rudbeckia hirta,Rudbeckia hirta,3114225,Rudbeckia,Asteraceae,Asterales,Magnoliopsida,Tracheophyta,Plantae,ACCEPTED,EXACT,99,True,,2026-08-20
Rumex acetosa,Rumex acetosa,2888951,Rumex,Polygonaceae,Caryophyllales,Magnoliopsida,Tracheophyta,Plantae,ACCEPTED,EXACT,99,True,,2026-08-20
Rumex acetosella,Rumex acetosella,2888995,Rumex,Polygonaceae,Caryophyllales,Magnoliopsida,Tracheophyta,Plantae,ACCEPTED,EXACT,97,True,,2026-08-20
Rumex crispus,Rumex crispus,8195144,Rumex,Polygonaceae,Caryophyllales,Magnoliopsida,Tracheophyta,Plantae,ACCEPTED,EXACT,97,True,,2026-08-20
Rumex occidentalis,Rumex occidentalis,6391790,Rumex,Polygonaceae,Caryophyllales,Magnoliopsida,Tracheophyta,Plantae,ACCEPTED,EXACT,99,True,,2026-08-20
Rumex pseudonatronatus,Rumex pseudonatronatus,7911993,Rumex,Polygonaceae,Caryophyllales,Magnoliopsida,Tracheophyta,Plantae,ACCEPTED,EXACT,98,True,,2026-08-20
Rumex stenophyllus,Rumex stenophyllus,2889023,Rumex,Polygonaceae,Caryophyllales,Magnoliopsida,Tracheophyta,Plantae,ACCEPTED,EXACT,97,True,,2026-08-20
Rumex wallichii,Rumex microcarpus,4038319,Rumex,Polygonaceae,Caryophyllales,Magnoliopsida,Tracheophyta,Plantae,SYNONYM,EXACT,98,True,,2026-08-20
Ruscus aculeatus,Ruscus aculeatus,2769766,Ruscus,Asparagaceae,Asparagales,Liliopsida,Tracheophyta,Plantae,ACCEPTED,EXACT,99,True,,2026-08-20
Russelia equisetiformis,Russelia equisetiformis,5414601,Russelia,Plantaginaceae,Lamiales,Magnoliopsida,Tracheophyta,Plantae,ACCEPTED,EXACT,99,True,,2026-08-20
Ruta graveolens,Ruta graveolens,3190382,Ruta,Rutaceae,Sapindales,Magnoliopsida,Tracheophyta,Plantae,ACCEPTED,EXACT,99,True,,2026-08-20
Ruttnera lamellosa,Ruttnera lamellosa,7521705,Ruttnera,Isochrysidaceae,Isochrysidales,Prymnesiophyceae,Haptophyta,Chromista,ACCEPTED,EXACT,99,True,,2026-08-20
Sabatia angularis,Sabatia angularis,5414514,Sabatia,Gentianaceae,Gentianales,Magnoliopsida,Tracheophyta,Plantae,ACCEPTED,EXACT,99,True,,2026-08-20
Saccharina latissima,Saccharina latissima,4377207,Saccharina,Laminariaceae,Laminariales,Phaeophyceae,Ochrophyta,Chromista,ACCEPTED,EXACT,99,True,,2026-08-20
Saccharina longicruris,Saccharina longicruris,4377206,Saccharina,Laminariaceae,Laminariales,Phaeophyceae,Ochrophyta,Chromista,ACCEPTED,EXACT,99,True,,2026-08-20
Saccharum officinarum,Saccharum officinarum,2703912,Saccharum,Poaceae,Poales,Liliopsida,Tracheophyta,Plantae,ACCEPTED,EXACT,99,True,,2026-08-20
Sageretia thea,Sageretia thea,3039516,Sageretia,Rhamnaceae,Rosales,Magnoliopsida,Tracheophyta,Plantae,ACCEPTED,EXACT,99,True,,2026-08-20
Sageretia theezans,Sageretia thea,3039516,Sageretia,Rhamnaceae,Rosales,Magnoliopsida,Tracheophyta,Plantae,SYNONYM,EXACT,98,True,,2026-08-20
Salacia chinensis,Salacia chinensis,5414293,Salacia,Celastraceae,Celastrales,Magnoliopsida,Tracheophyta,Plantae,ACCEPTED,EXACT,99,True,,2026-08-20
Salacia madagascariensis,Salacia madagascariensis,5580325,Salacia,Celastraceae,Celastrales,Magnoliopsida,Tracheophyta,Plantae,ACCEPTED,EXACT,99,True,,2026-08-20
Salacia oblonga,Salacia oblonga,8192619,Salacia,Celastraceae,Celastrales,Magnoliopsida,Tracheophyta,Plantae,ACCEPTED,EXACT,97,True,,2026-08-20
Salacia reticulata,Salacia reticulata,5579938,Salacia,Celastraceae,Celastrales,Magnoliopsida,Tracheophyta,Plantae,ACCEPTED,EXACT,99,True,,2026-08-20
Salicornia bigelovii,Salicornia bigelovii,5383959,Salicornia,Amaranthaceae,Caryophyllales,Magnoliopsida,Tracheophyta,Plantae,ACCEPTED,EXACT,99,True,,2026-08-20
Salicornia herbacea,,,,,,,,,,HIGHERRANK,0,False,no_match:HIGHERRANK,2026-08-20
Salix alba,Salix alba,5372513,Salix,Salicaceae,Malpighiales,Magnoliopsida,Tracheophyta,Plantae,ACCEPTED,EXACT,99,True,,2026-08-20
Salix blinii,Salix blinii,5583857,Salix,Salicaceae,Malpighiales,Magnoliopsida,Tracheophyta,Plantae,ACCEPTED,EXACT,98,True,,2026-08-20
Salix daphnoides,Salix daphnoides,9153437,Salix,Salicaceae,Malpighiales,Magnoliopsida,Tracheophyta,Plantae,ACCEPTED,EXACT,97,True,,2026-08-20
Salix fragilis,Salix fragilis,5372829,Salix,Salicaceae,Malpighiales,Magnoliopsida,Tracheophyta,Plantae,ACCEPTED,EXACT,97,True,,2026-08-20
Salix gracilistyla,Salix gracilistyla,7104103,Salix,Salicaceae,Malpighiales,Magnoliopsida,Tracheophyta,Plantae,ACCEPTED,EXACT,99,True,,2026-08-20
Salix petsusu,Salix schwerinii,7266500,Salix,Salicaceae,Malpighiales,Magnoliopsida,Tracheophyta,Plantae,SYNONYM,EXACT,98,True,,2026-08-20
Salix polaris,Salix polaris,5372778,Salix,Salicaceae,Malpighiales,Magnoliopsida,Tracheophyta,Plantae,ACCEPTED,EXACT,99,True,,2026-08-20
Salix purpurea,Salix purpurea,5372800,Salix,Salicaceae,Malpighiales,Magnoliopsida,Tracheophyta,Plantae,ACCEPTED,EXACT,99,True,,2026-08-20
Salix tetrasperma,Salix tetrasperma,5582578,Salix,Salicaceae,Malpighiales,Magnoliopsida,Tracheophyta,Plantae,ACCEPTED,EXACT,99,True,,2026-08-20
Salsola komarovii,Salsola komarovii,3757853,Salsola,Amaranthaceae,Caryophyllales,Magnoliopsida,Tracheophyta,Plantae,ACCEPTED,EXACT,99,True,,2026-08-20
Salvadora persica,Salvadora persica,5580727,Salvadora,Salvadoraceae,Brassicales,Magnoliopsida,Tracheophyta,Plantae,ACCEPTED,EXACT,98,True,,2026-08-20
Salvia dorisiana,Salvia dorisiana,3903741,Salvia,Lamiaceae,Lamiales,Magnoliopsida,Tracheophyta,Plantae,ACCEPTED,EXACT,99,True,,2026-08-20
Salvia elegans,Salvia elegans,6412418,Salvia,Lamiaceae,Lamiales,Magnoliopsida,Tracheophyta,Plantae,ACCEPTED,EXACT,99,True,,2026-08-20
Salvia hispanica,Salvia hispanica,2926992,Salvia,Lamiaceae,Lamiales,Magnoliopsida,Tracheophyta,Plantae,ACCEPTED,EXACT,97,True,,2026-08-20
Salvia lavandulifolia,Salvia lavandulifolia,7948017,Salvia,Lamiaceae,Lamiales,Magnoliopsida,Tracheophyta,Plantae,ACCEPTED,EXACT,97,True,,2026-08-20
Salvia miltiorrhiza,Salvia miltiorrhiza,7308369,Salvia,Lamiaceae,Lamiales,Magnoliopsida,Tracheophyta,Plantae,ACCEPTED,EXACT,99,True,,2026-08-20
Salvia nemorosa,Salvia nemorosa,2927028,Salvia,Lamiaceae,Lamiales,Magnoliopsida,Tracheophyta,Plantae,ACCEPTED,EXACT,97,True,,2026-08-20
Salvia officinalis,Salvia officinalis,2927004,Salvia,Lamiaceae,Lamiales,Magnoliopsida,Tracheophyta,Plantae,ACCEPTED,EXACT,98,True,,2026-08-20
Salvia plebeia,Salvia plebeia,3891879,Salvia,Lamiaceae,Lamiales,Magnoliopsida,Tracheophyta,Plantae,ACCEPTED,EXACT,99,True,,2026-08-20
Salvia sclarea,Salvia sclarea,2927000,Salvia,Lamiaceae,Lamiales,Magnoliopsida,Tracheophyta,Plantae,ACCEPTED,EXACT,99,True,,2026-08-20
Salvia triloba,Salvia fruticosa,6412283,Salvia,Lamiaceae,Lamiales,Magnoliopsida,Tracheophyta,Plantae,SYNONYM,EXACT,98,True,,2026-08-20
Sambucus canadensis,Sambucus canadensis,6369819,Sambucus,Viburnaceae,Dipsacales,Magnoliopsida,Tracheophyta,Plantae,ACCEPTED,EXACT,97,True,,2026-08-20
Sambucus ebulus,Sambucus ebulus,2888722,Sambucus,Viburnaceae,Dipsacales,Magnoliopsida,Tracheophyta,Plantae,ACCEPTED,EXACT,99,True,,2026-08-20
Sambucus latipinna,Sambucus williamsii,7272554,Sambucus,Viburnaceae,Dipsacales,Magnoliopsida,Tracheophyta,Plantae,SYNONYM,EXACT,98,True,,2026-08-20
Sambucus nigra,Sambucus nigra,2888728,Sambucus,Viburnaceae,Dipsacales,Magnoliopsida,Tracheophyta,Plantae,ACCEPTED,EXACT,97,True,,2026-08-20
Sambucus sieboldiana,Sambucus sieboldiana,6369731,Sambucus,Viburnaceae,Dipsacales,Magnoliopsida,Tracheophyta,Plantae,ACCEPTED,EXACT,97,True,,2026-08-20
Sambucus williamsii,Sambucus williamsii,7272554,Sambucus,Viburnaceae,Dipsacales,Magnoliopsida,Tracheophyta,Plantae,ACCEPTED,EXACT,99,True,,2026-08-20
Sanguinaria canadensis,Sanguinaria canadensis,5334192,Sanguinaria,Papaveraceae,Ranunculales,Magnoliopsida,Tracheophyta,Plantae,ACCEPTED,EXACT,99,True,,2026-08-20
Sanguisorba minor,Poterium sanguisorba,7220805,Poterium,Rosaceae,Rosales,Magnoliopsida,Tracheophyta,Plantae,SYNONYM,EXACT,97,True,,2026-08-20
Sanguisorba officinalis,Sanguisorba officinalis,3029627,Sanguisorba,Rosaceae,Rosales,Magnoliopsida,Tracheophyta,Plantae,ACCEPTED,EXACT,99,True,,2026-08-20
Sanicula europaea,Sanicula europaea,6027128,Sanicula,Apiaceae,Apiales,Magnoliopsida,Tracheophyta,Plantae,ACCEPTED,EXACT,97,True,,2026-08-20
Sansevieria trifasciata,Dracaena trifasciata,11041822,Dracaena,Asparagaceae,Asparagales,Liliopsida,Tracheophyta,Plantae,SYNONYM,EXACT,98,True,,2026-08-20
Santalum acuminatum,Santalum acuminatum,3789456,Santalum,Santalaceae,Santalales,Magnoliopsida,Tracheophyta,Plantae,ACCEPTED,EXACT,99,True,,2026-08-20
Santalum album,Santalum album,2889785,Santalum,Santalaceae,Santalales,Magnoliopsida,Tracheophyta,Plantae,ACCEPTED,EXACT,99,True,,2026-08-20
Santalum austrocaledonicum,Santalum austrocaledonicum,7265271,Santalum,Santalaceae,Santalales,Magnoliopsida,Tracheophyta,Plantae,ACCEPTED,EXACT,99,True,,2026-08-20
Santalum paniculatum,Santalum paniculatum,2889779,Santalum,Santalaceae,Santalales,Magnoliopsida,Tracheophyta,Plantae,ACCEPTED,EXACT,99,True,,2026-08-20
Santalum spicata,Santalum spicatum,3788877,Santalum,Santalaceae,Santalales,Magnoliopsida,Tracheophyta,Plantae,ACCEPTED,FUZZY,96,True,,2026-08-20
Santalum spicatum,Santalum spicatum,3788877,Santalum,Santalaceae,Santalales,Magnoliopsida,Tracheophyta,Plantae,ACCEPTED,EXACT,99,True,,2026-08-20
Santolina chamaecyparissus,Santolina chamaecyparissus,3125933,Santolina,Asteraceae,Asterales,Magnoliopsida,Tracheophyta,Plantae,ACCEPTED,EXACT,99,True,,2026-08-20
Sapindus emarginatus,Sapindus emarginatus,8086757,Sapindus,Sapindaceae,Sapindales,Magnoliopsida,Tracheophyta,Plantae,ACCEPTED,EXACT,97,True,,2026-08-20
Sapindus mukorossi,Sapindus mukorossi,5421133,Sapindus,Sapindaceae,Sapindales,Magnoliopsida,Tracheophyta,Plantae,ACCEPTED,EXACT,99,True,,2026-08-20
Sapindus oahuensis,Sapindus oahuensis,8341991,Sapindus,Sapindaceae,Sapindales,Magnoliopsida,Tracheophyta,Plantae,ACCEPTED,EXACT,97,True,,2026-08-20
Sapindus rarak,Sapindus rarak,7264721,Sapindus,Sapindaceae,Sapindales,Magnoliopsida,Tracheophyta,Plantae,ACCEPTED,EXACT,99,True,,2026-08-20
Sapindus trifoliatus,Sapindus trifoliatus,5421131,Sapindus,Sapindaceae,Sapindales,Magnoliopsida,Tracheophyta,Plantae,ACCEPTED,EXACT,98,True,,2026-08-20
Saponaria officinalis,Saponaria officinalis,3085360,Saponaria,Caryophyllaceae,Caryophyllales,Magnoliopsida,Tracheophyta,Plantae,ACCEPTED,EXACT,99,True,,2026-08-20
Saponaria pumila,Saponaria pumila,3812192,Saponaria,Caryophyllaceae,Caryophyllales,Magnoliopsida,Tracheophyta,Plantae,ACCEPTED,EXACT,98,True,,2026-08-20
Saposhnikovia divaricata,Saposhnikovia divaricata,3638241,Saposhnikovia,Apiaceae,Apiales,Magnoliopsida,Tracheophyta,Plantae,ACCEPTED,EXACT,99,True,,2026-08-20
Sarcocapnos crassifolia,Sarcocapnos crassifolia,7314899,Sarcocapnos,Papaveraceae,Ranunculales,Magnoliopsida,Tracheophyta,Plantae,ACCEPTED,EXACT,99,True,,2026-08-20
Sargassum filipendula,Sargassum filipendula,3197095,Sargassum,Sargassaceae,Fucales,Phaeophyceae,Ochrophyta,Chromista,ACCEPTED,EXACT,99,True,,2026-08-20
Sargassum fusiforme,Sargassum fusiforme,3196917,Sargassum,Sargassaceae,Fucales,Phaeophyceae,Ochrophyta,Chromista,ACCEPTED,EXACT,99,True,,2026-08-20
Sargassum glaucescens,Sargassum glaucescens,3196759,Sargassum,Sargassaceae,Fucales,Phaeophyceae,Ochrophyta,Chromista,ACCEPTED,EXACT,99,True,,2026-08-20
Sargassum muticum,Sargassum muticum,3197314,Sargassum,Sargassaceae,Fucales,Phaeophyceae,Ochrophyta,Chromista,ACCEPTED,EXACT,97,True,,2026-08-20
Sargassum pallidum,Sargassum polyporum,5824829,Sargassum,Sargassaceae,Fucales,Phaeophyceae,Ochrophyta,Chromista,ACCEPTED,FUZZY,93,True,,2026-08-20
Sargassum serratifolium,Sargassum serratifolium,3196711,Sargassum,Sargassaceae,Fucales,Phaeophyceae,Ochrophyta,Chromista,ACCEPTED,EXACT,99,True,,2026-08-20
Sargassum thunbergii,Sargassum thunbergii,3196939,Sargassum,Sargassaceae,Fucales,Phaeophyceae,Ochrophyta,Chromista,ACCEPTED,EXACT,99,True,,2026-08-20
Sargassum vulgare,Sargassum vulgare,3197125,Sargassum,Sargassaceae,Fucales,Phaeophyceae,Ochrophyta,Chromista,ACCEPTED,EXACT,99,True,,2026-08-20
Sargassum yezoense,,,Sargassum,Sargassaceae,Fucales,,,Chromista,,HIGHERRANK,0,False,no_match:HIGHERRANK|genus_fallback,2026-08-20
Sarothamnus scoparius,Cytisus scoparius,5354656,Cytisus,Fabaceae,Fabales,Magnoliopsida,Tracheophyta,Plantae,SYNONYM,EXACT,97,True,,2026-08-20
Sarracenia leucophylla,Sarracenia leucophylla,5421380,Sarracenia,Sarraceniaceae,Ericales,Magnoliopsida,Tracheophyta,Plantae,ACCEPTED,EXACT,99,True,,2026-08-20
Sarracenia purpurea,Sarracenia purpurea,5421389,Sarracenia,Sarraceniaceae,Ericales,Magnoliopsida,Tracheophyta,Plantae,ACCEPTED,EXACT,99,True,,2026-08-20
Sasa kurilensis,Sasa kurilensis,4130562,Sasa,Poaceae,Poales,Liliopsida,Tracheophyta,Plantae,ACCEPTED,EXACT,99,True,,2026-08-20
Sasa palmata,Sasa palmata,8362005,Sasa,Poaceae,Poales,Liliopsida,Tracheophyta,Plantae,ACCEPTED,EXACT,97,True,,2026-08-20
Sasa quelpaertensis,Sasa palmata,8362005,Sasa,Poaceae,Poales,Liliopsida,Tracheophyta,Plantae,SYNONYM,EXACT,98,True,,2026-08-20
Sasa senanensis,Sasa senanensis,4129057,Sasa,Poaceae,Poales,Liliopsida,Tracheophyta,Plantae,ACCEPTED,EXACT,99,True,,2026-08-20
Sasa veitchii,Sasa veitchii,4128359,Sasa,Poaceae,Poales,Liliopsida,Tracheophyta,Plantae,ACCEPTED,EXACT,99,True,,2026-08-20
Sassafras officinale,,,Sassafras,Lauraceae,Laurales,,,Plantae,,HIGHERRANK,0,False,no_match:HIGHERRANK|genus_fallback,2026-08-20
Satureja hortensis,Satureja hortensis,2926885,Satureja,Lamiaceae,Lamiales,Magnoliopsida,Tracheophyta,Plantae,ACCEPTED,EXACT,99,True,,2026-08-20
Satureja montana,Satureja montana,2926884,Satureja,Lamiaceae,Lamiales,Magnoliopsida,Tracheophyta,Plantae,ACCEPTED,EXACT,99,True,,2026-08-20
Saururus chinensis,Saururus chinensis,7979280,Saururus,Saururaceae,Piperales,Magnoliopsida,Tracheophyta,Plantae,ACCEPTED,EXACT,97,True,,2026-08-20
Saussurea involucrata,Saussurea involucrata,5404194,Saussurea,Asteraceae,Asterales,Magnoliopsida,Tracheophyta,Plantae,ACCEPTED,EXACT,97,True,,2026-08-20
Saussurea lappa,Dolomiaea costus,10864861,Dolomiaea,Asteraceae,Asterales,Magnoliopsida,Tracheophyta,Plantae,SYNONYM,EXACT,97,True,,2026-08-20
Saxifraga cespitosa,Saxifraga cespitosa,3032796,Saxifraga,Saxifragaceae,Saxifragales,Magnoliopsida,Tracheophyta,Plantae,ACCEPTED,EXACT,98,True,,2026-08-20
Saxifraga oppositifolia,Saxifraga oppositifolia,8353146,Saxifraga,Saxifragaceae,Saxifragales,Magnoliopsida,Tracheophyta,Plantae,ACCEPTED,EXACT,99,True,,2026-08-20
Saxifraga rotundifolia,Saxifraga rotundifolia,7339396,Saxifraga,Saxifragaceae,Saxifragales,Magnoliopsida,Tracheophyta,Plantae,ACCEPTED,EXACT,97,True,,2026-08-20
Saxifraga sarmentosa,Saxifraga stolonifera,3032762,Saxifraga,Saxifragaceae,Saxifragales,Magnoliopsida,Tracheophyta,Plantae,SYNONYM,EXACT,97,True,,2026-08-20
Saxifraga stolonifera,Saxifraga stolonifera,3032762,Saxifraga,Saxifragaceae,Saxifragales,Magnoliopsida,Tracheophyta,Plantae,ACCEPTED,EXACT,97,True,,2026-08-20
Scabiosa arvensis,,,Scabiosa,Caprifoliaceae,Dipsacales,,,Plantae,,HIGHERRANK,0,False,no_match:HIGHERRANK|genus_fallback,2026-08-20
Scaevola taccada,Scaevola taccada,6358362,Scaevola,Goodeniaceae,Asterales,Magnoliopsida,Tracheophyta,Plantae,ACCEPTED,EXACT,99,True,,2026-08-20
Scenedesmus deserticola,,,Scenedesmus,Scenedesmaceae,Sphaeropleales,,,Plantae,,HIGHERRANK,0,False,no_match:HIGHERRANK|genus_fallback,2026-08-20
Scenedesmus rubescens,,,Scenedesmus,Scenedesmaceae,Sphaeropleales,,,Plantae,,HIGHERRANK,0,False,no_match:HIGHERRANK|genus_fallback,2026-08-20
Schima wallichii,Schima wallichii,7493943,Schima,Theaceae,Ericales,Magnoliopsida,Tracheophyta,Plantae,ACCEPTED,EXACT,97,True,,2026-08-20
Schinopsis quebracho-colorado,Schinopsis quebrachocolorado,3661932,Schinopsis,Anacardiaceae,Sapindales,Magnoliopsida,Tracheophyta,Plantae,ACCEPTED,FUZZY,96,True,,2026-08-20
Schinus molle,Schinus molle,3190642,Schinus,Anacardiaceae,Sapindales,Magnoliopsida,Tracheophyta,Plantae,ACCEPTED,EXACT,97,True,,2026-08-20
Schinus terebinthifolia,Schinus terebinthifolia,3660419,Schinus,Anacardiaceae,Sapindales,Magnoliopsida,Tracheophyta,Plantae,ACCEPTED,EXACT,99,True,,2026-08-20
Schinus terebinthifolius,Schinus terebinthifolia,3660419,Schinus,Anacardiaceae,Sapindales,Magnoliopsida,Tracheophyta,Plantae,ACCEPTED,FUZZY,96,True,,2026-08-20
Schinziophyton rautanenii,Schinziophyton rautanenii,3071110,Schinziophyton,Euphorbiaceae,Malpighiales,Magnoliopsida,Tracheophyta,Plantae,ACCEPTED,EXACT,99,True,,2026-08-20
Schisandra chinensis,Schisandra chinensis,7696841,Schisandra,Schisandraceae,Austrobaileyales,Magnoliopsida,Tracheophyta,Plantae,ACCEPTED,EXACT,97,True,,2026-08-20
Schizandra nigra,Schisandra repanda,3745226,Schisandra,Schisandraceae,Austrobaileyales,Magnoliopsida,Tracheophyta,Plantae,SYNONYM,FUZZY,84,True,,2026-08-20
Schizandra sphenanthera,Schisandra sphenanthera,3745294,Schisandra,Schisandraceae,Austrobaileyales,Magnoliopsida,Tracheophyta,Plantae,ACCEPTED,FUZZY,85,True,,2026-08-20
Schizonepeta tenuifolia,Nepeta tenuifolia,5609573,Nepeta,Lamiaceae,Lamiales,Magnoliopsida,Tracheophyta,Plantae,SYNONYM,EXACT,98,True,,2026-08-20
Schizophyllum commune,Schizophyllum commune,5241128,Schizophyllum,Schizophyllaceae,Agaricales,Agaricomycetes,Basidiomycota,Fungi,ACCEPTED,EXACT,99,True,,2026-08-20
Schizophylum commune,Schizophyllum commune,5241128,Schizophyllum,Schizophyllaceae,Agaricales,Agaricomycetes,Basidiomycota,Fungi,ACCEPTED,FUZZY,85,True,,2026-08-20
Schizothrix calcicola,Schizothrix calcicola,5426949,Schizothrix,Trichocoleusaceae,Leptolyngbyales,Cyanobacteriia,Cyanobacteria,Bacteria,ACCEPTED,EXACT,99,True,,2026-08-20
Schkuhria pinnata,Schkuhria pinnata,8346536,Schkuhria,Asteraceae,Asterales,Magnoliopsida,Tracheophyta,Plantae,ACCEPTED,EXACT,97,True,,2026-08-20
Sciadopitys verticillata,Sciadopitys verticillata,2684904,Sciadopitys,Sciadopityaceae,Pinales,Pinopsida,Tracheophyta,Plantae,ACCEPTED,EXACT,99,True,,2026-08-20
Scirpus fluviatilis,Bolboschoenus fluviatilis,7953794,Bolboschoenus,Cyperaceae,Poales,Liliopsida,Tracheophyta,Plantae,SYNONYM,EXACT,98,True,,2026-08-20
Scirpus tabernaemontani,,,Scirpus,Cyperaceae,Poales,,,Plantae,,HIGHERRANK,0,False,no_match:HIGHERRANK|genus_fallback,2026-08-20
Scleranthus annuus,Scleranthus annuus,3085894,Scleranthus,Caryophyllaceae,Caryophyllales,Magnoliopsida,Tracheophyta,Plantae,ACCEPTED,EXACT,99,True,,2026-08-20
Sclerocarya birrea,Sclerocarya birrea,7160810,Sclerocarya,Anacardiaceae,Sapindales,Magnoliopsida,Tracheophyta,Plantae,ACCEPTED,EXACT,97,True,,2026-08-20
Scleromitrion diffusum,Scleromitrion diffusum,9264048,Scleromitrion,Rubiaceae,Gentianales,Magnoliopsida,Tracheophyta,Plantae,ACCEPTED,EXACT,99,True,,2026-08-20
Scoparia dulcis,Scoparia dulcis,3171787,Scoparia,Plantaginaceae,Lamiales,Magnoliopsida,Tracheophyta,Plantae,ACCEPTED,EXACT,100,True,,2026-08-20
Scrophularia buergeriana,Scrophularia buergeriana,3738793,Scrophularia,Scrophulariaceae,Lamiales,Magnoliopsida,Tracheophyta,Plantae,ACCEPTED,EXACT,99,True,,2026-08-20
Scrophularia koraiensis,Scrophularia kakudensis,7332876,Scrophularia,Scrophulariaceae,Lamiales,Magnoliopsida,Tracheophyta,Plantae,SYNONYM,EXACT,98,True,,2026-08-20
Scrophularia nodosa,Scrophularia nodosa,3170886,Scrophularia,Scrophulariaceae,Lamiales,Magnoliopsida,Tracheophyta,Plantae,ACCEPTED,EXACT,99,True,,2026-08-20
Scutellaria alpina,Scutellaria alpina,7309071,Scutellaria,Lamiaceae,Lamiales,Magnoliopsida,Tracheophyta,Plantae,ACCEPTED,EXACT,99,True,,2026-08-20
Scutellaria baicalensis,Scutellaria baicalensis,7309014,Scutellaria,Lamiaceae,Lamiales,Magnoliopsida,Tracheophyta,Plantae,ACCEPTED,EXACT,99,True,,2026-08-20
Scutellaria galericulata,Scutellaria galericulata,2926759,Scutellaria,Lamiaceae,Lamiales,Magnoliopsida,Tracheophyta,Plantae,ACCEPTED,EXACT,99,True,,2026-08-20
Scutellaria lateriflora,Scutellaria lateriflora,5341325,Scutellaria,Lamiaceae,Lamiales,Magnoliopsida,Tracheophyta,Plantae,ACCEPTED,EXACT,99,True,,2026-08-20
Secale cereale,Secale cereale,2705966,Secale,Poaceae,Poales,Liliopsida,Tracheophyta,Plantae,ACCEPTED,EXACT,98,True,,2026-08-20
Sechium edule,Sechium edule,2874612,Sechium,Cucurbitaceae,Cucurbitales,Magnoliopsida,Tracheophyta,Plantae,ACCEPTED,EXACT,99,True,,2026-08-20
Sedum acre,Sedum acre,5362007,Sedum,Crassulaceae,Saxifragales,Magnoliopsida,Tracheophyta,Plantae,ACCEPTED,EXACT,97,True,,2026-08-20
Sedum bulbiferum,Sedum bulbiferum,5690559,Sedum,Crassulaceae,Saxifragales,Magnoliopsida,Tracheophyta,Plantae,ACCEPTED,EXACT,99,True,,2026-08-20
Sedum kamtschaticum,,,Sedum,Crassulaceae,Saxifragales,,,Plantae,,HIGHERRANK,0,False,no_match:HIGHERRANK|genus_fallback,2026-08-20
Sedum purpureum,Hylotelephium telephium,6441863,Hylotelephium,Crassulaceae,Saxifragales,Magnoliopsida,Tracheophyta,Plantae,SYNONYM,EXACT,97,True,,2026-08-20
Sedum rosea,Rhodiola rosea,2985688,Rhodiola,Crassulaceae,Saxifragales,Magnoliopsida,Tracheophyta,Plantae,SYNONYM,EXACT,98,True,,2026-08-20
Sedum sarmentosum,Sedum sarmentosum,5362004,Sedum,Crassulaceae,Saxifragales,Magnoliopsida,Tracheophyta,Plantae,ACCEPTED,EXACT,99,True,,2026-08-20
Sedum takesimense,Phedimus kamtschaticus,4201688,Phedimus,Crassulaceae,Saxifragales,Magnoliopsida,Tracheophyta,Plantae,SYNONYM,EXACT,98,True,,2026-08-20
Selaginella involvens,Selaginella involvens,4940372,Selaginella,Selaginellaceae,Selaginellales,Lycopodiopsida,Tracheophyta,Plantae,ACCEPTED,EXACT,99,True,,2026-08-20
Selaginella lepidophylla,Selaginella lepidophylla,2688180,Selaginella,Selaginellaceae,Selaginellales,Lycopodiopsida,Tracheophyta,Plantae,ACCEPTED,EXACT,97,True,,2026-08-20
Selaginella pulvinata,Selaginella pulvinata,4940386,Selaginella,Selaginellaceae,Selaginellales,Lycopodiopsida,Tracheophyta,Plantae,ACCEPTED,EXACT,97,True,,2026-08-20
Selaginella tamariscina,Selaginella tamariscina,4940390,Selaginella,Selaginellaceae,Selaginellales,Lycopodiopsida,Tracheophyta,Plantae,ACCEPTED,EXACT,99,True,,2026-08-20
Selenicereus megalanthus,Selenicereus megalanthus,3942259,Selenicereus,Cactaceae,Caryophyllales,Magnoliopsida,Tracheophyta,Plantae,ACCEPTED,EXACT,99,True,,2026-08-20
Selenicereus monacanthus,Selenicereus monacanthus,9953409,Selenicereus,Cactaceae,Caryophyllales,Magnoliopsida,Tracheophyta,Plantae,ACCEPTED,EXACT,99,True,,2026-08-20
Semiaquilegia adoxoides,Semiaquilegia adoxoides,7276576,Semiaquilegia,Ranunculaceae,Ranunculales,Magnoliopsida,Tracheophyta,Plantae,ACCEPTED,EXACT,99,True,,2026-08-20
Sempervivum tectorum,Sempervivum tectorum,2985949,Sempervivum,Crassulaceae,Saxifragales,Magnoliopsida,Tracheophyta,Plantae,ACCEPTED,EXACT,97,True,,2026-08-20
Senecio cannabifolius,Jacobaea cannabifolia,5388606,Jacobaea,Asteraceae,Asterales,Magnoliopsida,Tracheophyta,Plantae,SYNONYM,EXACT,98,True,,2026-08-20
Senecio vulgaris,Senecio vulgaris,3108983,Senecio,Asteraceae,Asterales,Magnoliopsida,Tracheophyta,Plantae,ACCEPTED,EXACT,99,True,,2026-08-20
Senna garrettiana,Senna garrettiana,2958015,Senna,Fabaceae,Fabales,Magnoliopsida,Tracheophyta,Plantae,ACCEPTED,EXACT,99,True,,2026-08-20
Sequoia sempervirens,Sequoia sempervirens,2683909,Sequoia,Cupressaceae,Pinales,Pinopsida,Tracheophyta,Plantae,ACCEPTED,EXACT,99,True,,2026-08-20
Sequoiadendron giganteum,Sequoiadendron giganteum,2684120,Sequoiadendron,Cupressaceae,Pinales,Pinopsida,Tracheophyta,Plantae,ACCEPTED,EXACT,99,True,,2026-08-20
Serenoa serrulata,Serenoa repens,2735055,Serenoa,Arecaceae,Arecales,Liliopsida,Tracheophyta,Plantae,SYNONYM,EXACT,97,True,,2026-08-20
Sesamum indicum,Sesamum indicum,3172622,Sesamum,Pedaliaceae,Lamiales,Magnoliopsida,Tracheophyta,Plantae,ACCEPTED,EXACT,99,True,,2026-08-20
Sesbania grandiflora,Sesbania grandiflora,8281950,Sesbania,Fabaceae,Fabales,Magnoliopsida,Tracheophyta,Plantae,ACCEPTED,EXACT,97,True,,2026-08-20
Setaria italica,Setaria italica,5289698,Setaria,Poaceae,Poales,Liliopsida,Tracheophyta,Plantae,ACCEPTED,EXACT,98,True,,2026-08-20
Shorea robusta,Shorea robusta,3189684,Shorea,Dipterocarpaceae,Malvales,Magnoliopsida,Tracheophyta,Plantae,ACCEPTED,EXACT,97,True,,2026-08-20
Shorea stenoptera,Shorea stenoptera,7299054,Shorea,Dipterocarpaceae,Malvales,Magnoliopsida,Tracheophyta,Plantae,ACCEPTED,EXACT,99,True,,2026-08-20
Sida cordifolia,Sida cordifolia,5406755,Sida,Malvaceae,Malvales,Magnoliopsida,Tracheophyta,Plantae,ACCEPTED,EXACT,97,True,,2026-08-20
Sida rhombifolia,Sida rhombifolia,5406735,Sida,Malvaceae,Malvales,Magnoliopsida,Tracheophyta,Plantae,ACCEPTED,EXACT,99,True,,2026-08-20
Sideritis hyssopifolia,Sideritis hyssopifolia,8372368,Sideritis,Lamiaceae,Lamiales,Magnoliopsida,Tracheophyta,Plantae,ACCEPTED,EXACT,97,True,,2026-08-20
Sideritis syriaca,Sideritis syriaca,7961270,Sideritis,Lamiaceae,Lamiales,Magnoliopsida,Tracheophyta,Plantae,ACCEPTED,EXACT,97,True,,2026-08-20
Sigesbeckia orientalis,Sigesbeckia orientalis,3125901,Sigesbeckia,Asteraceae,Asterales,Magnoliopsida,Tracheophyta,Plantae,ACCEPTED,EXACT,99,True,,2026-08-20
Silene acaulis,Silene acaulis,5384754,Silene,Caryophyllaceae,Caryophyllales,Magnoliopsida,Tracheophyta,Plantae,ACCEPTED,EXACT,98,True,,2026-08-20
Silene colorata,Silene colorata,7566895,Silene,Caryophyllaceae,Caryophyllales,Magnoliopsida,Tracheophyta,Plantae,ACCEPTED,EXACT,97,True,,2026-08-20
Silene seoulensis,Silene yanoei,5587146,Silene,Caryophyllaceae,Caryophyllales,Magnoliopsida,Tracheophyta,Plantae,SYNONYM,EXACT,98,True,,2026-08-20
Silene uniflora,Silene uniflora,8406661,Silene,Caryophyllaceae,Caryophyllales,Magnoliopsida,Tracheophyta,Plantae,ACCEPTED,EXACT,97,True,,2026-08-20
Silene uralensis,Silene uralensis,5384767,Silene,Caryophyllaceae,Caryophyllales,Magnoliopsida,Tracheophyta,Plantae,ACCEPTED,EXACT,99,True,,2026-08-20
Silene velutina,Silene velutina,7538949,Silene,Caryophyllaceae,Caryophyllales,Magnoliopsida,Tracheophyta,Plantae,ACCEPTED,EXACT,97,True,,2026-08-20
Silybum marianum,Silybum marianum,3145214,Silybum,Asteraceae,Asterales,Magnoliopsida,Tracheophyta,Plantae,ACCEPTED,EXACT,99,True,,2026-08-20
Simaruba amara,Simarouba amara,7720664,Simarouba,Simaroubaceae,Sapindales,Magnoliopsida,Tracheophyta,Plantae,SYNONYM,EXACT,98,True,,2026-08-20
Simmondsia chinensis,Simmondsia chinensis,5361949,Simmondsia,Simmondsiaceae,Caryophyllales,Magnoliopsida,Tracheophyta,Plantae,ACCEPTED,EXACT,99,True,,2026-08-20
Sinapis arvensis,Sinapis arvensis,3047598,Sinapis,Brassicaceae,Brassicales,Magnoliopsida,Tracheophyta,Plantae,ACCEPTED,EXACT,97,True,,2026-08-20
Sinomenium acutum,Sinomenium acutum,7268694,Sinomenium,Menispermaceae,Ranunculales,Magnoliopsida,Tracheophyta,Plantae,ACCEPTED,EXACT,99,True,,2026-08-20
Siparuna guianensis,Siparuna guianensis,7264535,Siparuna,Siparunaceae,Laurales,Magnoliopsida,Tracheophyta,Plantae,ACCEPTED,EXACT,99,True,,2026-08-20
Siphonostegia chinensis,Siphonostegia chinensis,3732295,Siphonostegia,Orobanchaceae,Lamiales,Magnoliopsida,Tracheophyta,Plantae,ACCEPTED,EXACT,99,True,,2026-08-20
Siraitia grosvenorii,Siraitia grosvenorii,3623059,Siraitia,Cucurbitaceae,Cucurbitales,Magnoliopsida,Tracheophyta,Plantae,ACCEPTED,EXACT,97,True,,2026-08-20
Sisymbrium irio,Sisymbrium irio,3046851,Sisymbrium,Brassicaceae,Brassicales,Magnoliopsida,Tracheophyta,Plantae,ACCEPTED,EXACT,97,True,,2026-08-20
Sisymbrium officinale,Sisymbrium officinale,3046890,Sisymbrium,Brassicaceae,Brassicales,Magnoliopsida,Tracheophyta,Plantae,ACCEPTED,EXACT,99,True,,2026-08-20
Smallanthus sonchifolius,Smallanthus sonchifolius,3145311,Smallanthus,Asteraceae,Asterales,Magnoliopsida,Tracheophyta,Plantae,ACCEPTED,EXACT,99,True,,2026-08-20
Smilacina japonica,Maianthemum japonicum,2769420,Maianthemum,Asparagaceae,Asparagales,Liliopsida,Tracheophyta,Plantae,SYNONYM,EXACT,98,True,,2026-08-20
Smilax aristolochiifolia,Smilax aristolochiifolia,5295364,Smilax,Smilacaceae,Liliales,Liliopsida,Tracheophyta,Plantae,ACCEPTED,EXACT,98,True,,2026-08-20
Smilax china,Smilax china,5295472,Smilax,Smilacaceae,Liliales,Liliopsida,Tracheophyta,Plantae,ACCEPTED,EXACT,97,True,,2026-08-20
Smilax glabra,Smilax glabra,5295506,Smilax,Smilacaceae,Liliales,Liliopsida,Tracheophyta,Plantae,ACCEPTED,EXACT,99,True,,2026-08-20
Smilax medica,Smilax medica,8192298,Smilax,Smilacaceae,Liliales,Liliopsida,Tracheophyta,Plantae,ACCEPTED,EXACT,97,True,,2026-08-20
Smilax utilis,Smilax utilis,5295216,Smilax,Smilacaceae,Liliales,Liliopsida,Tracheophyta,Plantae,ACCEPTED,EXACT,97,True,,2026-08-20
Solanum agrarium,Solanum agrarium,2929182,Solanum,Solanaceae,Solanales,Magnoliopsida,Tracheophyta,Plantae,ACCEPTED,EXACT,99,True,,2026-08-20
Solanum aviculare,Solanum aviculare,2930210,Solanum,Solanaceae,Solanales,Magnoliopsida,Tracheophyta,Plantae,ACCEPTED,EXACT,99,True,,2026-08-20
Solanum centrale,Solanum centrale,2931680,Solanum,Solanaceae,Solanales,Magnoliopsida,Tracheophyta,Plantae,ACCEPTED,EXACT,99,True,,2026-08-20
Solanum dulcamara,Solanum dulcamara,2932737,Solanum,Solanaceae,Solanales,Magnoliopsida,Tracheophyta,Plantae,ACCEPTED,EXACT,99,True,,2026-08-20
Solanum indicum,,,Solanum,Solanaceae,Solanales,,,Plantae,,HIGHERRANK,0,False,no_match:HIGHERRANK|genus_fallback,2026-08-20
Solanum lycocarpum,Solanum lycocarpum,2930421,Solanum,Solanaceae,Solanales,Magnoliopsida,Tracheophyta,Plantae,ACCEPTED,EXACT,99,True,,2026-08-20
Solanum lycopersicum,Solanum lycopersicum,2930137,Solanum,Solanaceae,Solanales,Magnoliopsida,Tracheophyta,Plantae,ACCEPTED,EXACT,98,True,,2026-08-20
Solanum mammosum,Solanum mammosum,2930569,Solanum,Solanaceae,Solanales,Magnoliopsida,Tracheophyta,Plantae,ACCEPTED,EXACT,97,True,,2026-08-20
Solanum mauritianum,Solanum mauritianum,2931469,Solanum,Solanaceae,Solanales,Magnoliopsida,Tracheophyta,Plantae,ACCEPTED,EXACT,97,True,,2026-08-20
Solanum melongena,Solanum melongena,2930617,Solanum,Solanaceae,Solanales,Magnoliopsida,Tracheophyta,Plantae,ACCEPTED,EXACT,97,True,,2026-08-20
Solanum muricatum,Solanum muricatum,2931290,Solanum,Solanaceae,Solanales,Magnoliopsida,Tracheophyta,Plantae,ACCEPTED,EXACT,97,True,,2026-08-20
Solanum nigrum,Solanum nigrum,9150405,Solanum,Solanaceae,Solanales,Magnoliopsida,Tracheophyta,Plantae,ACCEPTED,EXACT,97,True,,2026-08-20
Solanum paniculatum,Solanum paniculatum,2932547,Solanum,Solanaceae,Solanales,Magnoliopsida,Tracheophyta,Plantae,ACCEPTED,EXACT,99,True,,2026-08-20
Solanum quitoense,Solanum quitoense,6403105,Solanum,Solanaceae,Solanales,Magnoliopsida,Tracheophyta,Plantae,ACCEPTED,EXACT,99,True,,2026-08-20
Solanum stramoniifolium,,,Solanum,Solanaceae,Solanales,,,Plantae,,HIGHERRANK,0,False,no_match:HIGHERRANK|genus_fallback,2026-08-20
Solanum tuberosum,Solanum tuberosum,2930262,Solanum,Solanaceae,Solanales,Magnoliopsida,Tracheophyta,Plantae,ACCEPTED,EXACT,97,True,,2026-08-20
Solanum undatum,,,Solanum,Solanaceae,Solanales,,,Plantae,,HIGHERRANK,0,False,no_match:HIGHERRANK|genus_fallback,2026-08-20
Solanum virginianum,Solanum virginianum,2929920,Solanum,Solanaceae,Solanales,Magnoliopsida,Tracheophyta,Plantae,ACCEPTED,EXACT,97,True,,2026-08-20
Solanum xanthocarpum,,,Solanum,Solanaceae,Solanales,,,Plantae,,HIGHERRANK,0,False,no_match:HIGHERRANK|genus_fallback,2026-08-20
Soldanella alpina,Soldanella alpina,7923515,Soldanella,Primulaceae,Ericales,Magnoliopsida,Tracheophyta,Plantae,ACCEPTED,EXACT,97,True,,2026-08-20
Soleirolia soleirolii,Soleirolia soleirolii,2984366,Soleirolia,Urticaceae,Rosales,Magnoliopsida,Tracheophyta,Plantae,ACCEPTED,EXACT,99,True,,2026-08-20
Solidago canadensis,Solidago canadensis,5389029,Solidago,Asteraceae,Asterales,Magnoliopsida,Tracheophyta,Plantae,ACCEPTED,EXACT,99,True,,2026-08-20
Solidago odora,Solidago odora,5388923,Solidago,Asteraceae,Asterales,Magnoliopsida,Tracheophyta,Plantae,ACCEPTED,EXACT,97,True,,2026-08-20
Solidago virgaurea,Solidago virgaurea,6446462,Solidago,Asteraceae,Asterales,Magnoliopsida,Tracheophyta,Plantae,ACCEPTED,EXACT,98,True,,2026-08-20
Sonchus oleraceus,Sonchus oleraceus,8228544,Sonchus,Asteraceae,Asterales,Magnoliopsida,Tracheophyta,Plantae,ACCEPTED,EXACT,97,True,,2026-08-20
Sophora angustifolia,Sophora flavescens,7224878,Sophora,Fabaceae,Fabales,Magnoliopsida,Tracheophyta,Plantae,SYNONYM,EXACT,98,True,,2026-08-20
Sophora flavescens,Sophora flavescens,2959073,Sophora,Fabaceae,Fabales,Magnoliopsida,Tracheophyta,Plantae,ACCEPTED,EXACT,99,True,,2026-08-20
Sophora japonica,Styphnolobium japonicum,2963569,Styphnolobium,Fabaceae,Fabales,Magnoliopsida,Tracheophyta,Plantae,SYNONYM,EXACT,98,True,,2026-08-20
Sophora tetraptera,Sophora tetraptera,8397826,Sophora,Fabaceae,Fabales,Magnoliopsida,Tracheophyta,Plantae,ACCEPTED,EXACT,97,True,,2026-08-20
Sophronitis dayana,Cattleya bicalhoi,2811970,Cattleya,Orchidaceae,Asparagales,Liliopsida,Tracheophyta,Plantae,SYNONYM,EXACT,98,True,,2026-08-20
Sorbaria sorbifolia,Sorbaria sorbifolia,3012089,Sorbaria,Rosaceae,Rosales,Magnoliopsida,Tracheophyta,Plantae,ACCEPTED,EXACT,99,True,,2026-08-20
Sorbus alnifolia,Sorbus alnifolia,3012762,Sorbus,Rosaceae,Rosales,Magnoliopsida,Tracheophyta,Plantae,ACCEPTED,EXACT,97,True,,2026-08-20
Sorbus aucuparia,Sorbus aucuparia,3012167,Sorbus,Rosaceae,Rosales,Magnoliopsida,Tracheophyta,Plantae,ACCEPTED,EXACT,97,True,,2026-08-20
Sorbus commixta,Sorbus commixta,3012906,Sorbus,Rosaceae,Rosales,Magnoliopsida,Tracheophyta,Plantae,ACCEPTED,EXACT,98,True,,2026-08-20
Sorbus torminalis,Torminalis glaberrima,9410160,Torminalis,Rosaceae,Rosales,Magnoliopsida,Tracheophyta,Plantae,SYNONYM,EXACT,97,True,,2026-08-20
Sorghum bicolor,Sorghum bicolor,2705181,Sorghum,Poaceae,Poales,Liliopsida,Tracheophyta,Plantae,ACCEPTED,EXACT,97,True,,2026-08-20
Sorghum vulgare,Sorghum bicolor,2705181,Sorghum,Poaceae,Poales,Liliopsida,Tracheophyta,Plantae,SYNONYM,EXACT,98,True,,2026-08-20
Sparassis crispa,Sparassis crispa,2550247,Sparassis,Sparassidaceae,Polyporales,Agaricomycetes,Basidiomycota,Fungi,ACCEPTED,EXACT,98,True,,2026-08-20
Sparassis latifolia,Sparassis latifolia,2550245,Sparassis,Sparassidaceae,Polyporales,Agaricomycetes,Basidiomycota,Fungi,ACCEPTED,EXACT,99,True,,2026-08-20
Spartium junceum,Spartium junceum,5355395,Spartium,Fabaceae,Fabales,Magnoliopsida,Tracheophyta,Plantae,ACCEPTED,EXACT,99,True,,2026-08-20
Spathodea campanulata,Spathodea campanulata,3172574,Spathodea,Bignoniaceae,Lamiales,Magnoliopsida,Tracheophyta,Plantae,ACCEPTED,EXACT,97,True,,2026-08-20
Spatholobus suberectus,Spatholobus suberectus,2977075,Spatholobus,Fabaceae,Fabales,Magnoliopsida,Tracheophyta,Plantae,ACCEPTED,EXACT,99,True,,2026-08-20
Speranskia tuberculata,Speranskia tuberculata,3072591,Speranskia,Euphorbiaceae,Malpighiales,Magnoliopsida,Tracheophyta,Plantae,ACCEPTED,EXACT,99,True,,2026-08-20
Spergularia rubra,Spergularia rubra,3085633,Spergularia,Caryophyllaceae,Caryophyllales,Magnoliopsida,Tracheophyta,Plantae,ACCEPTED,EXACT,99,True,,2026-08-20
Sphagneticola trilobata,Sphagneticola trilobata,3116842,Sphagneticola,Asteraceae,Asterales,Magnoliopsida,Tracheophyta,Plantae,ACCEPTED,EXACT,99,True,,2026-08-20
Sphagnum magellanicum,Sphagnum magellanicum,2669001,Sphagnum,Sphagnaceae,Sphagnales,Sphagnopsida,Bryophyta,Plantae,ACCEPTED,EXACT,99,True,,2026-08-20
Sphagnum squarrosum,Sphagnum squarrosum,2669113,Sphagnum,Sphagnaceae,Sphagnales,Sphagnopsida,Bryophyta,Plantae,ACCEPTED,EXACT,99,True,,2026-08-20
Spilanthes acmella,Spilanthes acmella,7367845,Spilanthes,Asteraceae,Asterales,Magnoliopsida,Tracheophyta,Plantae,ACCEPTED,EXACT,97,True,,2026-08-20
Spinacia oleracea,Spinacia oleracea,3083647,Spinacia,Amaranthaceae,Caryophyllales,Magnoliopsida,Tracheophyta,Plantae,ACCEPTED,EXACT,99,True,,2026-08-20
Spiraea prunifolia,Spiraea prunifolia,3026408,Spiraea,Rosaceae,Rosales,Magnoliopsida,Tracheophyta,Plantae,ACCEPTED,EXACT,99,True,,2026-08-20
Spiraea ulmaria,Filipendula ulmaria,2988000,Filipendula,Rosaceae,Rosales,Magnoliopsida,Tracheophyta,Plantae,SYNONYM,EXACT,98,True,,2026-08-20
Spirodela polyrhiza,Spirodela polyrhiza,4097481,Spirodela,Araceae,Alismatales,Liliopsida,Tracheophyta,Plantae,ACCEPTED,EXACT,99,True,,2026-08-20
Spondias amara,Spondias pinnata,3661030,Spondias,Anacardiaceae,Sapindales,Magnoliopsida,Tracheophyta,Plantae,SYNONYM,EXACT,98,True,,2026-08-20
Spondias mombin,Spondias mombin,8185571,Spondias,Anacardiaceae,Sapindales,Magnoliopsida,Tracheophyta,Plantae,ACCEPTED,EXACT,98,True,,2026-08-20
Spondias purpurea,Spondias purpurea,3190598,Spondias,Anacardiaceae,Sapindales,Magnoliopsida,Tracheophyta,Plantae,ACCEPTED,EXACT,99,True,,2026-08-20
Spondias tuberosa,Spondias tuberosa,8230360,Spondias,Anacardiaceae,Sapindales,Magnoliopsida,Tracheophyta,Plantae,ACCEPTED,EXACT,98,True,,2026-08-20
Stachys japonica,Stachys riederi,8252151,Stachys,Lamiaceae,Lamiales,Magnoliopsida,Tracheophyta,Plantae,SYNONYM,EXACT,98,True,,2026-08-20
Stachys officinalis,Stachys officinalis,7777194,Stachys,Lamiaceae,Lamiales,Magnoliopsida,Tracheophyta,Plantae,ACCEPTED,EXACT,97,True,,2026-08-20
Stauntonia hexaphylla,Stauntonia hexaphylla,4191611,Stauntonia,Lardizabalaceae,Ranunculales,Magnoliopsida,Tracheophyta,Plantae,ACCEPTED,EXACT,99,True,,2026-08-20
Stellaria aquatica,Stellaria aquatica,5384501,Stellaria,Caryophyllaceae,Caryophyllales,Magnoliopsida,Tracheophyta,Plantae,ACCEPTED,EXACT,97,True,,2026-08-20
Stellaria media,Stellaria media,5384604,Stellaria,Caryophyllaceae,Caryophyllales,Magnoliopsida,Tracheophyta,Plantae,ACCEPTED,EXACT,97,True,,2026-08-20
Stellera chamaejasme,Stellera chamaejasme,7311593,Stellera,Thymelaeaceae,Malvales,Magnoliopsida,Tracheophyta,Plantae,ACCEPTED,EXACT,99,True,,2026-08-20
Stemmacantha carthamoides,Leuzea carthamoides,9713621,Leuzea,Asteraceae,Asterales,Magnoliopsida,Tracheophyta,Plantae,SYNONYM,EXACT,98,True,,2026-08-20
Stemona sessilifolia,Stemona sessilifolia,2863347,Stemona,Stemonaceae,Pandanales,Liliopsida,Tracheophyta,Plantae,ACCEPTED,EXACT,98,True,,2026-08-20
Stenoloma chusanum,Odontosoria chinensis,8586632,Odontosoria,Lindsaeaceae,Polypodiales,Polypodiopsida,Tracheophyta,Plantae,SYNONYM,EXACT,98,True,,2026-08-20
Stephanandra incisa,Neillia incisa,3853033,Neillia,Rosaceae,Rosales,Magnoliopsida,Tracheophyta,Plantae,SYNONYM,EXACT,98,True,,2026-08-20
Stephania cephalantha,Stephania cephalantha,5592644,Stephania,Menispermaceae,Ranunculales,Magnoliopsida,Tracheophyta,Plantae,ACCEPTED,EXACT,99,True,,2026-08-20
Stephania tetrandra,Stephania tetrandra,5592737,Stephania,Menispermaceae,Ranunculales,Magnoliopsida,Tracheophyta,Plantae,ACCEPTED,EXACT,99,True,,2026-08-20
Sterculia africana,Sterculia africana,7342772,Sterculia,Malvaceae,Malvales,Magnoliopsida,Tracheophyta,Plantae,ACCEPTED,EXACT,99,True,,2026-08-20
Sterculia platanifolia,Firmiana simplex,3152111,Firmiana,Malvaceae,Malvales,Magnoliopsida,Tracheophyta,Plantae,SYNONYM,EXACT,98,True,,2026-08-20
Sterculia scaphigera,Sterculia scaphigera,7362874,Sterculia,Malvaceae,Malvales,Magnoliopsida,Tracheophyta,Plantae,ACCEPTED,EXACT,97,True,,2026-08-20
Sterculia urens,Sterculia urens,5406674,Sterculia,Malvaceae,Malvales,Magnoliopsida,Tracheophyta,Plantae,ACCEPTED,EXACT,99,True,,2026-08-20
Stereospermum suaveolens,Stereospermum chelonoides,4092354,Stereospermum,Bignoniaceae,Lamiales,Magnoliopsida,Tracheophyta,Plantae,SYNONYM,EXACT,98,True,,2026-08-20
Stevia rebaudiana,Stevia rebaudiana,3125557,Stevia,Asteraceae,Asterales,Magnoliopsida,Tracheophyta,Plantae,ACCEPTED,EXACT,97,True,,2026-08-20
Steviol glycosides,,,,,,,,,,NONE,0,False,no_match:NONE,2026-08-20
Stewartia koreana,Stewartia pseudocamellia,5528315,Stewartia,Theaceae,Ericales,Magnoliopsida,Tracheophyta,Plantae,SYNONYM,EXACT,97,True,,2026-08-20
Stillingia sylvatica,Stillingia sylvatica,3055154,Stillingia,Euphorbiaceae,Malpighiales,Magnoliopsida,Tracheophyta,Plantae,ACCEPTED,EXACT,99,True,,2026-08-20
Stipa tenacissima,,,Stipa,Poaceae,Poales,,,Plantae,,HIGHERRANK,0,False,no_match:HIGHERRANK|genus_fallback,2026-08-20
Streblus asper,Streblus asper,10242935,Streblus,Moraceae,Rosales,Magnoliopsida,Tracheophyta,Plantae,ACCEPTED,EXACT,99,True,,2026-08-20
Strelitzia nicolai,Strelitzia nicolai,2763112,Strelitzia,Strelitziaceae,Zingiberales,Liliopsida,Tracheophyta,Plantae,ACCEPTED,EXACT,99,True,,2026-08-20
Streptococcus thermophilus,Streptococcus thermophilus,7381052,Streptococcus,Streptococcaceae,Lactobacillales,Bacilli,Firmicutes,Bacteria,ACCEPTED,EXACT,99,True,,2026-08-20
Streptococcus zooepidemicus,,,Streptococcus,Streptococcaceae,Lactobacillales,,,Bacteria,,HIGHERRANK,0,False,no_match:HIGHERRANK|genus_fallback,2026-08-20
Strychnos potatorum,Strychnos potatorum,7725922,Strychnos,Loganiaceae,Gentianales,Magnoliopsida,Tracheophyta,Plantae,ACCEPTED,EXACT,99,True,,2026-08-20
Stryphnodendron adstringens,Stryphnodendron adstringens,2951737,Stryphnodendron,Fabaceae,Fabales,Magnoliopsida,Tracheophyta,Plantae,ACCEPTED,EXACT,97,True,,2026-08-20
Styrach obassis,Styrax obassia,5541162,Styrax,Styracaceae,Ericales,Magnoliopsida,Tracheophyta,Plantae,SYNONYM,FUZZY,80,True,,2026-08-20
Styrax benzoin,Styrax benzoin,5371679,Styrax,Styracaceae,Ericales,Magnoliopsida,Tracheophyta,Plantae,ACCEPTED,EXACT,99,True,,2026-08-20
Styrax japonicus,Styrax japonicus,5371678,Styrax,Styracaceae,Ericales,Magnoliopsida,Tracheophyta,Plantae,ACCEPTED,EXACT,99,True,,2026-08-20
Styrax tonkinensis,Styrax tonkinensis,5371676,Styrax,Styracaceae,Ericales,Magnoliopsida,Tracheophyta,Plantae,ACCEPTED,EXACT,97,True,,2026-08-20
Suaeda asparagoides,Suaeda glauca,7339791,Suaeda,Amaranthaceae,Caryophyllales,Magnoliopsida,Tracheophyta,Plantae,SYNONYM,EXACT,98,True,,2026-08-20
Suaeda maritima,Suaeda maritima,3083541,Suaeda,Amaranthaceae,Caryophyllales,Magnoliopsida,Tracheophyta,Plantae,ACCEPTED,EXACT,97,True,,2026-08-20
Suaeda salsa,Suaeda salsa,6035568,Suaeda,Amaranthaceae,Caryophyllales,Magnoliopsida,Tracheophyta,Plantae,ACCEPTED,EXACT,99,True,,2026-08-20
Sutherlandia frutescens,Lessertia frutescens,5633333,Lessertia,Fabaceae,Fabales,Magnoliopsida,Tracheophyta,Plantae,SYNONYM,EXACT,97,True,,2026-08-20
Swertia chirata,Swertia chirata,5596317,Swertia,Gentianaceae,Gentianales,Magnoliopsida,Tracheophyta,Plantae,ACCEPTED,EXACT,97,True,,2026-08-20
Swertia japonica,Swertia japonica,7270341,Swertia,Gentianaceae,Gentianales,Magnoliopsida,Tracheophyta,Plantae,ACCEPTED,EXACT,99,True,,2026-08-20
Swertia pseudochinensis,Swertia pseudochinensis,7270188,Swertia,Gentianaceae,Gentianales,Magnoliopsida,Tracheophyta,Plantae,ACCEPTED,EXACT,99,True,,2026-08-20
Syagrus coronata,Syagrus coronata,5293875,Syagrus,Arecaceae,Arecales,Liliopsida,Tracheophyta,Plantae,ACCEPTED,EXACT,99,True,,2026-08-20
Symphoricarpos albus,Symphoricarpos albus,8012439,Symphoricarpos,Caprifoliaceae,Dipsacales,Magnoliopsida,Tracheophyta,Plantae,ACCEPTED,EXACT,97,True,,2026-08-20
Symphytum officinale,Symphytum officinale,7558421,Symphytum,Boraginaceae,Boraginales,Magnoliopsida,Tracheophyta,Plantae,ACCEPTED,EXACT,99,True,,2026-08-20
Symplocos racemosa,Symplocos racemosa,7902154,Symplocos,Symplocaceae,Ericales,Magnoliopsida,Tracheophyta,Plantae,ACCEPTED,EXACT,97,True,,2026-08-20
Syngonanthus nitens,Syngonanthus nitens,2689651,Syngonanthus,Eriocaulaceae,Poales,Liliopsida,Tracheophyta,Plantae,ACCEPTED,EXACT,99,True,,2026-08-20
Synsepalum dulcificum,Synsepalum dulcificum,2886039,Synsepalum,Sapotaceae,Ericales,Magnoliopsida,Tracheophyta,Plantae,ACCEPTED,EXACT,97,True,,2026-08-20
Synurus palmatopinnatifidus,Synurus deltoides,3150727,Synurus,Asteraceae,Asterales,Magnoliopsida,Tracheophyta,Plantae,SYNONYM,EXACT,98,True,,2026-08-20
Syringa oblata,Syringa oblata,6433171,Syringa,Oleaceae,Lamiales,Magnoliopsida,Tracheophyta,Plantae,ACCEPTED,EXACT,98,True,,2026-08-20
Syringa vulgaris,Syringa vulgaris,5415039,Syringa,Oleaceae,Lamiales,Magnoliopsida,Tracheophyta,Plantae,ACCEPTED,EXACT,99,True,,2026-08-20
Syzygium aqueum,Syzygium aqueum,3183335,Syzygium,Myrtaceae,Myrtales,Magnoliopsida,Tracheophyta,Plantae,ACCEPTED,EXACT,99,True,,2026-08-20
Syzygium aromaticum,Syzygium aromaticum,3183002,Syzygium,Myrtaceae,Myrtales,Magnoliopsida,Tracheophyta,Plantae,ACCEPTED,EXACT,99,True,,2026-08-20
Syzygium jambos,Syzygium jambos,3183534,Syzygium,Myrtaceae,Myrtales,Magnoliopsida,Tracheophyta,Plantae,ACCEPTED,EXACT,99,True,,2026-08-20
Syzygium luehmannii,Syzygium luehmannii,3182303,Syzygium,Myrtaceae,Myrtales,Magnoliopsida,Tracheophyta,Plantae,ACCEPTED,EXACT,99,True,,2026-08-20
Syzygium malaccense,Syzygium malaccense,3184509,Syzygium,Myrtaceae,Myrtales,Magnoliopsida,Tracheophyta,Plantae,ACCEPTED,EXACT,99,True,,2026-08-20
Syzygium nervosum,Syzygium nervosum,3184115,Syzygium,Myrtaceae,Myrtales,Magnoliopsida,Tracheophyta,Plantae,ACCEPTED,EXACT,99,True,,2026-08-20
Syzygium polyanthum,Syzygium polyanthum,3182288,Syzygium,Myrtaceae,Myrtales,Magnoliopsida,Tracheophyta,Plantae,ACCEPTED,EXACT,97,True,,2026-08-20
Syzygium samarangense,Syzygium samarangense,3183180,Syzygium,Myrtaceae,Myrtales,Magnoliopsida,Tracheophyta,Plantae,ACCEPTED,EXACT,99,True,,2026-08-20
Tabebuia avellanedae,Handroanthus impetiginosum,4092242,Handroanthus,Bignoniaceae,Lamiales,Magnoliopsida,Tracheophyta,Plantae,SYNONYM,EXACT,97,True,,2026-08-20
Tabebuia impetiginosa,Tabebuia impetiginosa,10778380,Tabebuia,Bignoniaceae,Lamiales,Magnoliopsida,Tracheophyta,Plantae,ACCEPTED,EXACT,97,True,,2026-08-20
Tabebuia serratifolia,Tabebuia serratifolia,7353404,Tabebuia,Bignoniaceae,Lamiales,Magnoliopsida,Tracheophyta,Plantae,ACCEPTED,EXACT,97,True,,2026-08-20
Tabebuia spp,,,Tabebuia,Bignoniaceae,Lamiales,,,Plantae,,HIGHERRANK,0,False,no_match:HIGHERRANK|genus_fallback,2026-08-20
Tagetes erecta,Tagetes erecta,3088488,Tagetes,Asteraceae,Asterales,Magnoliopsida,Tracheophyta,Plantae,ACCEPTED,EXACT,99,True,,2026-08-20
Tagetes minuta,Tagetes minuta,3088481,Tagetes,Asteraceae,Asterales,Magnoliopsida,Tracheophyta,Plantae,ACCEPTED,EXACT,99,True,,2026-08-20
Tagetes patula,Tagetes erecta,3088488,Tagetes,Asteraceae,Asterales,Magnoliopsida,Tracheophyta,Plantae,SYNONYM,EXACT,98,True,,2026-08-20
Talinum fruticosum,Talinum fruticosum,3084670,Talinum,Talinaceae,Caryophyllales,Magnoliopsida,Tracheophyta,Plantae,ACCEPTED,EXACT,97,True,,2026-08-20
Talinum paniculatum,Talinum paniculatum,3084672,Talinum,Talinaceae,Caryophyllales,Magnoliopsida,Tracheophyta,Plantae,ACCEPTED,EXACT,97,True,,2026-08-20
Tamarindus indica,Tamarindus indica,2975768,Tamarindus,Fabaceae,Fabales,Magnoliopsida,Tracheophyta,Plantae,ACCEPTED,EXACT,99,True,,2026-08-20
Tamarix chinensis,Tamarix chinensis,2874696,Tamarix,Tamaricaceae,Caryophyllales,Magnoliopsida,Tracheophyta,Plantae,ACCEPTED,EXACT,97,True,,2026-08-20
Tambourissa trichophylla,Tambourissa trichophylla,3783067,Tambourissa,Monimiaceae,Laurales,Magnoliopsida,Tracheophyta,Plantae,ACCEPTED,EXACT,99,True,,2026-08-20
Tanacetum annuum,Vogtia annua,7392261,Vogtia,Asteraceae,Asterales,Magnoliopsida,Tracheophyta,Plantae,SYNONYM,EXACT,98,True,,2026-08-20
Tanacetum cinerariifolium,Tanacetum cinerariifolium,3118284,Tanacetum,Asteraceae,Asterales,Magnoliopsida,Tracheophyta,Plantae,ACCEPTED,EXACT,99,True,,2026-08-20
Tanacetum vulgare,Tanacetum vulgare,3118274,Tanacetum,Asteraceae,Asterales,Magnoliopsida,Tracheophyta,Plantae,ACCEPTED,EXACT,99,True,,2026-08-20
Tapirira guianensis,Tapirira guianensis,7321555,Tapirira,Anacardiaceae,Sapindales,Magnoliopsida,Tracheophyta,Plantae,ACCEPTED,EXACT,99,True,,2026-08-20
Tar oil,,,,,,,,,,NONE,0,False,no_match:NONE,2026-08-20
Taraktogenos kurzii,Hydnocarpus kurzii,2874151,Hydnocarpus,Achariaceae,Malpighiales,Magnoliopsida,Tracheophyta,Plantae,SYNONYM,EXACT,98,True,,2026-08-20
Taraxacum brachyceras,Taraxacum brachyceras,5393927,Taraxacum,Asteraceae,Asterales,Magnoliopsida,Tracheophyta,Plantae,ACCEPTED,EXACT,99,True,,2026-08-20
Taraxacum coreanum,Taraxacum coreanum,5394353,Taraxacum,Asteraceae,Asterales,Magnoliopsida,Tracheophyta,Plantae,ACCEPTED,EXACT,99,True,,2026-08-20
Taraxacum hallaisanensis,Taraxacum hallaisanense,5697957,Taraxacum,Asteraceae,Asterales,Magnoliopsida,Tracheophyta,Plantae,ACCEPTED,FUZZY,96,True,,2026-08-20
Taraxacum mongolicum,Taraxacum mongolicum,5394645,Taraxacum,Asteraceae,Asterales,Magnoliopsida,Tracheophyta,Plantae,ACCEPTED,EXACT,99,True,,2026-08-20
Taraxacum officinale,Taraxacum officinale,5394163,Taraxacum,Asteraceae,Asterales,Magnoliopsida,Tracheophyta,Plantae,ACCEPTED,EXACT,98,True,,2026-08-20
Taraxacum platycarpum,Taraxacum platycarpum,5393953,Taraxacum,Asteraceae,Asterales,Magnoliopsida,Tracheophyta,Plantae,ACCEPTED,EXACT,99,True,,2026-08-20
Taraxacum sinicum,Taraxacum sinicum,5393992,Taraxacum,Asteraceae,Asterales,Magnoliopsida,Tracheophyta,Plantae,ACCEPTED,EXACT,99,True,,2026-08-20
Tarchonanthus camphoratus,Tarchonanthus camphoratus,3141279,Tarchonanthus,Asteraceae,Asterales,Magnoliopsida,Tracheophyta,Plantae,ACCEPTED,EXACT,97,True,,2026-08-20
Tasmannia lanceolata,Drimys aromatica,7288425,Drimys,Winteraceae,Canellales,Magnoliopsida,Tracheophyta,Plantae,SYNONYM,EXACT,98,True,,2026-08-20
Taxillus yadoriki,Taxillus sutchuenensis,8680087,Taxillus,Loranthaceae,Santalales,Magnoliopsida,Tracheophyta,Plantae,SYNONYM,EXACT,98,True,,2026-08-20
Taxus cuspidata,Taxus cuspidata,5284524,Taxus,Taxaceae,Pinales,Pinopsida,Tracheophyta,Plantae,ACCEPTED,EXACT,99,True,,2026-08-20
Tecoma curialis,Handroanthus heptaphyllus,4092253,Handroanthus,Bignoniaceae,Lamiales,Magnoliopsida,Tracheophyta,Plantae,SYNONYM,EXACT,98,True,,2026-08-20
Tecoma lapacho,Handroanthus lapacho,4092201,Handroanthus,Bignoniaceae,Lamiales,Magnoliopsida,Tracheophyta,Plantae,SYNONYM,EXACT,98,True,,2026-08-20
Tectona grandis,Tectona grandis,2925649,Tectona,Lamiaceae,Lamiales,Magnoliopsida,Tracheophyta,Plantae,ACCEPTED,EXACT,98,True,,2026-08-20
Telfairia pedata,Telfairia pedata,2874670,Telfairia,Cucurbitaceae,Cucurbitales,Magnoliopsida,Tracheophyta,Plantae,ACCEPTED,EXACT,99,True,,2026-08-20
Telopea speciosissima,Telopea speciosissima,3996729,Telopea,Proteaceae,Proteales,Magnoliopsida,Tracheophyta,Plantae,ACCEPTED,EXACT,99,True,,2026-08-20
Telosma cordata,Telosma cordata,3570803,Telosma,Apocynaceae,Gentianales,Magnoliopsida,Tracheophyta,Plantae,ACCEPTED,EXACT,99,True,,2026-08-20
Tephrosia purpurea,Tephrosia purpurea,5342239,Tephrosia,Fabaceae,Fabales,Magnoliopsida,Tracheophyta,Plantae,ACCEPTED,EXACT,97,True,,2026-08-20
Terminalia arjuna,Terminalia arjuna,3699548,Terminalia,Combretaceae,Myrtales,Magnoliopsida,Tracheophyta,Plantae,ACCEPTED,EXACT,99,True,,2026-08-20
Terminalia bellerica,Terminalia bellirica,3189390,Terminalia,Combretaceae,Myrtales,Magnoliopsida,Tracheophyta,Plantae,ACCEPTED,FUZZY,93,True,,2026-08-20
Terminalia bellirica,Terminalia bellirica,3189390,Terminalia,Combretaceae,Myrtales,Magnoliopsida,Tracheophyta,Plantae,ACCEPTED,EXACT,99,True,,2026-08-20
Terminalia catappa,Terminalia catappa,3189394,Terminalia,Combretaceae,Myrtales,Magnoliopsida,Tracheophyta,Plantae,ACCEPTED,EXACT,99,True,,2026-08-20
Terminalia chebula,Terminalia chebula,3189388,Terminalia,Combretaceae,Myrtales,Magnoliopsida,Tracheophyta,Plantae,ACCEPTED,EXACT,97,True,,2026-08-20
Terminalia ferdinandiana,Terminalia ferdinandiana,3699413,Terminalia,Combretaceae,Myrtales,Magnoliopsida,Tracheophyta,Plantae,ACCEPTED,EXACT,99,True,,2026-08-20
Terminalia sericea,Terminalia sericea,3699769,Terminalia,Combretaceae,Myrtales,Magnoliopsida,Tracheophyta,Plantae,ACCEPTED,EXACT,97,True,,2026-08-20
Tetrabaena socialis,Tetrabaena socialis,2638826,Tetrabaena,Tetrabaenaceae,Volvocales,Chlorophyceae,Chlorophyta,Plantae,ACCEPTED,EXACT,99,True,,2026-08-20
Tetragonia tetragonoides,Tetragonia tetragonoides,5554574,Tetragonia,Aizoaceae,Caryophyllales,Magnoliopsida,Tracheophyta,Plantae,ACCEPTED,EXACT,99,True,,2026-08-20
Tetrapanax papyrifer,Tetrapanax papyrifer,3035275,Tetrapanax,Araliaceae,Apiales,Magnoliopsida,Tracheophyta,Plantae,ACCEPTED,EXACT,99,True,,2026-08-20
Tetrapleura tetraptera,Tetrapleura tetraptera,5347354,Tetrapleura,Fabaceae,Fabales,Magnoliopsida,Tracheophyta,Plantae,ACCEPTED,EXACT,99,True,,2026-08-20
Tetraselmis chui,Tetraselmis chuii,2688046,Tetraselmis,Chlorodendraceae,Chlorodendrales,Prasinophyceae,Chlorophyta,Plantae,ACCEPTED,FUZZY,96,True,,2026-08-20
Teucrium canadense,Teucrium canadense,2926899,Teucrium,Lamiaceae,Lamiales,Magnoliopsida,Tracheophyta,Plantae,ACCEPTED,EXACT,98,True,,2026-08-20
Teucrium scorodonia,Teucrium scorodonia,2926901,Teucrium,Lamiaceae,Lamiales,Magnoliopsida,Tracheophyta,Plantae,ACCEPTED,EXACT,98,True,,2026-08-20
Teucrium viscidum,Teucrium viscidum,7307951,Teucrium,Lamiaceae,Lamiales,Magnoliopsida,Tracheophyta,Plantae,ACCEPTED,EXACT,99,True,,2026-08-20
Thalassiosira eccentrica,Thalassiosira eccentrica,3193453,Thalassiosira,Thalassiosiraceae,Thalassiosirales,Bacillariophyceae,Ochrophyta,Chromista,ACCEPTED,EXACT,99,True,,2026-08-20
Thalictrum occidentale,Thalictrum occidentale,3033154,Thalictrum,Ranunculaceae,Ranunculales,Magnoliopsida,Tracheophyta,Plantae,ACCEPTED,EXACT,99,True,,2026-08-20
Thamnolia vermicularis,Thamnolia vermicularis,11068129,Thamnolia,Icmadophilaceae,Pertusariales,Lecanoromycetes,Ascomycota,Fungi,ACCEPTED,EXACT,99,True,,2026-08-20
Thaumatococcus danielli,Thaumatococcus daniellii,11066824,Thaumatococcus,Marantaceae,Zingiberales,Liliopsida,Tracheophyta,Plantae,ACCEPTED,FUZZY,95,True,,2026-08-20
Thelypteris interrupta,Cyclosorus interruptus,7708168,Cyclosorus,Thelypteridaceae,Polypodiales,Polypodiopsida,Tracheophyta,Plantae,SYNONYM,EXACT,97,True,,2026-08-20
Theobroma cacao,Theobroma cacao,3152205,Theobroma,Malvaceae,Malvales,Magnoliopsida,Tracheophyta,Plantae,ACCEPTED,EXACT,99,True,,2026-08-20
Theobroma grandiflorum,Theobroma grandiflorum,3152208,Theobroma,Malvaceae,Malvales,Magnoliopsida,Tracheophyta,Plantae,ACCEPTED,EXACT,99,True,,2026-08-20
Thespesia populneoides,Thespesia populneoides,3936372,Thespesia,Malvaceae,Malvales,Magnoliopsida,Tracheophyta,Plantae,ACCEPTED,EXACT,99,True,,2026-08-20
Thuja koraiensis,Thuja koraiensis,2684169,Thuja,Cupressaceae,Pinales,Pinopsida,Tracheophyta,Plantae,ACCEPTED,EXACT,99,True,,2026-08-20
Thuja occidentalis,Thuja occidentalis,2684178,Thuja,Cupressaceae,Pinales,Pinopsida,Tracheophyta,Plantae,ACCEPTED,EXACT,99,True,,2026-08-20
Thuja orientalis,Platycladus orientalis,2684855,Platycladus,Cupressaceae,Pinales,Pinopsida,Tracheophyta,Plantae,SYNONYM,EXACT,98,True,,2026-08-20
Thuja plicata,Thuja plicata,2684171,Thuja,Cupressaceae,Pinales,Pinopsida,Tracheophyta,Plantae,ACCEPTED,EXACT,98,True,,2026-08-20
Thujopsis dolabrata,Thujopsis dolabrata,2684102,Thujopsis,Cupressaceae,Pinales,Pinopsida,Tracheophyta,Plantae,ACCEPTED,EXACT,97,True,,2026-08-20
Thunbergia laurifolia,Thunbergia laurifolia,5415460,Thunbergia,Acanthaceae,Lamiales,Magnoliopsida,Tracheophyta,Plantae,ACCEPTED,EXACT,99,True,,2026-08-20
Thymus capitatus,,,,,,,,,,HIGHERRANK,0,False,no_match:HIGHERRANK,2026-08-20
Thymus citriodorus,Thymus citriodorus,5607452,Thymus,Lamiaceae,Lamiales,Magnoliopsida,Tracheophyta,Plantae,ACCEPTED,EXACT,97,True,,2026-08-20
Thymus linearis,Thymus linearis,7307095,Thymus,Lamiaceae,Lamiales,Magnoliopsida,Tracheophyta,Plantae,ACCEPTED,EXACT,99,True,,2026-08-20
Thymus mastichina,Thymus mastichina,7307002,Thymus,Lamiaceae,Lamiales,Magnoliopsida,Tracheophyta,Plantae,ACCEPTED,EXACT,98,True,,2026-08-20
Thymus praecox,Thymus praecox,5341449,Thymus,Lamiaceae,Lamiales,Magnoliopsida,Tracheophyta,Plantae,ACCEPTED,EXACT,99,True,,2026-08-20
Thymus quinquecostatus,Thymus quinquecostatus,7306727,Thymus,Lamiaceae,Lamiales,Magnoliopsida,Tracheophyta,Plantae,ACCEPTED,EXACT,99,True,,2026-08-20
Thymus serpillum,Thymus serpyllum,6409622,Thymus,Lamiaceae,Lamiales,Magnoliopsida,Tracheophyta,Plantae,ACCEPTED,FUZZY,95,True,,2026-08-20
Thymus serpyllum,Thymus serpyllum,6409622,Thymus,Lamiaceae,Lamiales,Magnoliopsida,Tracheophyta,Plantae,ACCEPTED,EXACT,99,True,,2026-08-20
Thymus vulgaris,Thymus vulgaris,5341442,Thymus,Lamiaceae,Lamiales,Magnoliopsida,Tracheophyta,Plantae,ACCEPTED,EXACT,98,True,,2026-08-20
Thymus zygis,Thymus zygis,7793938,Thymus,Lamiaceae,Lamiales,Magnoliopsida,Tracheophyta,Plantae,ACCEPTED,EXACT,98,True,,2026-08-20
Tiarella polyphylla,Tiarella polyphylla,5567780,Tiarella,Saxifragaceae,Saxifragales,Magnoliopsida,Tracheophyta,Plantae,ACCEPTED,EXACT,99,True,,2026-08-20
Tibouchina lepidota,Andesanthus lepidotus,10767444,Andesanthus,Melastomataceae,Myrtales,Magnoliopsida,Tracheophyta,Plantae,SYNONYM,EXACT,98,True,,2026-08-20
Tilia americana,Tilia americana,3152042,Tilia,Malvaceae,Malvales,Magnoliopsida,Tracheophyta,Plantae,ACCEPTED,EXACT,98,True,,2026-08-20
Tilia cordata,Tilia cordata,3152047,Tilia,Malvaceae,Malvales,Magnoliopsida,Tracheophyta,Plantae,ACCEPTED,EXACT,97,True,,2026-08-20
Tilia europaea,Tilia europaea,3152046,Tilia,Malvaceae,Malvales,Magnoliopsida,Tracheophyta,Plantae,ACCEPTED,EXACT,99,True,,2026-08-20
Tilia platyphyllos,Tilia platyphyllos,3152048,Tilia,Malvaceae,Malvales,Magnoliopsida,Tracheophyta,Plantae,ACCEPTED,EXACT,98,True,,2026-08-20
Tilia tomentosa,Tilia tomentosa,4259350,Tilia,Malvaceae,Malvales,Magnoliopsida,Tracheophyta,Plantae,ACCEPTED,EXACT,99,True,,2026-08-20
Tilia vulgaris,Tilia europaea,3152046,Tilia,Malvaceae,Malvales,Magnoliopsida,Tracheophyta,Plantae,SYNONYM,EXACT,97,True,,2026-08-20
Tiliacora triandra,Tiliacora triandra,3831076,Tiliacora,Menispermaceae,Ranunculales,Magnoliopsida,Tracheophyta,Plantae,ACCEPTED,EXACT,99,True,,2026-08-20
Tillandsia usneoides,Tillandsia usneoides,2695149,Tillandsia,Bromeliaceae,Poales,Liliopsida,Tracheophyta,Plantae,ACCEPTED,EXACT,99,True,,2026-08-20
Tinospora cordifolia,Tinospora cordifolia,7520328,Tinospora,Menispermaceae,Ranunculales,Magnoliopsida,Tracheophyta,Plantae,ACCEPTED,EXACT,97,True,,2026-08-20
Tinospora crispa,Tinospora crispa,8298918,Tinospora,Menispermaceae,Ranunculales,Magnoliopsida,Tracheophyta,Plantae,ACCEPTED,EXACT,97,True,,2026-08-20
Tinospora tuberculata,Tinospora crispa,8298918,Tinospora,Menispermaceae,Ranunculales,Magnoliopsida,Tracheophyta,Plantae,SYNONYM,EXACT,97,True,,2026-08-20
Tithonia diversifolia,Tithonia diversifolia,5396557,Tithonia,Asteraceae,Asterales,Magnoliopsida,Tracheophyta,Plantae,ACCEPTED,EXACT,99,True,,2026-08-20
Tofieldia japonica,Triantha japonica,2864312,Triantha,Tofieldiaceae,Alismatales,Liliopsida,Tracheophyta,Plantae,SYNONYM,EXACT,98,True,,2026-08-20
Toona sinensis,Toona sinensis,7271504,Toona,Meliaceae,Sapindales,Magnoliopsida,Tracheophyta,Plantae,ACCEPTED,EXACT,99,True,,2026-08-20
Torenia concolor,Torenia concolor,7331731,Torenia,Linderniaceae,Lamiales,Magnoliopsida,Tracheophyta,Plantae,ACCEPTED,EXACT,99,True,,2026-08-20
Torilis japonica,Torilis japonica,3034820,Torilis,Apiaceae,Apiales,Magnoliopsida,Tracheophyta,Plantae,ACCEPTED,EXACT,99,True,,2026-08-20
Torreya californica,Torreya californica,5284508,Torreya,Taxaceae,Pinales,Pinopsida,Tracheophyta,Plantae,ACCEPTED,EXACT,99,True,,2026-08-20
Torreya grandis,Torreya grandis,5284483,Torreya,Taxaceae,Pinales,Pinopsida,Tracheophyta,Plantae,ACCEPTED,EXACT,98,True,,2026-08-20
Torreya nucifera,Torreya nucifera,5284492,Torreya,Taxaceae,Pinales,Pinopsida,Tracheophyta,Plantae,ACCEPTED,EXACT,99,True,,2026-08-20
Torulaspora delbrueckii,Debaryomyces delbrueckii,5260318,Debaryomyces,Saccharomycetaceae,Saccharomycetales,Saccharomycetes,Ascomycota,Fungi,SYNONYM,EXACT,97,True,,2026-08-20
Torulaspora delbruekii,Debaryomyces delbrueckii,5260318,Debaryomyces,Saccharomycetaceae,Saccharomycetales,Saccharomycetes,Ascomycota,Fungi,SYNONYM,FUZZY,92,True,,2026-08-20
Trachelospermum asiaticum,Trachelospermum asiaticum,7317060,Trachelospermum,Apocynaceae,Gentianales,Magnoliopsida,Tracheophyta,Plantae,ACCEPTED,EXACT,99,True,,2026-08-20
Trachelospermum jasminoides,Trachelospermum jasminoides,3169713,Trachelospermum,Apocynaceae,Gentianales,Magnoliopsida,Tracheophyta,Plantae,ACCEPTED,EXACT,99,True,,2026-08-20
Trachyspermum ammi,Trachyspermum ammi,3034241,Trachyspermum,Apiaceae,Apiales,Magnoliopsida,Tracheophyta,Plantae,ACCEPTED,EXACT,98,True,,2026-08-20
Trapa bicornis,Trapa bicornis,7534069,Trapa,Lythraceae,Myrtales,Magnoliopsida,Tracheophyta,Plantae,ACCEPTED,EXACT,97,True,,2026-08-20
Trapa japonica,Trapa natans,4204450,Trapa,Lythraceae,Myrtales,Magnoliopsida,Tracheophyta,Plantae,SYNONYM,EXACT,98,True,,2026-08-20
Trapa natans,Trapa natans,3188757,Trapa,Lythraceae,Myrtales,Magnoliopsida,Tracheophyta,Plantae,ACCEPTED,EXACT,97,True,,2026-08-20
Tremella fuciformis,Tremella fuciformis,5237434,Tremella,Tremellaceae,Tremellales,Tremellomycetes,Basidiomycota,Fungi,ACCEPTED,EXACT,99,True,,2026-08-20
Tribulus terrestris,Tribulus terrestris,5421116,Tribulus,Zygophyllaceae,Zygophyllales,Magnoliopsida,Tracheophyta,Plantae,ACCEPTED,EXACT,97,True,,2026-08-20
Trichilia catigua,Trichilia catigua,7271401,Trichilia,Meliaceae,Sapindales,Magnoliopsida,Tracheophyta,Plantae,ACCEPTED,EXACT,99,True,,2026-08-20
Trichilia emetica,Trichilia emetica,3190493,Trichilia,Meliaceae,Sapindales,Magnoliopsida,Tracheophyta,Plantae,ACCEPTED,EXACT,99,True,,2026-08-20
Trichilia roka,Trichilia emetica,7607474,Trichilia,Meliaceae,Sapindales,Magnoliopsida,Tracheophyta,Plantae,SYNONYM,EXACT,98,True,,2026-08-20
Trichodesma zeylanicum,Trichodesma zeylanicum,7294697,Trichodesma,Boraginaceae,Boraginales,Magnoliopsida,Tracheophyta,Plantae,ACCEPTED,EXACT,99,True,,2026-08-20
Tricholoma matsutake,Tricholoma matsutake,5241820,Tricholoma,Tricholomataceae,Agaricales,Agaricomycetes,Basidiomycota,Fungi,ACCEPTED,EXACT,99,True,,2026-08-20
Trichosanthes cucumerina,Trichosanthes cucumerina,2874605,Trichosanthes,Cucurbitaceae,Cucurbitales,Magnoliopsida,Tracheophyta,Plantae,ACCEPTED,EXACT,97,True,,2026-08-20
Trichosanthes kirilowii,Trichosanthes kirilowii,3624240,Trichosanthes,Cucurbitaceae,Cucurbitales,Magnoliopsida,Tracheophyta,Plantae,ACCEPTED,EXACT,99,True,,2026-08-20
Trifolium pratense,Trifolium pratense,8324121,Trifolium,Fabaceae,Fabales,Magnoliopsida,Tracheophyta,Plantae,ACCEPTED,EXACT,99,True,,2026-08-20
Trifolium repens,Trifolium repens,5358748,Trifolium,Fabaceae,Fabales,Magnoliopsida,Tracheophyta,Plantae,ACCEPTED,EXACT,97,True,,2026-08-20
Trigonella foenum,,,,,,,,,,NONE,0,False,no_match:NONE,2026-08-20
Trigonella foenum-graecum,Trigonella foenum-graecum,5360475,Trigonella,Fabaceae,Fabales,Magnoliopsida,Tracheophyta,Plantae,ACCEPTED,EXACT,98,True,,2026-08-20
Trigonotis peduncularis,Trigonotis peduncularis,2926112,Trigonotis,Boraginaceae,Boraginales,Magnoliopsida,Tracheophyta,Plantae,ACCEPTED,EXACT,97,True,,2026-08-20
Tripleurospermum maritimum,Tripleurospermum maritimum,3104173,Tripleurospermum,Asteraceae,Asterales,Magnoliopsida,Tracheophyta,Plantae,ACCEPTED,EXACT,98,True,,2026-08-20
Tripterygium wilfordii,Tripterygium wilfordii,5579615,Tripterygium,Celastraceae,Celastrales,Magnoliopsida,Tracheophyta,Plantae,ACCEPTED,EXACT,99,True,,2026-08-20
Tristaniopsis laurina,Tristaniopsis laurina,3188062,Tristaniopsis,Myrtaceae,Myrtales,Magnoliopsida,Tracheophyta,Plantae,ACCEPTED,EXACT,99,True,,2026-08-20
Triteleia ixioides,Triteleia ixioides,5304156,Triteleia,Asparagaceae,Asparagales,Liliopsida,Tracheophyta,Plantae,ACCEPTED,EXACT,99,True,,2026-08-20
Triticum aestivum,Triticum aestivum,7795888,Triticum,Poaceae,Poales,Liliopsida,Tracheophyta,Plantae,ACCEPTED,EXACT,97,True,,2026-08-20
Triticum monococcum,Triticum monococcum,7883427,Triticum,Poaceae,Poales,Liliopsida,Tracheophyta,Plantae,ACCEPTED,EXACT,99,True,,2026-08-20
Triticum spelta,Triticum aestivum,2706403,Triticum,Poaceae,Poales,Liliopsida,Tracheophyta,Plantae,SYNONYM,EXACT,98,True,,2026-08-20
Triticum turgidum,Triticum turgidum,2706406,Triticum,Poaceae,Poales,Liliopsida,Tracheophyta,Plantae,ACCEPTED,EXACT,97,True,,2026-08-20
Triticum vulgare,Triticum vulgare,7541363,Triticum,Poaceae,Poales,Liliopsida,Tracheophyta,Plantae,ACCEPTED,EXACT,97,True,,2026-08-20
Tropaeolum majus,Tropaeolum majus,2889934,Tropaeolum,Tropaeolaceae,Brassicales,Magnoliopsida,Tracheophyta,Plantae,ACCEPTED,EXACT,99,True,,2026-08-20
Tsuga canadensis,Tsuga canadensis,2687182,Tsuga,Pinaceae,Pinales,Pinopsida,Tracheophyta,Plantae,ACCEPTED,EXACT,99,True,,2026-08-20
Tsuga heterophylla,Tsuga heterophylla,2687210,Tsuga,Pinaceae,Pinales,Pinopsida,Tracheophyta,Plantae,ACCEPTED,EXACT,99,True,,2026-08-20
Tuber melanosporum,Tuber melanosporum,5258468,Tuber,Tuberaceae,Pezizales,Pezizomycetes,Ascomycota,Fungi,ACCEPTED,EXACT,99,True,,2026-08-20
Tulipa darwin,,,Tulipa,Liliaceae,Liliales,,,Plantae,,HIGHERRANK,0,False,no_match:HIGHERRANK|genus_fallback,2026-08-20
Tulipa gesneriana,Tulipa gesneriana,5299675,Tulipa,Liliaceae,Liliales,Liliopsida,Tracheophyta,Plantae,ACCEPTED,EXACT,98,True,,2026-08-20
Tulipa hybrida,Tulipa hybr,6711702,Tulipa,Liliaceae,Liliales,Liliopsida,Tracheophyta,Plantae,ACCEPTED,FUZZY,93,True,,2026-08-20
Tulipa kaufmanniana,Tulipa kaufmanniana,5299659,Tulipa,Liliaceae,Liliales,Liliopsida,Tracheophyta,Plantae,ACCEPTED,EXACT,99,True,,2026-08-20
Turnera diffusa,Turnera diffusa,2874847,Turnera,Turneraceae,Malpighiales,Magnoliopsida,Tracheophyta,Plantae,ACCEPTED,EXACT,98,True,,2026-08-20
Tussilago farfara,Tussilago farfara,3149879,Tussilago,Asteraceae,Asterales,Magnoliopsida,Tracheophyta,Plantae,ACCEPTED,EXACT,99,True,,2026-08-20
Typha angustifolia,Typha angustifolia,5289461,Typha,Typhaceae,Poales,Liliopsida,Tracheophyta,Plantae,ACCEPTED,EXACT,97,True,,2026-08-20
Typha latifolia,Typha latifolia,5289423,Typha,Typhaceae,Poales,Liliopsida,Tracheophyta,Plantae,ACCEPTED,EXACT,98,True,,2026-08-20
Typha orientalis,Typha orientalis,5289521,Typha,Typhaceae,Poales,Liliopsida,Tracheophyta,Plantae,ACCEPTED,EXACT,97,True,,2026-08-20
Uapaca bojeri,Uapaca bojeri,3079924,Uapaca,Phyllanthaceae,Malpighiales,Magnoliopsida,Tracheophyta,Plantae,ACCEPTED,EXACT,99,True,,2026-08-20
Udotea abbottiorum,Udotea abbottiorum,2643460,Udotea,Udoteaceae,Bryopsidales,Ulvophyceae,Chlorophyta,Plantae,ACCEPTED,EXACT,99,True,,2026-08-20
Ugni molinae,Ugni molinae,3185043,Ugni,Myrtaceae,Myrtales,Magnoliopsida,Tracheophyta,Plantae,ACCEPTED,EXACT,99,True,,2026-08-20
Ulex europaeus,Ulex europaeus,2951984,Ulex,Fabaceae,Fabales,Magnoliopsida,Tracheophyta,Plantae,ACCEPTED,EXACT,98,True,,2026-08-20
Ulmus campestris,,,,,,,,,,HIGHERRANK,0,False,no_match:HIGHERRANK,2026-08-20
Ulmus davidiana,Ulmus davidiana,7141651,Ulmus,Ulmaceae,Rosales,Magnoliopsida,Tracheophyta,Plantae,ACCEPTED,EXACT,99,True,,2026-08-20
Ulmus fulva,Ulmus rubra,5361867,Ulmus,Ulmaceae,Rosales,Magnoliopsida,Tracheophyta,Plantae,SYNONYM,EXACT,98,True,,2026-08-20
Ulva lactuca,Ulva lactuca,5273309,Ulva,Ulvaceae,Ulvales,Ulvophyceae,Chlorophyta,Plantae,ACCEPTED,EXACT,99,True,,2026-08-20
Ulva ramulosa,Ulva clathrata,9402904,Ulva,Ulvaceae,Ulvales,Ulvophyceae,Chlorophyta,Plantae,SYNONYM,EXACT,98,True,,2026-08-20
Uncaria gambir,Uncaria gambir,5338190,Uncaria,Rubiaceae,Gentianales,Magnoliopsida,Tracheophyta,Plantae,ACCEPTED,EXACT,99,True,,2026-08-20
Uncaria rhynchophylla,Uncaria rhynchophylla,8104601,Uncaria,Rubiaceae,Gentianales,Magnoliopsida,Tracheophyta,Plantae,ACCEPTED,EXACT,97,True,,2026-08-20
Uncaria sinensis,Uncaria sinensis,5338113,Uncaria,Rubiaceae,Gentianales,Magnoliopsida,Tracheophyta,Plantae,ACCEPTED,EXACT,99,True,,2026-08-20
Uncaria tomentosa,Uncaria tomentosa,5338267,Uncaria,Rubiaceae,Gentianales,Magnoliopsida,Tracheophyta,Plantae,ACCEPTED,EXACT,99,True,,2026-08-20
Undaria peterseniana,,,,,,,,,,NONE,0,False,no_match:NONE,2026-08-20
Undaria pinnatifida,Undaria pinnatifida,5422556,Undaria,Alariaceae,Laminariales,Phaeophyceae,Ochrophyta,Chromista,ACCEPTED,EXACT,99,True,,2026-08-20
Urginea maritima,Drimia maritima,2776790,Drimia,Asparagaceae,Asparagales,Liliopsida,Tracheophyta,Plantae,SYNONYM,EXACT,98,True,,2026-08-20
Urtica dioica,Urtica dioica,7960979,Urtica,Urticaceae,Rosales,Magnoliopsida,Tracheophyta,Plantae,ACCEPTED,EXACT,97,True,,2026-08-20
Urtica urens,Urtica urens,5361815,Urtica,Urticaceae,Rosales,Magnoliopsida,Tracheophyta,Plantae,ACCEPTED,EXACT,97,True,,2026-08-20
Usnea barbata,Usnea barbata,7247607,Usnea,Parmeliaceae,Lecanorales,Lecanoromycetes,Ascomycota,Fungi,ACCEPTED,EXACT,97,True,,2026-08-20
Usnea longissima,Dolichousnea longissima,3407877,Dolichousnea,Parmeliaceae,Lecanorales,Lecanoromycetes,Ascomycota,Fungi,SYNONYM,EXACT,98,True,,2026-08-20
Vaccinium angustifolium,Vaccinium angustifolium,2882868,Vaccinium,Ericaceae,Ericales,Magnoliopsida,Tracheophyta,Plantae,ACCEPTED,EXACT,97,True,,2026-08-20
Vaccinium corymbosum,Vaccinium corymbosum,2882849,Vaccinium,Ericaceae,Ericales,Magnoliopsida,Tracheophyta,Plantae,ACCEPTED,EXACT,97,True,,2026-08-20
Vaccinium dunalianum,Vaccinium dunalianum,4173549,Vaccinium,Ericaceae,Ericales,Magnoliopsida,Tracheophyta,Plantae,ACCEPTED,EXACT,99,True,,2026-08-20
Vaccinium macrocarpon,Vaccinium macrocarpon,2882841,Vaccinium,Ericaceae,Ericales,Magnoliopsida,Tracheophyta,Plantae,ACCEPTED,EXACT,99,True,,2026-08-20
Vaccinium microcarpum,Vaccinium microcarpum,8344892,Vaccinium,Ericaceae,Ericales,Magnoliopsida,Tracheophyta,Plantae,ACCEPTED,EXACT,97,True,,2026-08-20
Vaccinium myrtillus,Vaccinium myrtillus,2882833,Vaccinium,Ericaceae,Ericales,Magnoliopsida,Tracheophyta,Plantae,ACCEPTED,EXACT,97,True,,2026-08-20
Vaccinium oldhamii,Vaccinium oldhamii,4936640,Vaccinium,Ericaceae,Ericales,Magnoliopsida,Tracheophyta,Plantae,ACCEPTED,EXACT,99,True,,2026-08-20
Vaccinium oxycoccos,Vaccinium oxycoccos,2882940,Vaccinium,Ericaceae,Ericales,Magnoliopsida,Tracheophyta,Plantae,ACCEPTED,EXACT,99,True,,2026-08-20
Vaccinium uliginosum,Vaccinium uliginosum,8073364,Vaccinium,Ericaceae,Ericales,Magnoliopsida,Tracheophyta,Plantae,ACCEPTED,EXACT,99,True,,2026-08-20
Vaccinium virgatum,,,Vaccinium,Ericaceae,Ericales,,,Plantae,,HIGHERRANK,0,False,no_match:HIGHERRANK|genus_fallback,2026-08-20
Vaccinium vitis-idaea,Vaccinium vitis-idaea,2882835,Vaccinium,Ericaceae,Ericales,Magnoliopsida,Tracheophyta,Plantae,ACCEPTED,EXACT,99,True,,2026-08-20
Valeriana celtica,Valeriana celtica,7298940,Valeriana,Caprifoliaceae,Dipsacales,Magnoliopsida,Tracheophyta,Plantae,ACCEPTED,EXACT,97,True,,2026-08-20
Valeriana fauriei,Valeriana fauriei,7298944,Valeriana,Caprifoliaceae,Dipsacales,Magnoliopsida,Tracheophyta,Plantae,ACCEPTED,EXACT,99,True,,2026-08-20
Valeriana jatamansi,Valeriana jatamansi,8213018,Valeriana,Caprifoliaceae,Dipsacales,Magnoliopsida,Tracheophyta,Plantae,ACCEPTED,EXACT,97,True,,2026-08-20
Valeriana officinalis,Valeriana officinalis,2888763,Valeriana,Caprifoliaceae,Dipsacales,Magnoliopsida,Tracheophyta,Plantae,ACCEPTED,EXACT,99,True,,2026-08-20
Valeriana wallichii,Valeriana jatamansi,8213018,Valeriana,Caprifoliaceae,Dipsacales,Magnoliopsida,Tracheophyta,Plantae,SYNONYM,EXACT,98,True,,2026-08-20
Vanda coerulea,Vanda coerulea,2783163,Vanda,Orchidaceae,Asparagales,Liliopsida,Tracheophyta,Plantae,ACCEPTED,EXACT,97,True,,2026-08-20
Vanilla bahiana,Vanilla phaeantha,2803330,Vanilla,Orchidaceae,Asparagales,Liliopsida,Tracheophyta,Plantae,SYNONYM,EXACT,98,True,,2026-08-20
Vanilla planifolia,Vanilla planifolia,2803398,Vanilla,Orchidaceae,Asparagales,Liliopsida,Tracheophyta,Plantae,ACCEPTED,EXACT,97,True,,2026-08-20
Vanilla tahitensis,Vanilla tahitensis,2803401,Vanilla,Orchidaceae,Asparagales,Liliopsida,Tracheophyta,Plantae,ACCEPTED,EXACT,99,True,,2026-08-20
Vanillosmopsis erythropappa,Eremanthus erythropappus,9888756,Eremanthus,Asteraceae,Asterales,Magnoliopsida,Tracheophyta,Plantae,SYNONYM,EXACT,98,True,,2026-08-20
Vateria indica,Vateria indica,3189688,Vateria,Dipterocarpaceae,Malvales,Magnoliopsida,Tracheophyta,Plantae,ACCEPTED,EXACT,97,True,,2026-08-20
Veratrum oxysepalum,Veratrum oxysepalum,2742172,Veratrum,Melanthiaceae,Liliales,Liliopsida,Tracheophyta,Plantae,ACCEPTED,EXACT,98,True,,2026-08-20
Verbascum densiflorum,Verbascum densiflorum,3171939,Verbascum,Scrophulariaceae,Lamiales,Magnoliopsida,Tracheophyta,Plantae,ACCEPTED,EXACT,99,True,,2026-08-20
Verbascum thapsus,Verbascum thapsus,3171949,Verbascum,Scrophulariaceae,Lamiales,Magnoliopsida,Tracheophyta,Plantae,ACCEPTED,EXACT,97,True,,2026-08-20
Verbena officinalis,Verbena officinalis,2925529,Verbena,Verbenaceae,Lamiales,Magnoliopsida,Tracheophyta,Plantae,ACCEPTED,EXACT,99,True,,2026-08-20
Vernicia fordii,Vernicia fordii,3074906,Vernicia,Euphorbiaceae,Malpighiales,Magnoliopsida,Tracheophyta,Plantae,ACCEPTED,EXACT,97,True,,2026-08-20
Veronica americana,Veronica americana,3172084,Veronica,Plantaginaceae,Lamiales,Magnoliopsida,Tracheophyta,Plantae,ACCEPTED,EXACT,97,True,,2026-08-20
Veronica beccabunga,Veronica beccabunga,3172062,Veronica,Plantaginaceae,Lamiales,Magnoliopsida,Tracheophyta,Plantae,ACCEPTED,EXACT,97,True,,2026-08-20
Veronica longifolia,Veronica longifolia,3172118,Veronica,Plantaginaceae,Lamiales,Magnoliopsida,Tracheophyta,Plantae,ACCEPTED,EXACT,97,True,,2026-08-20
Veronica officinalis,Veronica officinalis,3172049,Veronica,Plantaginaceae,Lamiales,Magnoliopsida,Tracheophyta,Plantae,ACCEPTED,EXACT,99,True,,2026-08-20
Veronicastrum sibiricum,Veronicastrum sibiricum,7331522,Veronicastrum,Plantaginaceae,Lamiales,Magnoliopsida,Tracheophyta,Plantae,ACCEPTED,EXACT,97,True,,2026-08-20
Vetiveria zizanioides,Vetiveria zizanioides,7352653,Vetiveria,Poaceae,Poales,Liliopsida,Tracheophyta,Plantae,ACCEPTED,EXACT,97,True,,2026-08-20
Vetiveria zizanoides,Vetiveria zizanioides,7352653,Vetiveria,Poaceae,Poales,Liliopsida,Tracheophyta,Plantae,ACCEPTED,FUZZY,93,True,,2026-08-20
Viburnum awabuki,Viburnum odoratissimum,4930156,Viburnum,Viburnaceae,Dipsacales,Magnoliopsida,Tracheophyta,Plantae,SYNONYM,EXACT,98,True,,2026-08-20
Viburnum dilatatum,Viburnum dilatatum,2888584,Viburnum,Viburnaceae,Dipsacales,Magnoliopsida,Tracheophyta,Plantae,ACCEPTED,EXACT,99,True,,2026-08-20
Viburnum lantana,Viburnum lantana,2888615,Viburnum,Viburnaceae,Dipsacales,Magnoliopsida,Tracheophyta,Plantae,ACCEPTED,EXACT,97,True,,2026-08-20
Viburnum opulus,Viburnum opulus,2888605,Viburnum,Viburnaceae,Dipsacales,Magnoliopsida,Tracheophyta,Plantae,ACCEPTED,EXACT,99,True,,2026-08-20
Viburnum prunifolium,Viburnum prunifolium,2888608,Viburnum,Viburnaceae,Dipsacales,Magnoliopsida,Tracheophyta,Plantae,ACCEPTED,EXACT,99,True,,2026-08-20
Vicia faba,Vicia faba,2974832,Vicia,Fabaceae,Fabales,Magnoliopsida,Tracheophyta,Plantae,ACCEPTED,EXACT,99,True,,2026-08-20
Vicia sativa,Vicia sativa,2975014,Vicia,Fabaceae,Fabales,Magnoliopsida,Tracheophyta,Plantae,ACCEPTED,EXACT,97,True,,2026-08-20
Victoria amazonica,Victoria amazonica,5553148,Victoria,Nymphaeaceae,Nymphaeales,Magnoliopsida,Tracheophyta,Plantae,ACCEPTED,EXACT,97,True,,2026-08-20
Victoria cruziana,Victoria cruziana,7166688,Victoria,Nymphaeaceae,Nymphaeales,Magnoliopsida,Tracheophyta,Plantae,ACCEPTED,EXACT,98,True,,2026-08-20
Vigna aconitifolia,Vigna aconitifolia,2982794,Vigna,Fabaceae,Fabales,Magnoliopsida,Tracheophyta,Plantae,ACCEPTED,EXACT,99,True,,2026-08-20
Vigna angularis,Vigna angularis,2982508,Vigna,Fabaceae,Fabales,Magnoliopsida,Tracheophyta,Plantae,ACCEPTED,EXACT,99,True,,2026-08-20
Vigna radiata,Vigna radiata,2982380,Vigna,Fabaceae,Fabales,Magnoliopsida,Tracheophyta,Plantae,ACCEPTED,EXACT,99,True,,2026-08-20
Vigna umbellata,Vigna umbellata,2982753,Vigna,Fabaceae,Fabales,Magnoliopsida,Tracheophyta,Plantae,ACCEPTED,EXACT,99,True,,2026-08-20
Vinca major,Vinca major,3169708,Vinca,Apocynaceae,Gentianales,Magnoliopsida,Tracheophyta,Plantae,ACCEPTED,EXACT,97,True,,2026-08-20
Vinca minor,Vinca minor,3169707,Vinca,Apocynaceae,Gentianales,Magnoliopsida,Tracheophyta,Plantae,ACCEPTED,EXACT,98,True,,2026-08-20
Vincetoxicum hirundinaria,Vincetoxicum hirundinaria,5414548,Vincetoxicum,Apocynaceae,Gentianales,Magnoliopsida,Tracheophyta,Plantae,ACCEPTED,EXACT,99,True,,2026-08-20
Viola corsica,Viola corsica,7296660,Viola,Violaceae,Malpighiales,Magnoliopsida,Tracheophyta,Plantae,ACCEPTED,EXACT,98,True,,2026-08-20
Viola mandshurica,Viola mandshurica,7296405,Viola,Violaceae,Malpighiales,Magnoliopsida,Tracheophyta,Plantae,ACCEPTED,EXACT,99,True,,2026-08-20
Viola odorata,Viola odorata,5331181,Viola,Violaceae,Malpighiales,Magnoliopsida,Tracheophyta,Plantae,ACCEPTED,EXACT,97,True,,2026-08-20
Viola prionantha,Viola prionantha,7296610,Viola,Violaceae,Malpighiales,Magnoliopsida,Tracheophyta,Plantae,ACCEPTED,EXACT,99,True,,2026-08-20
Viola tricolor,Viola tricolor,5331347,Viola,Violaceae,Malpighiales,Magnoliopsida,Tracheophyta,Plantae,ACCEPTED,EXACT,99,True,,2026-08-20
Viola yedoensis,Viola philippica,12217049,Viola,Violaceae,Malpighiales,Magnoliopsida,Tracheophyta,Plantae,SYNONYM,EXACT,98,True,,2026-08-20
Virola surinamensis,Virola surinamensis,3152848,Virola,Myristicaceae,Magnoliales,Magnoliopsida,Tracheophyta,Plantae,ACCEPTED,EXACT,99,True,,2026-08-20
Viscum album,Viscum album,2889828,Viscum,Viscaceae,Santalales,Magnoliopsida,Tracheophyta,Plantae,ACCEPTED,EXACT,97,True,,2026-08-20
Visnaga vera,Visnaga daucoides,5371753,Visnaga,Apiaceae,Apiales,Magnoliopsida,Tracheophyta,Plantae,SYNONYM,EXACT,98,True,,2026-08-20
Vitex agnus,Vitex agnus-castus,2925562,Vitex,Lamiaceae,Lamiales,Magnoliopsida,Tracheophyta,Plantae,SYNONYM,EXACT,98,True,,2026-08-20
Vitex agnus-castus,Vitex agnus-castus,2925562,Vitex,Lamiaceae,Lamiales,Magnoliopsida,Tracheophyta,Plantae,ACCEPTED,EXACT,98,True,,2026-08-20
Vitex negundo,Vitex negundo,2925564,Vitex,Lamiaceae,Lamiales,Magnoliopsida,Tracheophyta,Plantae,ACCEPTED,EXACT,98,True,,2026-08-20
Vitex rotundifolia,Vitex rotundifolia,2925558,Vitex,Lamiaceae,Lamiales,Magnoliopsida,Tracheophyta,Plantae,ACCEPTED,EXACT,99,True,,2026-08-20
Vitex trifolia,Vitex trifolia,2925561,Vitex,Lamiaceae,Lamiales,Magnoliopsida,Tracheophyta,Plantae,ACCEPTED,EXACT,99,True,,2026-08-20
Vitis amurensis,Vitis amurensis,5372380,Vitis,Vitaceae,Vitales,Magnoliopsida,Tracheophyta,Plantae,ACCEPTED,EXACT,99,True,,2026-08-20
Vitis coignetiae,Vitis coignetiae,5658476,Vitis,Vitaceae,Vitales,Magnoliopsida,Tracheophyta,Plantae,ACCEPTED,EXACT,97,True,,2026-08-20
Vitis ficifolia,Vitis ficifolia,7293930,Vitis,Vitaceae,Vitales,Magnoliopsida,Tracheophyta,Plantae,ACCEPTED,EXACT,99,True,,2026-08-20
Vitis flexuosa,Vitis flexuosa,7293919,Vitis,Vitaceae,Vitales,Magnoliopsida,Tracheophyta,Plantae,ACCEPTED,EXACT,99,True,,2026-08-20
Vitis labrusca,Vitis labrusca,5372424,Vitis,Vitaceae,Vitales,Magnoliopsida,Tracheophyta,Plantae,ACCEPTED,EXACT,97,True,,2026-08-20
Vitis rotundifolia,Vitis rotundifolia,5372394,Vitis,Vitaceae,Vitales,Magnoliopsida,Tracheophyta,Plantae,ACCEPTED,EXACT,97,True,,2026-08-20
Vitis vinifera,Vitis vinifera,5372392,Vitis,Vitaceae,Vitales,Magnoliopsida,Tracheophyta,Plantae,ACCEPTED,EXACT,97,True,,2026-08-20
Voacanga africana,Voacanga africana,3616169,Voacanga,Apocynaceae,Gentianales,Magnoliopsida,Tracheophyta,Plantae,ACCEPTED,EXACT,98,True,,2026-08-20
Voandzeia subterranea,Vigna subterranea,2982714,Vigna,Fabaceae,Fabales,Magnoliopsida,Tracheophyta,Plantae,SYNONYM,EXACT,97,True,,2026-08-20
Vulpia myuros,,,,,,,,,,HIGHERRANK,0,False,no_match:HIGHERRANK,2026-08-20
Waltheria indica,Waltheria indica,5406665,Waltheria,Malvaceae,Malvales,Magnoliopsida,Tracheophyta,Plantae,ACCEPTED,EXACT,99,True,,2026-08-20
Wasabia japonica,Eutrema japonicum,5375216,Eutrema,Brassicaceae,Brassicales,Magnoliopsida,Tracheophyta,Plantae,SYNONYM,EXACT,98,True,,2026-08-20
Watanabea reniformis,Watanabea reniformis,2652190,Watanabea,Trebouxiaceae,Trebouxiales,Trebouxiophyceae,Chlorophyta,Plantae,ACCEPTED,EXACT,99,True,,2026-08-20
Wedelia calendulacea,,,Wedelia,Asteraceae,Asterales,,,Plantae,,HIGHERRANK,0,False,no_match:HIGHERRANK|genus_fallback,2026-08-20
Wisteria brachybotrys,Wisteria brachybotrys,2977318,Wisteria,Fabaceae,Fabales,Magnoliopsida,Tracheophyta,Plantae,ACCEPTED,EXACT,97,True,,2026-08-20
Wisteria sinensis,Wisteria sinensis,8149049,Wisteria,Fabaceae,Fabales,Magnoliopsida,Tracheophyta,Plantae,ACCEPTED,EXACT,97,True,,2026-08-20
Withania somnifera,Withania somnifera,2928840,Withania,Solanaceae,Solanales,Magnoliopsida,Tracheophyta,Plantae,ACCEPTED,EXACT,99,True,,2026-08-20
Woodfordia fruticosa,Woodfordia fruticosa,5635525,Woodfordia,Lythraceae,Myrtales,Magnoliopsida,Tracheophyta,Plantae,ACCEPTED,EXACT,98,True,,2026-08-20
Xanthium sibiricum,Xanthium strumarium,3089154,Xanthium,Asteraceae,Asterales,Magnoliopsida,Tracheophyta,Plantae,SYNONYM,EXACT,97,True,,2026-08-20
Xanthium strumarium,Xanthium strumarium,3089154,Xanthium,Asteraceae,Asterales,Magnoliopsida,Tracheophyta,Plantae,ACCEPTED,EXACT,98,True,,2026-08-20
Xanthoceras sorbifolium,Xanthoceras sorbifolium,9479204,Xanthoceras,Poaceae,Poales,Liliopsida,Tracheophyta,Plantae,ACCEPTED,EXACT,99,True,,2026-08-20
Xanthomonas campestris,Xanthomonas campestris,9156233,Xanthomonas,Xanthomonadaceae,Xanthomonadales,Gammaproteobacteria,Proteobacteria,Bacteria,ACCEPTED,EXACT,98,True,,2026-08-20
Xanthorrhoea preissii,Xanthorrhoea preissii,2779434,Xanthorrhoea,Asphodelaceae,Asparagales,Liliopsida,Tracheophyta,Plantae,ACCEPTED,EXACT,99,True,,2026-08-20
Xerochrysum bracteatum,Xerochrysum bracteatum,3102871,Xerochrysum,Asteraceae,Asterales,Magnoliopsida,Tracheophyta,Plantae,ACCEPTED,EXACT,97,True,,2026-08-20
Ximenia americana,Ximenia americana,2889811,Ximenia,Ximeniaceae,Santalales,Magnoliopsida,Tracheophyta,Plantae,ACCEPTED,EXACT,99,True,,2026-08-20
Xylopia aethiopica,Xylopia aethiopica,3157151,Xylopia,Annonaceae,Magnoliales,Magnoliopsida,Tracheophyta,Plantae,ACCEPTED,EXACT,99,True,,2026-08-20
Yucca aloifolia,Yucca aloifolia,2775744,Yucca,Asparagaceae,Asparagales,Liliopsida,Tracheophyta,Plantae,ACCEPTED,EXACT,98,True,,2026-08-20
Yucca brevifolia,Yucca brevifolia,2775592,Yucca,Asparagaceae,Asparagales,Liliopsida,Tracheophyta,Plantae,ACCEPTED,EXACT,97,True,,2026-08-20
Yucca filamentosa,Yucca filamentosa,2775561,Yucca,Asparagaceae,Asparagales,Liliopsida,Tracheophyta,Plantae,ACCEPTED,EXACT,97,True,,2026-08-20
Yucca glauca,Yucca glauca,2775497,Yucca,Asparagaceae,Asparagales,Liliopsida,Tracheophyta,Plantae,ACCEPTED,EXACT,97,True,,2026-08-20
Yucca schidigera,Yucca schidigera,2775710,Yucca,Asparagaceae,Asparagales,Liliopsida,Tracheophyta,Plantae,ACCEPTED,EXACT,97,True,,2026-08-20
Yucca vera,,,Yucca,Asparagaceae,Asparagales,,,Plantae,,HIGHERRANK,0,False,no_match:HIGHERRANK|genus_fallback,2026-08-20
Zantedeschia aethiopica,Zantedeschia aethiopica,2868827,Zantedeschia,Araceae,Alismatales,Liliopsida,Tracheophyta,Plantae,ACCEPTED,EXACT,99,True,,2026-08-20
Zantedeschia elliottiana,Zantedeschia elliottiana,2868837,Zantedeschia,Araceae,Alismatales,Liliopsida,Tracheophyta,Plantae,ACCEPTED,EXACT,98,True,,2026-08-20
Zanthoxylum acanthopodium,Zanthoxylum acanthopodium,7269121,Zanthoxylum,Rutaceae,Sapindales,Magnoliopsida,Tracheophyta,Plantae,ACCEPTED,EXACT,99,True,,2026-08-20
Zanthoxylum alatum,,,Zanthoxylum,Rutaceae,Sapindales,,,Plantae,,HIGHERRANK,0,False,no_match:HIGHERRANK|genus_fallback,2026-08-20
Zanthoxylum americanum,Zanthoxylum americanum,3190089,Zanthoxylum,Rutaceae,Sapindales,Magnoliopsida,Tracheophyta,Plantae,ACCEPTED,EXACT,99,True,,2026-08-20
Zanthoxylum avicennae,Zanthoxylum avicennae,3832937,Zanthoxylum,Rutaceae,Sapindales,Magnoliopsida,Tracheophyta,Plantae,ACCEPTED,EXACT,99,True,,2026-08-20
Zanthoxylum bungeanum,Zanthoxylum bungeanum,7269010,Zanthoxylum,Rutaceae,Sapindales,Magnoliopsida,Tracheophyta,Plantae,ACCEPTED,EXACT,99,True,,2026-08-20
Zanthoxylum coreanum,Zanthoxylum simulans,3834219,Zanthoxylum,Rutaceae,Sapindales,Magnoliopsida,Tracheophyta,Plantae,SYNONYM,EXACT,98,True,,2026-08-20
Zanthoxylum myriacanthum,Zanthoxylum myriacanthum,7859167,Zanthoxylum,Rutaceae,Sapindales,Magnoliopsida,Tracheophyta,Plantae,ACCEPTED,EXACT,98,True,,2026-08-20
Zanthoxylum piperitum,Zanthoxylum piperitum,7269282,Zanthoxylum,Rutaceae,Sapindales,Magnoliopsida,Tracheophyta,Plantae,ACCEPTED,EXACT,97,True,,2026-08-20
Zanthoxylum rhetsa,Zanthoxylum rhetsa,3834800,Zanthoxylum,Rutaceae,Sapindales,Magnoliopsida,Tracheophyta,Plantae,ACCEPTED,EXACT,99,True,,2026-08-20
Zanthoxylum schinifolium,Zanthoxylum schinifolium,7269177,Zanthoxylum,Rutaceae,Sapindales,Magnoliopsida,Tracheophyta,Plantae,ACCEPTED,EXACT,99,True,,2026-08-20
Zanthoxylum zanthoxyloides,Zanthoxylum zanthoxyloides,3833043,Zanthoxylum,Rutaceae,Sapindales,Magnoliopsida,Tracheophyta,Plantae,ACCEPTED,EXACT,99,True,,2026-08-20
Zea mays,Zea mays,5290052,Zea,Poaceae,Poales,Liliopsida,Tracheophyta,Plantae,ACCEPTED,EXACT,99,True,,2026-08-20
Zingiber aromaticus,,,Zingiber,Zingiberaceae,Zingiberales,,,Plantae,,HIGHERRANK,0,False,no_match:HIGHERRANK|genus_fallback,2026-08-20
Zingiber cassumunar,Zingiber purpureum,2757204,Zingiber,Zingiberaceae,Zingiberales,Liliopsida,Tracheophyta,Plantae,SYNONYM,EXACT,98,True,,2026-08-20
Zingiber mioga,Zingiber mioga,2757086,Zingiber,Zingiberaceae,Zingiberales,Liliopsida,Tracheophyta,Plantae,ACCEPTED,EXACT,99,True,,2026-08-20
Zingiber officinale,Zingiber officinale,2757280,Zingiber,Zingiberaceae,Zingiberales,Liliopsida,Tracheophyta,Plantae,ACCEPTED,EXACT,99,True,,2026-08-20
Zingiber zerumbet,Zingiber zerumbet,2757108,Zingiber,Zingiberaceae,Zingiberales,Liliopsida,Tracheophyta,Plantae,ACCEPTED,EXACT,97,True,,2026-08-20
Zinnia elegans,Zinnia elegans,3111754,Zinnia,Asteraceae,Asterales,Magnoliopsida,Tracheophyta,Plantae,ACCEPTED,EXACT,98,True,,2026-08-20
Zizania aquatica,Zizania aquatica,2703228,Zizania,Poaceae,Poales,Liliopsida,Tracheophyta,Plantae,ACCEPTED,EXACT,99,True,,2026-08-20
Zizania latifolia,Zizania latifolia,10919373,Zizania,Poaceae,Poales,Liliopsida,Tracheophyta,Plantae,ACCEPTED,EXACT,97,True,,2026-08-20
Ziziphus joazeiro,Sarcomphalus joazeiro,8910944,Sarcomphalus,Rhamnaceae,Rosales,Magnoliopsida,Tracheophyta,Plantae,SYNONYM,EXACT,98,True,,2026-08-20
Ziziphus jujuba,Ziziphus jujuba,3039423,Ziziphus,Rhamnaceae,Rosales,Magnoliopsida,Tracheophyta,Plantae,ACCEPTED,EXACT,97,True,,2026-08-20
Ziziphus sativa,Ziziphus jujuba,3039423,Ziziphus,Rhamnaceae,Rosales,Magnoliopsida,Tracheophyta,Plantae,SYNONYM,EXACT,98,True,,2026-08-20
Ziziphus spina-christi,Ziziphus spina-christi,8228089,Ziziphus,Rhamnaceae,Rosales,Magnoliopsida,Tracheophyta,Plantae,ACCEPTED,EXACT,97,True,,2026-08-20
Zostera marina,Zostera marina,2863967,Zostera,Zosteraceae,Alismatales,Liliopsida,Tracheophyta,Plantae,ACCEPTED,EXACT,98,True,,2026-08-20
Zygophyllum qatarense,Tetraena hamiensis,9562766,Tetraena,Zygophyllaceae,Zygophyllales,Magnoliopsida,Tracheophyta,Plantae,SYNONYM,EXACT,98,True,,2026-08-20
