raw_name,accepted_name,gbif_key,genus,family,order,class,phylum,kingdom,status,match_type,confidence,ok,reason,retrieved_at
Abies alba,Abies alba,2685484,Abies,Pinaceae,Pinales,Pinopsida,Tracheophyta,Plantae,ACCEPTED,EXACT,97,True,,2026-08-20
Abies balsamea,Abies balsamea,2685383,Abies,Pinaceae,Pinales,Pinopsida,Tracheophyta,Plantae,ACCEPTED,EXACT,99,True,,2026-08-20
Abies pectinata,,,Abies,Pinaceae,Pinales,,,Plantae,,HIGHERRANK,0,False,no_match:HIGHERRANK|genus_fallback,2026-08-20
Abies sibirica,Abies sibirica,2685654,Abies,Pinaceae,Pinales,Pinopsida,Tracheophyta,Plantae,ACCEPTED,EXACT,97,True,,2026-08-20
Abrus precatorius,Abrus precatorius,5348711,Abrus,Fabaceae,Fabales,Magnoliopsida,Tracheophyta,Plantae,ACCEPTED,EXACT,97,True,,2026-08-20
Acacia arabica,Vachellia nilotica,3974744,Vachellia,Fabaceae,Fabales,Magnoliopsida,Tracheophyta,Plantae,SYNONYM,EXACT,98,True,,2026-08-20
Acacia catechu,,,Acacia,Fabaceae,Fabales,,,Plantae,,HIGHERRANK,0,False,no_match:HIGHERRANK|genus_fallback,2026-08-20
Acacia concinna,,,Acacia,Fabaceae,Fabales,,,Plantae,,HIGHERRANK,0,False,no_match:HIGHERRANK|genus_fallback,2026-08-20
Acacia dealbata,Acacia dealbata,2979474,Acacia,Fabaceae,Fabales,Magnoliopsida,Tracheophyta,Plantae,ACCEPTED,EXACT,97,True,,2026-08-20
Acacia decurrens,Acacia decurrens,2979778,Acacia,Fabaceae,Fabales,Magnoliopsida,Tracheophyta,Plantae,ACCEPTED,EXACT,99,True,,2026-08-20
Acacia farnesiana,Vachellia farnesiana,2979265,Vachellia,Fabaceae,Fabales,Magnoliopsida,Tracheophyta,Plantae,SYNONYM,EXACT,97,True,,2026-08-20
Acacia mearnsii,Acacia mearnsii,2979775,Acacia,Fabaceae,Fabales,Magnoliopsida,Tracheophyta,Plantae,ACCEPTED,EXACT,98,True,,2026-08-20
Acacia senegal,Senegalia senegal,3977346,Senegalia,Fabaceae,Fabales,Magnoliopsida,Tracheophyta,Plantae,SYNONYM,EXACT,98,True,,2026-08-20
Acacia victoriae,Acacia victoriae,2979105,Acacia,Fabaceae,Fabales,Magnoliopsida,Tracheophyta,Plantae,ACCEPTED,EXACT,99,True,,2026-08-20
Acanthopanax senticosus,Eleutherococcus senticosus,3035369,Eleutherococcus,Araliaceae,Apiales,Magnoliopsida,Tracheophyta,Plantae,SYNONYM,EXACT,98,True,,2026-08-20
Acanthus mollis,Acanthus mollis,5415455,Acanthus,Acanthaceae,Lamiales,Magnoliopsida,Tracheophyta,Plantae,ACCEPTED,EXACT,97,True,,2026-08-20
Acer campestre,Acer campestre,3189863,Acer,Sapindaceae,Sapindales,Magnoliopsida,Tracheophyta,Plantae,ACCEPTED,EXACT,99,True,,2026-08-20
Acer saccharum,Acer saccharum,3189859,Acer,Sapindaceae,Sapindales,Magnoliopsida,Tracheophyta,Plantae,ACCEPTED,EXACT,99,True,,2026-08-20
Achillea millefolium,Achillea millefolium,3120060,Achillea,Asteraceae,Asterales,Magnoliopsida,Tracheophyta,Plantae,ACCEPTED,EXACT,98,True,,2026-08-20
Achras sapota,Manilkara zapota,2885158,Manilkara,Sapotaceae,Ericales,Magnoliopsida,Tracheophyta,Plantae,SYNONYM,EXACT,98,True,,2026-08-20
Achyrocline satureioides,Achyrocline satureioides,3139534,Achyrocline,Asteraceae,Asterales,Magnoliopsida,Tracheophyta,Plantae,ACCEPTED,EXACT,97,True,,2026-08-20
Acorus calamus,Acorus calamus,2873769,Acorus,Acoraceae,Acorales,Liliopsida,Tracheophyta,Plantae,ACCEPTED,EXACT,99,True,,2026-08-20
Acorus gramineus,Acorus gramineus,2873807,Acorus,Acoraceae,Acorales,Liliopsida,Tracheophyta,Plantae,ACCEPTED,EXACT,98,True,,2026-08-20
Acronychia acidula,Acronychia acidula,7667721,Acronychia,Rutaceae,Sapindales,Magnoliopsida,Tracheophyta,Plantae,ACCEPTED,EXACT,99,True,,2026-08-20
Actinidia chinensis,Actinidia chinensis,3189694,Actinidia,Actinidiaceae,Ericales,Magnoliopsida,Tracheophyta,Plantae,ACCEPTED,EXACT,99,True,,2026-08-20
Actinotus helianthi,Actinotus helianthi,5538649,Actinotus,Apiaceae,Apiales,Magnoliopsida,Tracheophyta,Plantae,ACCEPTED,EXACT,99,True,,2026-08-20
Adansonia digitata,Adansonia digitata,5406695,Adansonia,Malvaceae,Malvales,Magnoliopsida,Tracheophyta,Plantae,ACCEPTED,EXACT,99,True,,2026-08-20
Adiantum capillus,Adiantum capillus,11072362,Adiantum,Pteridaceae,Polypodiales,Polypodiopsida,Tracheophyta,Plantae,ACCEPTED,EXACT,97,True,,2026-08-20
Adiantum pedatum,Adiantum pedatum,2651832,Adiantum,Pteridaceae,Polypodiales,Polypodiopsida,Tracheophyta,Plantae,ACCEPTED,EXACT,97,True,,2026-08-20
Aegle marmelos,Aegle marmelos,5421195,Aegle,Rutaceae,Sapindales,Magnoliopsida,Tracheophyta,Plantae,ACCEPTED,EXACT,97,True,,2026-08-20
Aegopodium podagraria,Aegopodium podagraria,3034620,Aegopodium,Apiaceae,Apiales,Magnoliopsida,Tracheophyta,Plantae,ACCEPTED,EXACT,99,True,,2026-08-20
Aesculus hippocastanum,Aesculus hippocastanum,3189815,Aesculus,Sapindaceae,Sapindales,Magnoliopsida,Tracheophyta,Plantae,ACCEPTED,EXACT,99,True,,2026-08-20
Aframomum melegueta,Aframomum melegueta,2758930,Aframomum,Zingiberaceae,Zingiberales,Liliopsida,Tracheophyta,Plantae,ACCEPTED,EXACT,99,True,,2026-08-20
Agaricus bisporus,Agaricus bisporus,5243447,Agaricus,Agaricaceae,Agaricales,Agaricomycetes,Basidiomycota,Fungi,ACCEPTED,EXACT,97,True,,2026-08-20
Agarose is,,,,,,,,,,NONE,0,False,no_match:NONE,2026-08-20
Agastache rugosa,Agastache rugosa,7307327,Agastache,Lamiaceae,Lamiales,Magnoliopsida,Tracheophyta,Plantae,ACCEPTED,EXACT,99,True,,2026-08-20
Agave americana,Agave americana,2767031,Agave,Asparagaceae,Asparagales,Liliopsida,Tracheophyta,Plantae,ACCEPTED,EXACT,99,True,,2026-08-20
Agave rigida,Agave angustifolia,7331215,Agave,Asparagaceae,Asparagales,Liliopsida,Tracheophyta,Plantae,SYNONYM,EXACT,98,True,,2026-08-20
Ageratum conyzoides,Ageratum conyzoides,5401673,Ageratum,Asteraceae,Asterales,Magnoliopsida,Tracheophyta,Plantae,ACCEPTED,EXACT,97,True,,2026-08-20
Agrimonia eupatoria,Agrimonia eupatoria,3001956,Agrimonia,Rosaceae,Rosales,Magnoliopsida,Tracheophyta,Plantae,ACCEPTED,EXACT,98,True,,2026-08-20
Agropyron repens,Elymus repens,5290299,Elymus,Poaceae,Poales,Liliopsida,Tracheophyta,Plantae,SYNONYM,EXACT,98,True,,2026-08-20
Ailanthus altissima,Ailanthus altissima,3190653,Ailanthus,Simaroubaceae,Sapindales,Magnoliopsida,Tracheophyta,Plantae,ACCEPTED,EXACT,99,True,,2026-08-20
Ajuga reptans,Ajuga reptans,2927078,Ajuga,Lamiaceae,Lamiales,Magnoliopsida,Tracheophyta,Plantae,ACCEPTED,EXACT,99,True,,2026-08-20
Albizia julibrissin,Albizia julibrissin,2972983,Albizia,Fabaceae,Fabales,Magnoliopsida,Tracheophyta,Plantae,ACCEPTED,EXACT,97,True,,2026-08-20
Alchemilla alpina,Alchemilla alpina,3027648,Alchemilla,Rosaceae,Rosales,Magnoliopsida,Tracheophyta,Plantae,ACCEPTED,EXACT,97,True,,2026-08-20
Alchemilla vulgaris,Alchemilla vulgaris,7890713,Alchemilla,Rosaceae,Rosales,Magnoliopsida,Tracheophyta,Plantae,ACCEPTED,EXACT,97,True,,2026-08-20
Alisma orientale,Alisma plantago-aquatica,2865101,Alisma,Alismataceae,Alismatales,Liliopsida,Tracheophyta,Plantae,SYNONYM,EXACT,98,True,,2026-08-20
Alisma plantago,Alisma plantago-aquatica,2865100,Alisma,Alismataceae,Alismatales,Liliopsida,Tracheophyta,Plantae,SYNONYM,EXACT,97,True,,2026-08-20
Alkanna tinctoria,Alkanna tinctoria,5341257,Alkanna,Boraginaceae,Boraginales,Magnoliopsida,Tracheophyta,Plantae,ACCEPTED,EXACT,97,True,,2026-08-20
Allium cepa,Allium cepa,2857697,Allium,Amaryllidaceae,Asparagales,Liliopsida,Tracheophyta,Plantae,ACCEPTED,EXACT,99,True,,2026-08-20
Allium fistulosum,Allium fistulosum,2856504,Allium,Amaryllidaceae,Asparagales,Liliopsida,Tracheophyta,Plantae,ACCEPTED,EXACT,99,True,,2026-08-20
Allium porrum,,,Allium,Amaryllidaceae,Asparagales,,,Plantae,,HIGHERRANK,0,False,no_match:HIGHERRANK|genus_fallback,2026-08-20
Allium sativum,Allium sativum,2856681,Allium,Amaryllidaceae,Asparagales,Liliopsida,Tracheophyta,Plantae,ACCEPTED,EXACT,99,True,,2026-08-20
Allium ursinum,Allium ursinum,2857601,Allium,Amaryllidaceae,Asparagales,Liliopsida,Tracheophyta,Plantae,ACCEPTED,EXACT,99,True,,2026-08-20
Allium victorialis,Allium victorialis,2857132,Allium,Amaryllidaceae,Asparagales,Liliopsida,Tracheophyta,Plantae,ACCEPTED,EXACT,99,True,,2026-08-20
Alnus firmifolia,Alnus jorullensis,5939252,Alnus,Betulaceae,Fagales,Magnoliopsida,Tracheophyta,Plantae,SYNONYM,EXACT,98,True,,2026-08-20
Aloe arborescens,Aloe arborescens,2777537,Aloe,Asphodelaceae,Asparagales,Liliopsida,Tracheophyta,Plantae,ACCEPTED,EXACT,99,True,,2026-08-20
Aloe barbadensis,Aloe vera,2777724,Aloe,Asphodelaceae,Asparagales,Liliopsida,Tracheophyta,Plantae,SYNONYM,EXACT,98,True,,2026-08-20
Aloe ferox,Aloe ferox,2777789,Aloe,Asphodelaceae,Asparagales,Liliopsida,Tracheophyta,Plantae,ACCEPTED,EXACT,99,True,,2026-08-20
Aloe spp,,,Aloe,Asphodelaceae,Asparagales,,,Plantae,,HIGHERRANK,0,False,no_match:HIGHERRANK|genus_fallback,2026-08-20
Alpinia calcarata,Alpinia calcarata,5302054,Alpinia,Zingiberaceae,Zingiberales,Liliopsida,Tracheophyta,Plantae,ACCEPTED,EXACT,99,True,,2026-08-20
Alpinia galanga,Alpinia galanga,5302225,Alpinia,Zingiberaceae,Zingiberales,Liliopsida,Tracheophyta,Plantae,ACCEPTED,EXACT,99,True,,2026-08-20
Alpinia officinarum,Alpinia officinarum,5302199,Alpinia,Zingiberaceae,Zingiberales,Liliopsida,Tracheophyta,Plantae,ACCEPTED,EXACT,99,True,,2026-08-20
Alstonia scholaris,Alstonia scholaris,5414410,Alstonia,Apocynaceae,Gentianales,Magnoliopsida,Tracheophyta,Plantae,ACCEPTED,EXACT,99,True,,2026-08-20
Althaea officinalis,Althaea officinalis,3152520,Althaea,Malvaceae,Malvales,Magnoliopsida,Tracheophyta,Plantae,ACCEPTED,EXACT,99,True,,2026-08-20
Althaea rosea,Althaea rosea,7786241,Althaea,Malvaceae,Malvales,Magnoliopsida,Tracheophyta,Plantae,ACCEPTED,EXACT,97,True,,2026-08-20
Amaranthus caudatus,Amaranthus caudatus,6109611,Amaranthus,Amaranthaceae,Caryophyllales,Magnoliopsida,Tracheophyta,Plantae,ACCEPTED,EXACT,97,True,,2026-08-20
Amaranthus hypochondriacus,Amaranthus hypochondriacus,9080185,Amaranthus,Amaranthaceae,Caryophyllales,Magnoliopsida,Tracheophyta,Plantae,ACCEPTED,EXACT,99,True,,2026-08-20
Amburana cearensis,Amburana cearensis,2945821,Amburana,Fabaceae,Fabales,Magnoliopsida,Tracheophyta,Plantae,ACCEPTED,EXACT,99,True,,2026-08-20
Amomum aromaticum,Wurfbainia aromatica,10958923,Wurfbainia,Zingiberaceae,Zingiberales,Liliopsida,Tracheophyta,Plantae,SYNONYM,EXACT,98,True,,2026-08-20
Amomum subulatum,Amomum subulatum,5301632,Amomum,Zingiberaceae,Zingiberales,Liliopsida,Tracheophyta,Plantae,ACCEPTED,EXACT,99,True,,2026-08-20
Amorphophallus campanulatus,Amorphophallus paeoniifolius,2871533,Amorphophallus,Araceae,Alismatales,Liliopsida,Tracheophyta,Plantae,SYNONYM,EXACT,98,True,,2026-08-20
Amorphophallus konjac,Amorphophallus konjac,2871520,Amorphophallus,Araceae,Alismatales,Liliopsida,Tracheophyta,Plantae,ACCEPTED,EXACT,98,True,,2026-08-20
Amyris balsamifera,Amyris balsamifera,5421190,Amyris,Rutaceae,Sapindales,Magnoliopsida,Tracheophyta,Plantae,ACCEPTED,EXACT,99,True,,2026-08-20
Anacardium occidentale,Anacardium occidentale,5421368,Anacardium,Anacardiaceae,Sapindales,Magnoliopsida,Tracheophyta,Plantae,ACCEPTED,EXACT,98,True,,2026-08-20
Anacyclus pyrethrum,Anacyclus pyrethrum,3148578,Anacyclus,Asteraceae,Asterales,Magnoliopsida,Tracheophyta,Plantae,ACCEPTED,EXACT,97,True,,2026-08-20
Andrographis paniculata,Andrographis paniculata,3173178,Andrographis,Acanthaceae,Lamiales,Magnoliopsida,Tracheophyta,Plantae,ACCEPTED,EXACT,98,True,,2026-08-20
Anethum graveolens,Anethum graveolens,3034646,Anethum,Apiaceae,Apiales,Magnoliopsida,Tracheophyta,Plantae,ACCEPTED,EXACT,97,True,,2026-08-20
Anethum sowa,Anethum sowa,3631014,Anethum,Apiaceae,Apiales,Magnoliopsida,Tracheophyta,Plantae,ACCEPTED,EXACT,97,True,,2026-08-20
Angelica acutiloba,Angelica acutiloba,5537879,Angelica,Apiaceae,Apiales,Magnoliopsida,Tracheophyta,Plantae,ACCEPTED,EXACT,99,True,,2026-08-20
Angelica archangelica,Angelica archangelica,5371808,Angelica,Apiaceae,Apiales,Magnoliopsida,Tracheophyta,Plantae,ACCEPTED,EXACT,99,True,,2026-08-20
Angelica japonica,Angelica japonica,6026374,Angelica,Apiaceae,Apiales,Magnoliopsida,Tracheophyta,Plantae,ACCEPTED,EXACT,99,True,,2026-08-20
Angelica sinensis,Angelica sinensis,6027415,Angelica,Apiaceae,Apiales,Magnoliopsida,Tracheophyta,Plantae,ACCEPTED,EXACT,99,True,,2026-08-20
Aniba rosaeodora,Aniba rosaeodora,7304518,Aniba,Lauraceae,Laurales,Magnoliopsida,Tracheophyta,Plantae,ACCEPTED,EXACT,99,True,,2026-08-20
Anigozanthos flavidus,Anigozanthos flavidus,8193234,Anigozanthos,Haemodoraceae,Commelinales,Liliopsida,Tracheophyta,Plantae,ACCEPTED,EXACT,98,True,,2026-08-20
Annona cherimola,Annona cherimola,5407147,Annona,Annonaceae,Magnoliales,Magnoliopsida,Tracheophyta,Plantae,ACCEPTED,EXACT,99,True,,2026-08-20
Annona muricata,Annona muricata,5407273,Annona,Annonaceae,Magnoliales,Magnoliopsida,Tracheophyta,Plantae,ACCEPTED,EXACT,97,True,,2026-08-20
Anogeissus latifolia,Terminalia anogeissiana,9256805,Terminalia,Combretaceae,Myrtales,Magnoliopsida,Tracheophyta,Plantae,SYNONYM,EXACT,97,True,,2026-08-20
Anthemis nobilis,Chamaemelum nobile,5391599,Chamaemelum,Asteraceae,Asterales,Magnoliopsida,Tracheophyta,Plantae,SYNONYM,EXACT,98,True,,2026-08-20
Anthoxanthum odoratum,Anthoxanthum odoratum,2705975,Anthoxanthum,Poaceae,Poales,Liliopsida,Tracheophyta,Plantae,ACCEPTED,EXACT,99,True,,2026-08-20
Anthriscus cerefolium,Anthriscus cerefolium,5371746,Anthriscus,Apiaceae,Apiales,Magnoliopsida,Tracheophyta,Plantae,ACCEPTED,EXACT,99,True,,2026-08-20
Anthriscus sylvestris,Anthriscus sylvestris,5371742,Anthriscus,Apiaceae,Apiales,Magnoliopsida,Tracheophyta,Plantae,ACCEPTED,EXACT,99,True,,2026-08-20
Anthyllis vulneraria,Anthyllis vulneraria,5352367,Anthyllis,Fabaceae,Fabales,Magnoliopsida,Tracheophyta,Plantae,ACCEPTED,EXACT,97,True,,2026-08-20
Apium graveolens,Apium graveolens,5371879,Apium,Apiaceae,Apiales,Magnoliopsida,Tracheophyta,Plantae,ACCEPTED,EXACT,97,True,,2026-08-20
Aquilaria agallocha,Aquilaria agallocha,5524192,Aquilaria,Thymelaeaceae,Malvales,Magnoliopsida,Tracheophyta,Plantae,ACCEPTED,EXACT,97,True,,2026-08-20
Arachis hypogaea,Arachis hypogaea,5353770,Arachis,Fabaceae,Fabales,Magnoliopsida,Tracheophyta,Plantae,ACCEPTED,EXACT,99,True,,2026-08-20
Aralia nudicaulis,Aralia nudicaulis,3037021,Aralia,Araliaceae,Apiales,Magnoliopsida,Tracheophyta,Plantae,ACCEPTED,EXACT,97,True,,2026-08-20
Aralia racemosa,Aralia racemosa,3036958,Aralia,Araliaceae,Apiales,Magnoliopsida,Tracheophyta,Plantae,ACCEPTED,EXACT,99,True,,2026-08-20
Araucaria angustifolia,Araucaria angustifolia,2684940,Araucaria,Araucariaceae,Pinales,Pinopsida,Tracheophyta,Plantae,ACCEPTED,EXACT,97,True,,2026-08-20
Arbutus unedo,Arbutus unedo,2882803,Arbutus,Ericaceae,Ericales,Magnoliopsida,Tracheophyta,Plantae,ACCEPTED,EXACT,99,True,,2026-08-20
Arctium lappa,Arctium lappa,7353729,Arctium,Asteraceae,Asterales,Magnoliopsida,Tracheophyta,Plantae,ACCEPTED,EXACT,97,True,,2026-08-20
Arctium majus,Arctium lappa,7223163,Arctium,Asteraceae,Asterales,Magnoliopsida,Tracheophyta,Plantae,SYNONYM,EXACT,98,True,,2026-08-20
Arctium minus,Arctium minus,5393103,Arctium,Asteraceae,Asterales,Magnoliopsida,Tracheophyta,Plantae,ACCEPTED,EXACT,98,True,,2026-08-20
Arctostaphylos uva-ursi,Arctostaphylos uva-ursi,2882580,Arctostaphylos,Ericaceae,Ericales,Magnoliopsida,Tracheophyta,Plantae,ACCEPTED,EXACT,99,True,,2026-08-20
Areca catechu,Areca catechu,2736531,Areca,Arecaceae,Arecales,Liliopsida,Tracheophyta,Plantae,ACCEPTED,EXACT,99,True,,2026-08-20
Argania spinosa,Sideroxylon spinosum,2886244,Sideroxylon,Sapotaceae,Ericales,Magnoliopsida,Tracheophyta,Plantae,SYNONYM,EXACT,98,True,,2026-08-20
Argemone mexicana,Argemone mexicana,2888485,Argemone,Papaveraceae,Ranunculales,Magnoliopsida,Tracheophyta,Plantae,ACCEPTED,EXACT,99,True,,2026-08-20
Armeria maritima,Armeria maritima,8930531,Armeria,Plumbaginaceae,Caryophyllales,Magnoliopsida,Tracheophyta,Plantae,ACCEPTED,EXACT,97,True,,2026-08-20
Arnica chamissonis,Arnica chamissonis,5405938,Arnica,Asteraceae,Asterales,Magnoliopsida,Tracheophyta,Plantae,ACCEPTED,EXACT,99,True,,2026-08-20
Arnica montana,Arnica montana,5405976,Arnica,Asteraceae,Asterales,Magnoliopsida,Tracheophyta,Plantae,ACCEPTED,EXACT,97,True,,2026-08-20
Artemisia abrotanum,Artemisia abrotanum,8042568,Artemisia,Asteraceae,Asterales,Magnoliopsida,Tracheophyta,Plantae,ACCEPTED,EXACT,97,True,,2026-08-20
Artemisia absinthium,Artemisia absinthium,3121319,Artemisia,Asteraceae,Asterales,Magnoliopsida,Tracheophyta,Plantae,ACCEPTED,EXACT,99,True,,2026-08-20
Artemisia annua,Artemisia annua,8373355,Artemisia,Asteraceae,Asterales,Magnoliopsida,Tracheophyta,Plantae,ACCEPTED,EXACT,97,True,,2026-08-20
Artemisia arborescens,Artemisia arborescens,3120677,Artemisia,Asteraceae,Asterales,Magnoliopsida,Tracheophyta,Plantae,ACCEPTED,EXACT,99,True,,2026-08-20
Artemisia asiatica,,,Artemisia,Asteraceae,Asterales,,,Plantae,,HIGHERRANK,0,False,no_match:HIGHERRANK|genus_fallback,2026-08-20
Artemisia capillaris,Artemisia capillaris,3120722,Artemisia,Asteraceae,Asterales,Magnoliopsida,Tracheophyta,Plantae,ACCEPTED,EXACT,97,True,,2026-08-20
Artemisia dracunculus,Artemisia dracunculus,3121581,Artemisia,Asteraceae,Asterales,Magnoliopsida,Tracheophyta,Plantae,ACCEPTED,EXACT,97,True,,2026-08-20
Artemisia glacialis,Artemisia glacialis,8102092,Artemisia,Asteraceae,Asterales,Magnoliopsida,Tracheophyta,Plantae,ACCEPTED,EXACT,97,True,,2026-08-20
Artemisia herba-alba,Artemisia herba-alba,3120848,Artemisia,Asteraceae,Asterales,Magnoliopsida,Tracheophyta,Plantae,ACCEPTED,EXACT,97,True,,2026-08-20
Artemisia maritima,Artemisia maritima,3121650,Artemisia,Asteraceae,Asterales,Magnoliopsida,Tracheophyta,Plantae,ACCEPTED,EXACT,97,True,,2026-08-20
Artemisia pallens,Artemisia pallens,9214325,Artemisia,Asteraceae,Asterales,Magnoliopsida,Tracheophyta,Plantae,ACCEPTED,EXACT,97,True,,2026-08-20
Artemisia princeps,Artemisia princeps,3121258,Artemisia,Asteraceae,Asterales,Magnoliopsida,Tracheophyta,Plantae,ACCEPTED,EXACT,99,True,,2026-08-20
Artemisia umbelliformis,Artemisia umbelliformis,8981321,Artemisia,Asteraceae,Asterales,Magnoliopsida,Tracheophyta,Plantae,ACCEPTED,EXACT,97,True,,2026-08-20
Artemisia vulgaris,Artemisia vulgaris,3120946,Artemisia,Asteraceae,Asterales,Magnoliopsida,Tracheophyta,Plantae,ACCEPTED,EXACT,97,True,,2026-08-20
Artocarpus heterophyllus,Artocarpus heterophyllus,2984565,Artocarpus,Moraceae,Rosales,Magnoliopsida,Tracheophyta,Plantae,ACCEPTED,EXACT,99,True,,2026-08-20
Ascophyllum nodosum,Ascophyllum nodosum,3196524,Ascophyllum,Fucaceae,Fucales,Phaeophyceae,Ochrophyta,Chromista,ACCEPTED,EXACT,98,True,,2026-08-20
Asimina triloba,Asimina triloba,3158040,Asimina,Annonaceae,Magnoliales,Magnoliopsida,Tracheophyta,Plantae,ACCEPTED,EXACT,97,True,,2026-08-20
Asparagopsis armata,Asparagopsis armata,5279840,Asparagopsis,Bonnemaisoniaceae,Bonnemaisoniales,Florideophyceae,Rhodophyta,Plantae,ACCEPTED,EXACT,99,True,,2026-08-20
Asparagus officinalis,Asparagus officinalis,2768885,Asparagus,Asparagaceae,Asparagales,Liliopsida,Tracheophyta,Plantae,ACCEPTED,EXACT,98,True,,2026-08-20
Asperula odorata,Galium odoratum,2914642,Galium,Rubiaceae,Gentianales,Magnoliopsida,Tracheophyta,Plantae,SYNONYM,EXACT,98,True,,2026-08-20
Aster tripolium,,,,,,,,,,HIGHERRANK,0,False,no_match:HIGHERRANK,2026-08-20
Astragalus gummifer,Astragalus gummifer,5352898,Astragalus,Fabaceae,Fabales,Magnoliopsida,Tracheophyta,Plantae,ACCEPTED,EXACT,99,True,,2026-08-20
Astragalus membranaceus,,,,,,,,,,HIGHERRANK,0,False,no_match:HIGHERRANK,2026-08-20
Astragalus sinicus,Astragalus sinicus,5345082,Astragalus,Fabaceae,Fabales,Magnoliopsida,Tracheophyta,Plantae,ACCEPTED,EXACT,97,True,,2026-08-20
Astrocaryum murumuru,Astrocaryum murumuru,2738081,Astrocaryum,Arecaceae,Arecales,Liliopsida,Tracheophyta,Plantae,ACCEPTED,EXACT,98,True,,2026-08-20
Astrocaryum tucuma,Astrocaryum tucuma,2738074,Astrocaryum,Arecaceae,Arecales,Liliopsida,Tracheophyta,Plantae,ACCEPTED,EXACT,99,True,,2026-08-20
Astrocaryum vulgare,Astrocaryum vulgare,2738076,Astrocaryum,Arecaceae,Arecales,Liliopsida,Tracheophyta,Plantae,ACCEPTED,EXACT,99,True,,2026-08-20
Atriplex nummularia,Atriplex nummularia,3083652,Atriplex,Amaranthaceae,Caryophyllales,Magnoliopsida,Tracheophyta,Plantae,ACCEPTED,EXACT,99,True,,2026-08-20
Avena sativa,Avena sativa,2705290,Avena,Poaceae,Poales,Liliopsida,Tracheophyta,Plantae,ACCEPTED,EXACT,99,True,,2026-08-20
Averrhoa carambola,Averrhoa carambola,2891641,Averrhoa,Oxalidaceae,Oxalidales,Magnoliopsida,Tracheophyta,Plantae,ACCEPTED,EXACT,99,True,,2026-08-20
Azadirachta indica,Azadirachta indica,3190474,Azadirachta,Meliaceae,Sapindales,Magnoliopsida,Tracheophyta,Plantae,ACCEPTED,EXACT,99,True,,2026-08-20
Baccharis dracunculifolia,Baccharis dracunculifolia,3129176,Baccharis,Asteraceae,Asterales,Magnoliopsida,Tracheophyta,Plantae,ACCEPTED,EXACT,99,True,,2026-08-20
Baccharis genistelloides,Baccharis genistelloides,3129545,Baccharis,Asteraceae,Asterales,Magnoliopsida,Tracheophyta,Plantae,ACCEPTED,EXACT,97,True,,2026-08-20
Backhousia citriodora,Backhousia citriodora,3185109,Backhousia,Myrtaceae,Myrtales,Magnoliopsida,Tracheophyta,Plantae,ACCEPTED,EXACT,99,True,,2026-08-20
Bambusa arundinacea,Bambusa arundinacea,8234573,Bambusa,Poaceae,Poales,Liliopsida,Tracheophyta,Plantae,ACCEPTED,EXACT,97,True,,2026-08-20
Bambusa vulgaris,Bambusa vulgaris,7661971,Bambusa,Poaceae,Poales,Liliopsida,Tracheophyta,Plantae,ACCEPTED,EXACT,97,True,,2026-08-20
Banksia serrata,Banksia serrata,8144360,Banksia,Proteaceae,Proteales,Magnoliopsida,Tracheophyta,Plantae,ACCEPTED,EXACT,97,True,,2026-08-20
Baptisia tinctoria,Baptisia tinctoria,7943262,Baptisia,Fabaceae,Fabales,Magnoliopsida,Tracheophyta,Plantae,ACCEPTED,EXACT,98,True,,2026-08-20
Barklya syringifolia,Barklya syringifolia,2955818,Barklya,Fabaceae,Fabales,Magnoliopsida,Tracheophyta,Plantae,ACCEPTED,EXACT,99,True,,2026-08-20
Barosma betulina,Agathosma betulina,3190125,Agathosma,Rutaceae,Sapindales,Magnoliopsida,Tracheophyta,Plantae,SYNONYM,EXACT,98,True,,2026-08-20
Belamcanda chinensis,Iris domestica,5298546,Iris,Iridaceae,Asparagales,Liliopsida,Tracheophyta,Plantae,SYNONYM,EXACT,97,True,,2026-08-20
Bellis perennis,Bellis perennis,3117424,Bellis,Asteraceae,Asterales,Magnoliopsida,Tracheophyta,Plantae,ACCEPTED,EXACT,99,True,,2026-08-20
Benincasa cerifera,Benincasa hispida,2874524,Benincasa,Cucurbitaceae,Cucurbitales,Magnoliopsida,Tracheophyta,Plantae,SYNONYM,EXACT,98,True,,2026-08-20
Berberis vulgaris,Berberis vulgaris,3033894,Berberis,Berberidaceae,Ranunculales,Magnoliopsida,Tracheophyta,Plantae,ACCEPTED,EXACT,98,True,,2026-08-20
Bergenia ligulata,Bergenia pacumbis,5567668,Bergenia,Saxifragaceae,Saxifragales,Magnoliopsida,Tracheophyta,Plantae,SYNONYM,EXACT,98,True,,2026-08-20
Bertholletia excelsa,Bertholletia excelsa,3083180,Bertholletia,Lecythidaceae,Ericales,Magnoliopsida,Tracheophyta,Plantae,ACCEPTED,EXACT,97,True,,2026-08-20
Beta vulgaris,Beta vulgaris,8971274,Beta,Amaranthaceae,Caryophyllales,Magnoliopsida,Tracheophyta,Plantae,ACCEPTED,EXACT,99,True,,2026-08-20
Betula alba,Betula pubescens,7226602,Betula,Betulaceae,Fagales,Magnoliopsida,Tracheophyta,Plantae,SYNONYM,EXACT,98,True,,2026-08-20
Betula lenta,Betula lenta,5331709,Betula,Betulaceae,Fagales,Magnoliopsida,Tracheophyta,Plantae,ACCEPTED,EXACT,97,True,,2026-08-20
Betula pendula,Betula pendula,5331916,Betula,Betulaceae,Fagales,Magnoliopsida,Tracheophyta,Plantae,ACCEPTED,EXACT,99,True,,2026-08-20
Betula platyphylla,Betula pendula,8245043,Betula,Betulaceae,Fagales,Magnoliopsida,Tracheophyta,Plantae,SYNONYM,EXACT,98,True,,2026-08-20
Betula pubescens,Betula pubescens,9118014,Betula,Betulaceae,Fagales,Magnoliopsida,Tracheophyta,Plantae,ACCEPTED,EXACT,99,True,,2026-08-20
Bixa orellana,Bixa orellana,2874863,Bixa,Bixaceae,Malvales,Magnoliopsida,Tracheophyta,Plantae,ACCEPTED,EXACT,99,True,,2026-08-20
Bletia hyacinthina,Bletia hyacinthina,8014057,Bletia,Orchidaceae,Asparagales,Liliopsida,Tracheophyta,Plantae,ACCEPTED,EXACT,97,True,,2026-08-20
Boletus edulis,Boletus edulis,5954958,Boletus,Boletaceae,Boletales,Agaricomycetes,Basidiomycota,Fungi,ACCEPTED,EXACT,97,True,,2026-08-20
Bombax malabaricum,Bombax ceiba,3152226,Bombax,Malvaceae,Malvales,Magnoliopsida,Tracheophyta,Plantae,SYNONYM,EXACT,98,True,,2026-08-20
Borago officinalis,Borago officinalis,2926110,Borago,Boraginaceae,Boraginales,Magnoliopsida,Tracheophyta,Plantae,ACCEPTED,EXACT,99,True,,2026-08-20
Boronia megastigma,Boronia megastigma,3190409,Boronia,Rutaceae,Sapindales,Magnoliopsida,Tracheophyta,Plantae,ACCEPTED,EXACT,97,True,,2026-08-20
Boswellia carterii,Boswellia sacra,8330171,Boswellia,Burseraceae,Sapindales,Magnoliopsida,Tracheophyta,Plantae,SYNONYM,FUZZY,94,True,,2026-08-14
Boswellia sacra,Boswellia sacra,8330171,Boswellia,Burseraceae,Sapindales,Magnoliopsida,Tracheophyta,Plantae,ACCEPTED,EXACT,98,True,,2026-08-14
Boswellia serrata,Boswellia serrata,5421354,Boswellia,Burseraceae,Sapindales,Magnoliopsida,Tracheophyta,Plantae,ACCEPTED,EXACT,98,True,,2026-08-20
Bougainvillea glabra,Bougainvillea glabra,5384862,Bougainvillea,Nyctaginaceae,Caryophyllales,Magnoliopsida,Tracheophyta,Plantae,ACCEPTED,EXACT,98,True,,2026-08-20
Brassica alba,Brassica alba,7691550,Brassica,Brassicaceae,Brassicales,Magnoliopsida,Tracheophyta,Plantae,ACCEPTED,EXACT,97,True,,2026-08-20
Brassica campestris,Brassica campestris,8426995,Brassica,Brassicaceae,Brassicales,Magnoliopsida,Tracheophyta,Plantae,ACCEPTED,EXACT,97,True,,2026-08-20
Brassica juncea,Brassica juncea,3042751,Brassica,Brassicaceae,Brassicales,Magnoliopsida,Tracheophyta,Plantae,ACCEPTED,EXACT,97,True,,2026-08-20
Brassica napus,Brassica napus,3042636,Brassica,Brassicaceae,Brassicales,Magnoliopsida,Tracheophyta,Plantae,ACCEPTED,EXACT,99,True,,2026-08-20
Brassica nigra,Brassica nigra,3042658,Brassica,Brassicaceae,Brassicales,Magnoliopsida,Tracheophyta,Plantae,ACCEPTED,EXACT,98,True,,2026-08-20
Brassica oleracea,Brassica oleracea,3042845,Brassica,Brassicaceae,Brassicales,Magnoliopsida,Tracheophyta,Plantae,ACCEPTED,EXACT,98,True,,2026-08-20
Brassica rapa,Brassica rapa,7903057,Brassica,Brassicaceae,Brassicales,Magnoliopsida,Tracheophyta,Plantae,ACCEPTED,EXACT,97,True,,2026-08-20
Buddleja axillaris,Buddleja axillaris,4055578,Buddleja,Scrophulariaceae,Lamiales,Magnoliopsida,Tracheophyta,Plantae,ACCEPTED,EXACT,98,True,,2026-08-20
Buddleja davidii,Buddleja davidii,3173338,Buddleja,Scrophulariaceae,Lamiales,Magnoliopsida,Tracheophyta,Plantae,ACCEPTED,EXACT,99,True,,2026-08-20
Bulnesia sarmientoi,Gonopterodendron sarmientoi,10172515,Gonopterodendron,Zygophyllaceae,Zygophyllales,Magnoliopsida,Tracheophyta,Plantae,SYNONYM,EXACT,97,True,,2026-08-20
Bupleurum chinense,Bupleurum chinense,6027145,Bupleurum,Apiaceae,Apiales,Magnoliopsida,Tracheophyta,Plantae,ACCEPTED,EXACT,97,True,,2026-08-20
Bupleurum falcatum,Bupleurum falcatum,6027105,Bupleurum,Apiaceae,Apiales,Magnoliopsida,Tracheophyta,Plantae,ACCEPTED,EXACT,98,True,,2026-08-20
Bursera fagaroides,Bursera fagaroides,3190449,Bursera,Burseraceae,Sapindales,Magnoliopsida,Tracheophyta,Plantae,ACCEPTED,EXACT,99,True,,2026-08-20
Butea frondosa,Butea frondosa,7677617,Butea,Fabaceae,Fabales,Magnoliopsida,Tracheophyta,Plantae,ACCEPTED,EXACT,97,True,,2026-08-20
Butyrospermum parkii,Vitellaria paradoxa,7065379,Vitellaria,Sapotaceae,Ericales,Magnoliopsida,Tracheophyta,Plantae,SYNONYM,EXACT,98,True,,2026-08-20
Buxus sempervirens,Buxus sempervirens,2984671,Buxus,Buxaceae,Buxales,Magnoliopsida,Tracheophyta,Plantae,ACCEPTED,EXACT,97,True,,2026-08-20
Caesalpinia echinata,Paubrasilia echinata,9119360,Paubrasilia,Fabaceae,Fabales,Magnoliopsida,Tracheophyta,Plantae,SYNONYM,EXACT,98,True,,2026-08-20
Caesalpinia sappan,Biancaea sappan,2958871,Biancaea,Fabaceae,Fabales,Magnoliopsida,Tracheophyta,Plantae,SYNONYM,EXACT,98,True,,2026-08-20
Caesalpinia spinosa,Tara spinosa,5354727,Tara,Fabaceae,Fabales,Magnoliopsida,Tracheophyta,Plantae,SYNONYM,EXACT,98,True,,2026-08-20
Cakile maritima,Cakile maritima,3048831,Cakile,Brassicaceae,Brassicales,Magnoliopsida,Tracheophyta,Plantae,ACCEPTED,EXACT,99,True,,2026-08-20
Calamintha officinalis,Clinopodium nepeta,7757431,Clinopodium,Lamiaceae,Lamiales,Magnoliopsida,Tracheophyta,Plantae,SYNONYM,EXACT,98,True,,2026-08-20
Calendula officinalis,Calendula officinalis,5391480,Calendula,Asteraceae,Asterales,Magnoliopsida,Tracheophyta,Plantae,ACCEPTED,EXACT,98,True,,2026-08-20
Callitris columellaris,Callitris columellaris,2684338,Callitris,Cupressaceae,Pinales,Pinopsida,Tracheophyta,Plantae,ACCEPTED,EXACT,99,True,,2026-08-20
Callitris quadrivalvis,Tetraclinis articulata,2684184,Tetraclinis,Cupressaceae,Pinales,Pinopsida,Tracheophyta,Plantae,SYNONYM,EXACT,97,True,,2026-08-20
Calluna vulgaris,Calluna vulgaris,2882482,Calluna,Ericaceae,Ericales,Magnoliopsida,Tracheophyta,Plantae,ACCEPTED,EXACT,97,True,,2026-08-20
Calophyllum tacamahaca,Calophyllum tacamahaca,7424662,Calophyllum,Calophyllaceae,Malpighiales,Magnoliopsida,Tracheophyta,Plantae,ACCEPTED,EXACT,99,True,,2026-08-20
Camellia chekiangoleosa,Camellia chekiangoleosa,3590904,Camellia,Theaceae,Ericales,Magnoliopsida,Tracheophyta,Plantae,ACCEPTED,EXACT,99,True,,2026-08-20
Camellia japonica,Camellia japonica,3189636,Camellia,Theaceae,Ericales,Magnoliopsida,Tracheophyta,Plantae,ACCEPTED,EXACT,97,True,,2026-08-20
Camellia kissi,Camellia kissii,7979840,Camellia,Theaceae,Ericales,Magnoliopsida,Tracheophyta,Plantae,ACCEPTED,FUZZY,96,True,,2026-08-20
Camellia oleifera,Camellia oleifera,8307542,Camellia,Theaceae,Ericales,Magnoliopsida,Tracheophyta,Plantae,ACCEPTED,EXACT,97,True,,2026-08-20
Camellia sinensis,Camellia sinensis,3189635,Camellia,Theaceae,Ericales,Magnoliopsida,Tracheophyta,Plantae,ACCEPTED,EXACT,99,True,,2026-08-20
Cananga odorata,Cananga odorata,5407583,Cananga,Annonaceae,Magnoliales,Magnoliopsida,Tracheophyta,Plantae,ACCEPTED,EXACT,99,True,,2026-08-20
Canarium commune,,,,,,,,,,HIGHERRANK,0,False,no_match:HIGHERRANK,2026-08-20
Canarium luzonicum,Canarium luzonicum,7445618,Canarium,Burseraceae,Sapindales,Magnoliopsida,Tracheophyta,Plantae,ACCEPTED,EXACT,98,True,,2026-08-20
Canavalia ensiformis,Canavalia ensiformis,7799711,Canavalia,Fabaceae,Fabales,Magnoliopsida,Tracheophyta,Plantae,ACCEPTED,EXACT,97,True,,2026-08-20
Cannabis sativa,Cannabis sativa,5361880,Cannabis,Cannabaceae,Rosales,Magnoliopsida,Tracheophyta,Plantae,ACCEPTED,EXACT,99,True,,2026-08-20
Capparis mitchellii,Capparis mitchellii,5601837,Capparis,Capparaceae,Brassicales,Magnoliopsida,Tracheophyta,Plantae,ACCEPTED,EXACT,99,True,,2026-08-20
Capparis moonii,Capparis moonii,5601822,Capparis,Capparaceae,Brassicales,Magnoliopsida,Tracheophyta,Plantae,ACCEPTED,EXACT,99,True,,2026-08-20
Capparis spinosa,Capparis spinosa,6370689,Capparis,Capparaceae,Brassicales,Magnoliopsida,Tracheophyta,Plantae,ACCEPTED,EXACT,99,True,,2026-08-20
Capsella bursa-pastoris,Capsella bursa-pastoris,5375388,Capsella,Brassicaceae,Brassicales,Magnoliopsida,Tracheophyta,Plantae,ACCEPTED,EXACT,99,True,,2026-08-20
Capsicum annuum,Capsicum annuum,2932944,Capsicum,Solanaceae,Solanales,Magnoliopsida,Tracheophyta,Plantae,ACCEPTED,EXACT,99,True,,2026-08-20
Capsicum frutescens,Capsicum frutescens,8403992,Capsicum,Solanaceae,Solanales,Magnoliopsida,Tracheophyta,Plantae,ACCEPTED,EXACT,97,True,,2026-08-20
Carapa guaianensis,Carapa guianensis,3190513,Carapa,Meliaceae,Sapindales,Magnoliopsida,Tracheophyta,Plantae,ACCEPTED,FUZZY,93,True,,2026-08-20
Carapa procera,Carapa procera,3851350,Carapa,Meliaceae,Sapindales,Magnoliopsida,Tracheophyta,Plantae,ACCEPTED,EXACT,99,True,,2026-08-20
Carbenia benedicta,Centaurea benedicta,3127691,Centaurea,Asteraceae,Asterales,Magnoliopsida,Tracheophyta,Plantae,SYNONYM,EXACT,97,True,,2026-08-20
Cardiospermum halicacabum,Cardiospermum halicacabum,3189939,Cardiospermum,Sapindaceae,Sapindales,Magnoliopsida,Tracheophyta,Plantae,ACCEPTED,EXACT,99,True,,2026-08-20
Carica papaya,Carica papaya,2874484,Carica,Caricaceae,Brassicales,Magnoliopsida,Tracheophyta,Plantae,ACCEPTED,EXACT,99,True,,2026-08-20
Carlina acaulis,Carlina acaulis,3105433,Carlina,Asteraceae,Asterales,Magnoliopsida,Tracheophyta,Plantae,ACCEPTED,EXACT,97,True,,2026-08-20
Carpinus betulus,Carpinus betulus,2875818,Carpinus,Betulaceae,Fagales,Magnoliopsida,Tracheophyta,Plantae,ACCEPTED,EXACT,98,True,,2026-08-20
Carthamus tinctorius,Carthamus tinctorius,3138327,Carthamus,Asteraceae,Asterales,Magnoliopsida,Tracheophyta,Plantae,ACCEPTED,EXACT,99,True,,2026-08-20
Carum carvi,Carum carvi,3034714,Carum,Apiaceae,Apiales,Magnoliopsida,Tracheophyta,Plantae,ACCEPTED,EXACT,99,True,,2026-08-20
Carum copticum,Carum copticum,7741980,Carum,Apiaceae,Apiales,Magnoliopsida,Tracheophyta,Plantae,ACCEPTED,EXACT,97,True,,2026-08-20
Carum petroselinum,Petroselinum crispum,7224069,Petroselinum,Apiaceae,Apiales,Magnoliopsida,Tracheophyta,Plantae,SYNONYM,EXACT,98,True,,2026-08-20
Carya illinoensis,Carya illinoensis,4205617,Carya,Juglandaceae,Fagales,Magnoliopsida,Tracheophyta,Plantae,ACCEPTED,EXACT,99,True,,2026-08-20
Caryocar brasiliense,Caryocar brasiliense,3189663,Caryocar,Caryocaraceae,Malpighiales,Magnoliopsida,Tracheophyta,Plantae,ACCEPTED,EXACT,98,True,,2026-08-20
Casearia sylvestris,Casearia sylvestris,5331148,Casearia,Salicaceae,Malpighiales,Magnoliopsida,Tracheophyta,Plantae,ACCEPTED,EXACT,99,True,,2026-08-20
Cassia alata,Senna alata,2956947,Senna,Fabaceae,Fabales,Magnoliopsida,Tracheophyta,Plantae,SYNONYM,EXACT,98,True,,2026-08-20
Cassia angustifolia,Senna alexandrina,7302622,Senna,Fabaceae,Fabales,Magnoliopsida,Tracheophyta,Plantae,SYNONYM,EXACT,98,True,,2026-08-20
Cassia auriculata,Senna auriculata,2956966,Senna,Fabaceae,Fabales,Magnoliopsida,Tracheophyta,Plantae,SYNONYM,EXACT,98,True,,2026-08-20
Cassia fistula,Cassia fistula,5357108,Cassia,Fabaceae,Fabales,Magnoliopsida,Tracheophyta,Plantae,ACCEPTED,EXACT,97,True,,2026-08-20
Cassia italica,,,,,,,,,,HIGHERRANK,0,False,no_match:HIGHERRANK,2026-08-20
Cassia obtusifolia,Senna obtusifolia,2957408,Senna,Fabaceae,Fabales,Magnoliopsida,Tracheophyta,Plantae,SYNONYM,EXACT,98,True,,2026-08-20
Cassia senna,Senna alexandrina,2958032,Senna,Fabaceae,Fabales,Magnoliopsida,Tracheophyta,Plantae,SYNONYM,EXACT,98,True,,2026-08-20
Castanea sativa,Castanea sativa,5333294,Castanea,Fagaceae,Fagales,Magnoliopsida,Tracheophyta,Plantae,ACCEPTED,EXACT,99,True,,2026-08-20
Catalpa bignonioides,Catalpa bignonioides,3172615,Catalpa,Bignoniaceae,Lamiales,Magnoliopsida,Tracheophyta,Plantae,ACCEPTED,EXACT,99,True,,2026-08-20
Caulerpa taxifolia,Caulerpa taxifolia,2643172,Caulerpa,Caulerpaceae,Bryopsidales,Ulvophyceae,Chlorophyta,Plantae,ACCEPTED,EXACT,99,True,,2026-08-20
Caulophyllum thalictroides,Caulophyllum thalictroides,3033920,Caulophyllum,Berberidaceae,Ranunculales,Magnoliopsida,Tracheophyta,Plantae,ACCEPTED,EXACT,97,True,,2026-08-20
Ceanothus americanus,Ceanothus americanus,3039318,Ceanothus,Rhamnaceae,Rosales,Magnoliopsida,Tracheophyta,Plantae,ACCEPTED,EXACT,98,True,,2026-08-20
Cedrela odorata,Cedrela odorata,3190511,Cedrela,Meliaceae,Sapindales,Magnoliopsida,Tracheophyta,Plantae,ACCEPTED,EXACT,97,True,,2026-08-20
Cedrus atlantica,Cedrus atlantica,5284702,Cedrus,Pinaceae,Pinales,Pinopsida,Tracheophyta,Plantae,ACCEPTED,EXACT,98,True,,2026-08-20
Cedrus deodara,Cedrus deodara,5284698,Cedrus,Pinaceae,Pinales,Pinopsida,Tracheophyta,Plantae,ACCEPTED,EXACT,97,True,,2026-08-20
Cedrus libani,Cedrus libani,5284682,Cedrus,Pinaceae,Pinales,Pinopsida,Tracheophyta,Plantae,ACCEPTED,EXACT,98,True,,2026-08-20
Centaurea cyanus,Centaurea cyanus,3089561,Centaurea,Asteraceae,Asterales,Magnoliopsida,Tracheophyta,Plantae,ACCEPTED,EXACT,99,True,,2026-08-20
Centaurium erythraea,Centaurium erythraea,5414457,Centaurium,Gentianaceae,Gentianales,Magnoliopsida,Tracheophyta,Plantae,ACCEPTED,EXACT,98,True,,2026-08-14
Centella asiatica,Centella asiatica,3034128,Centella,Apiaceae,Apiales,Magnoliopsida,Tracheophyta,Plantae,ACCEPTED,EXACT,99,True,,2026-08-20
Ceramium rubrum,Ceramium rubrum,8157145,Ceramium,Ceramiaceae,Ceramiales,Florideophyceae,Rhodophyta,Plantae,ACCEPTED,EXACT,97,True,,2026-08-20
Ceratonia siliqua,Ceratonia siliqua,5356354,Ceratonia,Fabaceae,Fabales,Magnoliopsida,Tracheophyta,Plantae,ACCEPTED,EXACT,99,True,,2026-08-20
Cereus grandiflorus,Selenicereus grandiflorus,7279989,Selenicereus,Cactaceae,Caryophyllales,Magnoliopsida,Tracheophyta,Plantae,SYNONYM,EXACT,98,True,,2026-08-20
Cetraria islandica,Cetraria islandica,2605272,Cetraria,Parmeliaceae,Lecanorales,Lecanoromycetes,Ascomycota,Fungi,ACCEPTED,EXACT,99,True,,2026-08-20
Chaenomeles japonica,Chaenomeles japonica,3000610,Chaenomeles,Rosaceae,Rosales,Magnoliopsida,Tracheophyta,Plantae,ACCEPTED,EXACT,97,True,,2026-08-20
Chamaecyparis lawsoniana,Chamaecyparis lawsoniana,2683866,Chamaecyparis,Cupressaceae,Pinales,Pinopsida,Tracheophyta,Plantae,ACCEPTED,EXACT,99,True,,2026-08-20
Chamaecyparis obtusa,Chamaecyparis obtusa,2683849,Chamaecyparis,Cupressaceae,Pinales,Pinopsida,Tracheophyta,Plantae,ACCEPTED,EXACT,98,True,,2026-08-20
Chamomilla recutita,Matricaria chamomilla,8370958,Matricaria,Asteraceae,Asterales,Magnoliopsida,Tracheophyta,Plantae,SYNONYM,EXACT,98,True,,2026-08-20
Chelidonium majus,Chelidonium majus,5334186,Chelidonium,Papaveraceae,Ranunculales,Magnoliopsida,Tracheophyta,Plantae,ACCEPTED,EXACT,98,True,,2026-08-20
Chenopodium ambrosioides,,,Chenopodium,Amaranthaceae,Caryophyllales,,,Plantae,,HIGHERRANK,0,False,no_match:HIGHERRANK|genus_fallback,2026-08-20
Chenopodium quinoa,Chenopodium quinoa,3083935,Chenopodium,Amaranthaceae,Caryophyllales,Magnoliopsida,Tracheophyta,Plantae,ACCEPTED,EXACT,99,True,,2026-08-20
Chimaphila umbellata,Chimaphila umbellata,2888307,Chimaphila,Ericaceae,Ericales,Magnoliopsida,Tracheophyta,Plantae,ACCEPTED,EXACT,97,True,,2026-08-20
Chlorella emersonii,Chlorella emersonii,5270951,Chlorella,Chlorellaceae,Chlorellales,Trebouxiophyceae,Chlorophyta,Plantae,ACCEPTED,EXACT,99,True,,2026-08-20
Chlorella pyrenoidosa,Auxenochlorella pyrenoidosa,9421491,Auxenochlorella,Chlorellaceae,Chlorellales,Trebouxiophyceae,Chlorophyta,Plantae,SYNONYM,EXACT,98,True,,2026-08-20
Chlorella vulgaris,Chlorella vulgaris,5270961,Chlorella,Chlorellaceae,Chlorellales,Trebouxiophyceae,Chlorophyta,Plantae,ACCEPTED,EXACT,98,True,,2026-08-20
Chlorophora tinctoria,Maclura tinctoria,2984583,Maclura,Moraceae,Rosales,Magnoliopsida,Tracheophyta,Plantae,SYNONYM,EXACT,97,True,,2026-08-20
Chondrus crispus,Chondrus crispus,5279115,Chondrus,Gigartinaceae,Gigartinales,Florideophyceae,Rhodophyta,Plantae,ACCEPTED,EXACT,99,True,,2026-08-20
Chrysanthellum americanum,Chrysanthellum americanum,3088353,Chrysanthellum,Asteraceae,Asterales,Magnoliopsida,Tracheophyta,Plantae,ACCEPTED,EXACT,97,True,,2026-08-20
Chrysanthellum indicum,Chrysanthellum indicum,3088368,Chrysanthellum,Asteraceae,Asterales,Magnoliopsida,Tracheophyta,Plantae,ACCEPTED,EXACT,99,True,,2026-08-20
Chrysanthemum balsamita,Tanacetum balsamita,3118254,Tanacetum,Asteraceae,Asterales,Magnoliopsida,Tracheophyta,Plantae,SYNONYM,EXACT,97,True,,2026-08-20
Chrysanthemum parthenium,Tanacetum parthenium,3118430,Tanacetum,Asteraceae,Asterales,Magnoliopsida,Tracheophyta,Plantae,SYNONYM,EXACT,97,True,,2026-08-20
Chrysanthemum sinense,Chrysanthemum morifolium,3150767,Chrysanthemum,Asteraceae,Asterales,Magnoliopsida,Tracheophyta,Plantae,SYNONYM,EXACT,97,True,,2026-08-20
Cibotium barometz,Cibotium barometz,4195539,Cibotium,Cibotiaceae,Cyatheales,Polypodiopsida,Tracheophyta,Plantae,ACCEPTED,EXACT,99,True,,2026-08-20
Cicer arietinum,Cicer arietinum,2947311,Cicer,Fabaceae,Fabales,Magnoliopsida,Tracheophyta,Plantae,ACCEPTED,EXACT,99,True,,2026-08-20
Cichorium intybus,Cichorium intybus,5392252,Cichorium,Asteraceae,Asterales,Magnoliopsida,Tracheophyta,Plantae,ACCEPTED,EXACT,99,True,,2026-08-20
Cimicifuga racemosa,Actaea racemosa,6376106,Actaea,Ranunculaceae,Ranunculales,Magnoliopsida,Tracheophyta,Plantae,SYNONYM,EXACT,98,True,,2026-08-20
Cinchona calisaya,Cinchona calisaya,2901375,Cinchona,Rubiaceae,Gentianales,Magnoliopsida,Tracheophyta,Plantae,ACCEPTED,EXACT,99,True,,2026-08-20
Cinchona pubescens,Cinchona pubescens,2901294,Cinchona,Rubiaceae,Gentianales,Magnoliopsida,Tracheophyta,Plantae,ACCEPTED,EXACT,97,True,,2026-08-20
Cinchona succirubra,Cinchona pubescens,2901294,Cinchona,Rubiaceae,Gentianales,Magnoliopsida,Tracheophyta,Plantae,SYNONYM,EXACT,97,True,,2026-08-20
Cinnamomum camphora,Cinnamomum camphora,3033991,Cinnamomum,Lauraceae,Laurales,Magnoliopsida,Tracheophyta,Plantae,ACCEPTED,EXACT,97,True,,2026-08-14
Cinnamomum cassia,,,Cinnamomum,Lauraceae,Laurales,,,Plantae,,HIGHERRANK,0,False,no_match:HIGHERRANK|genus_fallback,2026-08-20
Cinnamomum culilawan,Cinnamomum culitlawan,7692124,Cinnamomum,Lauraceae,Laurales,Magnoliopsida,Tracheophyta,Plantae,SYNONYM,EXACT,98,True,,2026-08-20
Cinnamomum zeylanicum,Cinnamomum verum,3033987,Cinnamomum,Lauraceae,Laurales,Magnoliopsida,Tracheophyta,Plantae,SYNONYM,EXACT,97,True,,2026-08-20
Cissampelos pareira,Cissampelos pareira,3033937,Cissampelos,Menispermaceae,Ranunculales,Magnoliopsida,Tracheophyta,Plantae,ACCEPTED,EXACT,99,True,,2026-08-20
Cistus cyprius,Cistus cyprius,3595650,Cistus,Cistaceae,Malvales,Magnoliopsida,Tracheophyta,Plantae,ACCEPTED,EXACT,99,True,,2026-08-20
Cistus incanus,Cistus incanus,2874028,Cistus,Cistaceae,Malvales,Magnoliopsida,Tracheophyta,Plantae,ACCEPTED,EXACT,98,True,,2026-08-20
Cistus ladaniferus,,,Cistus,Cistaceae,Malvales,,,Plantae,,HIGHERRANK,0,False,no_match:HIGHERRANK|genus_fallback,2026-08-20
Cistus monspeliensis,Cistus monspeliensis,2874030,Cistus,Cistaceae,Malvales,Magnoliopsida,Tracheophyta,Plantae,ACCEPTED,EXACT,99,True,,2026-08-20
Cistus spp,,,Cistus,Cistaceae,Malvales,,,Plantae,,HIGHERRANK,0,False,no_match:HIGHERRANK|genus_fallback,2026-08-20
Citrullus colocynthis,Citrullus colocynthis,2874622,Citrullus,Cucurbitaceae,Cucurbitales,Magnoliopsida,Tracheophyta,Plantae,ACCEPTED,EXACT,99,True,,2026-08-20
Citrullus lanatus,Citrullus lanatus,2874621,Citrullus,Cucurbitaceae,Cucurbitales,Magnoliopsida,Tracheophyta,Plantae,ACCEPTED,EXACT,97,True,,2026-08-20
Citrus aurantifolia,Citrus aurantiifolia,3190164,Citrus,Rutaceae,Sapindales,Magnoliopsida,Tracheophyta,Plantae,ACCEPTED,FUZZY,96,True,,2026-08-20
Citrus aurantium,Citrus aurantium,8077391,Citrus,Rutaceae,Sapindales,Magnoliopsida,Tracheophyta,Plantae,ACCEPTED,EXACT,97,True,,2026-08-14
Citrus australasica,Microcitrus australasica,3190063,Microcitrus,Rutaceae,Sapindales,Magnoliopsida,Tracheophyta,Plantae,SYNONYM,EXACT,98,True,,2026-08-20
Citrus bergamia,Citrus limon,7647136,Citrus,Rutaceae,Sapindales,Magnoliopsida,Tracheophyta,Plantae,SYNONYM,EXACT,98,True,,2026-08-20
Citrus citrus,,,Citrus,Rutaceae,Sapindales,,,Plantae,ACCEPTED,FUZZY,85,False,kingdom:Animalia|genus_fallback,2026-08-20
Citrus glauca,Eremocitrus glauca,3190423,Eremocitrus,Rutaceae,Sapindales,Magnoliopsida,Tracheophyta,Plantae,SYNONYM,EXACT,98,True,,2026-08-20
Citrus grandis,Citrus grandis,8118600,Citrus,Rutaceae,Sapindales,Magnoliopsida,Tracheophyta,Plantae,ACCEPTED,EXACT,97,True,,2026-08-20
Citrus hystrix,Citrus hystrix,6433679,Citrus,Rutaceae,Sapindales,Magnoliopsida,Tracheophyta,Plantae,ACCEPTED,EXACT,99,True,,2026-08-20
Citrus junos,Citrus junos,3831766,Citrus,Rutaceae,Sapindales,Magnoliopsida,Tracheophyta,Plantae,ACCEPTED,EXACT,97,True,,2026-08-20
Citrus limon,Citrus limon,7647136,Citrus,Rutaceae,Sapindales,Magnoliopsida,Tracheophyta,Plantae,ACCEPTED,EXACT,97,True,,2026-08-20
Citrus medica,Citrus medica,3190157,Citrus,Rutaceae,Sapindales,Magnoliopsida,Tracheophyta,Plantae,ACCEPTED,EXACT,97,True,,2026-08-20
Citrus nobilis,,,Citrus,Rutaceae,Sapindales,,,Plantae,,HIGHERRANK,0,False,no_match:HIGHERRANK|genus_fallback,2026-08-20
Citrus paradisi,Citrus aurantium,8077391,Citrus,Rutaceae,Sapindales,Magnoliopsida,Tracheophyta,Plantae,SYNONYM,EXACT,98,True,,2026-08-20
Citrus reticulata,Citrus reticulata,3190172,Citrus,Rutaceae,Sapindales,Magnoliopsida,Tracheophyta,Plantae,ACCEPTED,EXACT,99,True,,2026-08-20
Citrus sinensis,Citrus aurantium,8077391,Citrus,Rutaceae,Sapindales,Magnoliopsida,Tracheophyta,Plantae,SYNONYM,EXACT,97,True,,2026-08-14
Citrus spp,,,Citrus,Rutaceae,Sapindales,,,Plantae,,HIGHERRANK,0,False,no_match:HIGHERRANK|genus_fallback,2026-08-20
Citrus tangerina,,,Citrus,Rutaceae,Sapindales,,,Plantae,,HIGHERRANK,0,False,no_match:HIGHERRANK|genus_fallback,2026-08-20
Citrus unshiu,,,Citrus,Rutaceae,Sapindales,,,Plantae,,HIGHERRANK,0,False,no_match:HIGHERRANK|genus_fallback,2026-08-20
Cladonia rangiferina,Cladonia rangiferina,8597577,Cladonia,Cladoniaceae,Lecanorales,Lecanoromycetes,Ascomycota,Fungi,ACCEPTED,EXACT,97,True,,2026-08-20
Clematis vitalba,Clematis vitalba,3033558,Clematis,Ranunculaceae,Ranunculales,Magnoliopsida,Tracheophyta,Plantae,ACCEPTED,EXACT,97,True,,2026-08-20
Cnidium officinale,Conioselinum officinale,12256163,Conioselinum,Apiaceae,Apiales,Magnoliopsida,Tracheophyta,Plantae,SYNONYM,EXACT,98,True,,2026-08-20
Cochlearia armoracia,,,,,,,,,,HIGHERRANK,0,False,no_match:HIGHERRANK,2026-08-20
Cochlearia officinalis,Cochlearia officinalis,5373276,Cochlearia,Brassicaceae,Brassicales,Magnoliopsida,Tracheophyta,Plantae,ACCEPTED,EXACT,97,True,,2026-08-20
Cocos nucifera,Cocos nucifera,2735117,Cocos,Arecaceae,Arecales,Liliopsida,Tracheophyta,Plantae,ACCEPTED,EXACT,99,True,,2026-08-20
Codium tomentosum,Codium tomentosum,5272167,Codium,Codiaceae,Bryopsidales,Ulvophyceae,Chlorophyta,Plantae,ACCEPTED,EXACT,99,True,,2026-08-20
Coffea arabica,Coffea arabica,2895345,Coffea,Rubiaceae,Gentianales,Magnoliopsida,Tracheophyta,Plantae,ACCEPTED,EXACT,98,True,,2026-08-20
Coffea canephora,Coffea canephora,2895528,Coffea,Rubiaceae,Gentianales,Magnoliopsida,Tracheophyta,Plantae,ACCEPTED,EXACT,97,True,,2026-08-20
Coffea robusta,Coffea canephora,2895528,Coffea,Rubiaceae,Gentianales,Magnoliopsida,Tracheophyta,Plantae,SYNONYM,EXACT,98,True,,2026-08-20
Coix lacryma-jobi,Coix lacryma-jobi,2706301,Coix,Poaceae,Poales,Liliopsida,Tracheophyta,Plantae,ACCEPTED,EXACT,99,True,,2026-08-20
Cola acuminata,Cola acuminata,5406685,Cola,Malvaceae,Malvales,Magnoliopsida,Tracheophyta,Plantae,ACCEPTED,EXACT,99,True,,2026-08-20
Cola nitida,Cola nitida,5406687,Cola,Malvaceae,Malvales,Magnoliopsida,Tracheophyta,Plantae,ACCEPTED,EXACT,97,True,,2026-08-20
Coleus barbatus,Coleus barbatus,8030165,Coleus,Lamiaceae,Lamiales,Magnoliopsida,Tracheophyta,Plantae,ACCEPTED,EXACT,97,True,,2026-08-20
Collinsonia canadensis,Collinsonia canadensis,2926628,Collinsonia,Lamiaceae,Lamiales,Magnoliopsida,Tracheophyta,Plantae,ACCEPTED,EXACT,99,True,,2026-08-20
Combretum micranthum,Combretum micranthum,3698309,Combretum,Combretaceae,Myrtales,Magnoliopsida,Tracheophyta,Plantae,ACCEPTED,EXACT,99,True,,2026-08-20
Commiphora abyssinica,Commiphora kua,7286744,Commiphora,Burseraceae,Sapindales,Magnoliopsida,Tracheophyta,Plantae,SYNONYM,EXACT,98,True,,2026-08-20
Commiphora erythrea,Commiphora kataf,7286751,Commiphora,Burseraceae,Sapindales,Magnoliopsida,Tracheophyta,Plantae,SYNONYM,FUZZY,94,True,,2026-08-20
Commiphora mukul,Commiphora wightii,3992808,Commiphora,Burseraceae,Sapindales,Magnoliopsida,Tracheophyta,Plantae,SYNONYM,EXACT,98,True,,2026-08-20
Commiphora myrrha,Commiphora myrrha,3994082,Commiphora,Burseraceae,Sapindales,Magnoliopsida,Tracheophyta,Plantae,ACCEPTED,EXACT,99,True,,2026-08-20
Commiphora schimperi,Commiphora schimperi,3993367,Commiphora,Burseraceae,Sapindales,Magnoliopsida,Tracheophyta,Plantae,ACCEPTED,EXACT,99,True,,2026-08-20
Commiphora wildii,Commiphora wildii,3992800,Commiphora,Burseraceae,Sapindales,Magnoliopsida,Tracheophyta,Plantae,ACCEPTED,EXACT,99,True,,2026-08-20
Conobea scoparioides,Conobea scoparioides,3729435,Conobea,Plantaginaceae,Lamiales,Magnoliopsida,Tracheophyta,Plantae,ACCEPTED,EXACT,99,True,,2026-08-20
Convallaria majalis,Convallaria majalis,7459480,Convallaria,Asparagaceae,Asparagales,Liliopsida,Tracheophyta,Plantae,ACCEPTED,EXACT,99,True,,2026-08-20
Convolvulus arvensis,Convolvulus arvensis,2928390,Convolvulus,Convolvulaceae,Solanales,Magnoliopsida,Tracheophyta,Plantae,ACCEPTED,EXACT,99,True,,2026-08-20
Copaifera coriacea,Copaifera coriacea,2978146,Copaifera,Fabaceae,Fabales,Magnoliopsida,Tracheophyta,Plantae,ACCEPTED,EXACT,99,True,,2026-08-20
Copaifera langsdorffii,Copaifera langsdorffii,2978171,Copaifera,Fabaceae,Fabales,Magnoliopsida,Tracheophyta,Plantae,ACCEPTED,EXACT,99,True,,2026-08-20
Copaifera officinalis,Copaifera officinalis,2978155,Copaifera,Fabaceae,Fabales,Magnoliopsida,Tracheophyta,Plantae,ACCEPTED,EXACT,99,True,,2026-08-14
Copaifera reticulata,Copaifera copaibo,12260954,Copaifera,Fabaceae,Fabales,Magnoliopsida,Tracheophyta,Plantae,SYNONYM,EXACT,98,True,,2026-08-14
Copaifera spp,,,Copaifera,Fabaceae,Fabales,,,Plantae,,HIGHERRANK,0,False,no_match:HIGHERRANK|genus_fallback,2026-08-20
Copernicia cerifera,Copernicia prunifera,2738262,Copernicia,Arecaceae,Arecales,Liliopsida,Tracheophyta,Plantae,SYNONYM,EXACT,98,True,,2026-08-20
Coptis japonica,Coptis japonica,7277312,Coptis,Ranunculaceae,Ranunculales,Magnoliopsida,Tracheophyta,Plantae,ACCEPTED,EXACT,98,True,,2026-08-20
Corallina officinalis,Corallina officinalis,5276013,Corallina,Corallinaceae,Corallinales,Florideophyceae,Rhodophyta,Plantae,ACCEPTED,EXACT,99,True,,2026-08-20
Corchorus olitorius,Corchorus olitorius,3152084,Corchorus,Malvaceae,Malvales,Magnoliopsida,Tracheophyta,Plantae,ACCEPTED,EXACT,99,True,,2026-08-20
Coriandrum sativum,Coriandrum sativum,3034871,Coriandrum,Apiaceae,Apiales,Magnoliopsida,Tracheophyta,Plantae,ACCEPTED,EXACT,99,True,,2026-08-20
Coridothymus capitatus,Thymbra capitata,5607804,Thymbra,Lamiaceae,Lamiales,Magnoliopsida,Tracheophyta,Plantae,SYNONYM,EXACT,98,True,,2026-08-20
Corylus avellana,Corylus avellana,2875979,Corylus,Betulaceae,Fagales,Magnoliopsida,Tracheophyta,Plantae,ACCEPTED,EXACT,98,True,,2026-08-20
Corynanthe yohimbe,,,Corynanthe,Rubiaceae,Gentianales,,,Plantae,,HIGHERRANK,0,False,no_match:HIGHERRANK|genus_fallback,2026-08-20
Cosmos bipinnatus,Cosmos bipinnatus,3098912,Cosmos,Asteraceae,Asterales,Magnoliopsida,Tracheophyta,Plantae,ACCEPTED,EXACT,99,True,,2026-08-20
Cosmos sulphureus,Cosmos sulphureus,3098951,Cosmos,Asteraceae,Asterales,Magnoliopsida,Tracheophyta,Plantae,ACCEPTED,EXACT,99,True,,2026-08-20
Costus speciosus,Hellenia speciosa,7584507,Hellenia,Costaceae,Zingiberales,Liliopsida,Tracheophyta,Plantae,SYNONYM,EXACT,98,True,,2026-08-20
Cotinus coggygria,Cotinus coggygria,3190522,Cotinus,Anacardiaceae,Sapindales,Magnoliopsida,Tracheophyta,Plantae,ACCEPTED,EXACT,99,True,,2026-08-20
Crambe maritima,Crambe maritima,5373533,Crambe,Brassicaceae,Brassicales,Magnoliopsida,Tracheophyta,Plantae,ACCEPTED,EXACT,99,True,,2026-08-20
Crataegus cuneata,Crataegus cuneata,3015285,Crataegus,Rosaceae,Rosales,Magnoliopsida,Tracheophyta,Plantae,ACCEPTED,EXACT,97,True,,2026-08-20
Crataegus monogyna,Crataegus monogyna,9220780,Crataegus,Rosaceae,Rosales,Magnoliopsida,Tracheophyta,Plantae,ACCEPTED,EXACT,97,True,,2026-08-20
Crataegus oxyacantha,,,Crataegus,Rosaceae,Rosales,,,Plantae,,HIGHERRANK,0,False,no_match:HIGHERRANK|genus_fallback,2026-08-20
Crinum asiaticum,Crinum asiaticum,2853796,Crinum,Amaryllidaceae,Asparagales,Liliopsida,Tracheophyta,Plantae,ACCEPTED,EXACT,98,True,,2026-08-20
Crithmum maritimum,Crithmum maritimum,3632234,Crithmum,Apiaceae,Apiales,Magnoliopsida,Tracheophyta,Plantae,ACCEPTED,EXACT,99,True,,2026-08-20
Crocus sativus,Crocus sativus,2747430,Crocus,Iridaceae,Asparagales,Liliopsida,Tracheophyta,Plantae,ACCEPTED,EXACT,97,True,,2026-08-20
Croton eluteria,Croton eluteria,3058150,Croton,Euphorbiaceae,Malpighiales,Magnoliopsida,Tracheophyta,Plantae,ACCEPTED,EXACT,97,True,,2026-08-20
Croton glabellus,Croton glabellus,3058441,Croton,Euphorbiaceae,Malpighiales,Magnoliopsida,Tracheophyta,Plantae,ACCEPTED,EXACT,97,True,,2026-08-20
Cryptomeria japonica,Cryptomeria japonica,5284237,Cryptomeria,Cupressaceae,Pinales,Pinopsida,Tracheophyta,Plantae,ACCEPTED,EXACT,99,True,,2026-08-20
Cucumis melo,Cucumis melo,2874570,Cucumis,Cucurbitaceae,Cucurbitales,Magnoliopsida,Tracheophyta,Plantae,ACCEPTED,EXACT,97,True,,2026-08-20
Cucumis sativus,Cucumis sativus,2874569,Cucumis,Cucurbitaceae,Cucurbitales,Magnoliopsida,Tracheophyta,Plantae,ACCEPTED,EXACT,99,True,,2026-08-20
Cucurbita maxima,Cucurbita maxima,2874515,Cucurbita,Cucurbitaceae,Cucurbitales,Magnoliopsida,Tracheophyta,Plantae,ACCEPTED,EXACT,97,True,,2026-08-20
Cucurbita pepo,Cucurbita pepo,2874508,Cucurbita,Cucurbitaceae,Cucurbitales,Magnoliopsida,Tracheophyta,Plantae,ACCEPTED,EXACT,97,True,,2026-08-20
Cuminum cyminum,Cuminum cyminum,3034775,Cuminum,Apiaceae,Apiales,Magnoliopsida,Tracheophyta,Plantae,ACCEPTED,EXACT,97,True,,2026-08-20
Cupressus funebris,Cupressus funebris,2684076,Cupressus,Cupressaceae,Pinales,Pinopsida,Tracheophyta,Plantae,ACCEPTED,EXACT,99,True,,2026-08-20
Cupressus sempervirens,Cupressus sempervirens,2684030,Cupressus,Cupressaceae,Pinales,Pinopsida,Tracheophyta,Plantae,ACCEPTED,EXACT,99,True,,2026-08-20
Curcuma amada,Curcuma amada,2757535,Curcuma,Zingiberaceae,Zingiberales,Liliopsida,Tracheophyta,Plantae,ACCEPTED,EXACT,99,True,,2026-08-20
Curcuma aromatica,Curcuma aromatica,2757544,Curcuma,Zingiberaceae,Zingiberales,Liliopsida,Tracheophyta,Plantae,ACCEPTED,EXACT,99,True,,2026-08-20
Curcuma longa,Curcuma longa,2757624,Curcuma,Zingiberaceae,Zingiberales,Liliopsida,Tracheophyta,Plantae,ACCEPTED,EXACT,99,True,,2026-08-20
Curcuma zedoaria,Curcuma zedoaria,2757545,Curcuma,Zingiberaceae,Zingiberales,Liliopsida,Tracheophyta,Plantae,ACCEPTED,EXACT,97,True,,2026-08-20
Cuscuta japonica,Cuscuta japonica,2927548,Cuscuta,Convolvulaceae,Solanales,Magnoliopsida,Tracheophyta,Plantae,ACCEPTED,EXACT,99,True,,2026-08-20
Cusparia febrifuga,Angostura trifoliata,3836284,Angostura,Rutaceae,Sapindales,Magnoliopsida,Tracheophyta,Plantae,SYNONYM,EXACT,97,True,,2026-08-20
Cyamopsis tetragonoloba,Cyamopsis tetragonoloba,2946183,Cyamopsis,Fabaceae,Fabales,Magnoliopsida,Tracheophyta,Plantae,ACCEPTED,EXACT,99,True,,2026-08-20
Cyclopia genistoides,Cyclopia genistoides,7508648,Cyclopia,Fabaceae,Fabales,Magnoliopsida,Tracheophyta,Plantae,ACCEPTED,EXACT,97,True,,2026-08-20
Cydonia oblonga,Cydonia oblonga,5362215,Cydonia,Rosaceae,Rosales,Magnoliopsida,Tracheophyta,Plantae,ACCEPTED,EXACT,98,True,,2026-08-20
Cymbopogon bombycinus,Cymbopogon bombycinus,4139503,Cymbopogon,Poaceae,Poales,Liliopsida,Tracheophyta,Plantae,ACCEPTED,EXACT,98,True,,2026-08-20
Cymbopogon citratus,Cymbopogon citratus,2705275,Cymbopogon,Poaceae,Poales,Liliopsida,Tracheophyta,Plantae,ACCEPTED,EXACT,99,True,,2026-08-20
Cymbopogon flexuosus,Cymbopogon flexuosus,8571291,Cymbopogon,Poaceae,Poales,Liliopsida,Tracheophyta,Plantae,ACCEPTED,EXACT,98,True,,2026-08-20
Cymbopogon martini,Cymbopogon martini,4138713,Cymbopogon,Poaceae,Poales,Liliopsida,Tracheophyta,Plantae,ACCEPTED,EXACT,97,True,,2026-08-20
Cymbopogon nardus,Cymbopogon nardus,2705267,Cymbopogon,Poaceae,Poales,Liliopsida,Tracheophyta,Plantae,ACCEPTED,EXACT,99,True,,2026-08-20
Cymbopogon schoenanthus,Cymbopogon schoenanthus,2705269,Cymbopogon,Poaceae,Poales,Liliopsida,Tracheophyta,Plantae,ACCEPTED,EXACT,99,True,,2026-08-20
Cymbopogon winterianus,Cymbopogon winterianus,2705273,Cymbopogon,Poaceae,Poales,Liliopsida,Tracheophyta,Plantae,ACCEPTED,EXACT,97,True,,2026-08-20
Cynara cardunculus,Cynara cardunculus,3112364,Cynara,Asteraceae,Asterales,Magnoliopsida,Tracheophyta,Plantae,ACCEPTED,EXACT,99,True,,2026-08-20
Cynara scolymus,Cynara scolymus,3112361,Cynara,Asteraceae,Asterales,Magnoliopsida,Tracheophyta,Plantae,ACCEPTED,EXACT,99,True,,2026-08-20
Cynodon dactylon,Cynodon dactylon,6109637,Cynodon,Poaceae,Poales,Liliopsida,Tracheophyta,Plantae,ACCEPTED,EXACT,99,True,,2026-08-20
Cyperus esculentus,Cyperus esculentus,2716226,Cyperus,Cyperaceae,Poales,Liliopsida,Tracheophyta,Plantae,ACCEPTED,EXACT,97,True,,2026-08-20
Cyperus rotundus,Cyperus rotundus,2714818,Cyperus,Cyperaceae,Poales,Liliopsida,Tracheophyta,Plantae,ACCEPTED,EXACT,98,True,,2026-08-20
Cyperus scariosus,Cyperus scariosus,2716774,Cyperus,Cyperaceae,Poales,Liliopsida,Tracheophyta,Plantae,ACCEPTED,EXACT,99,True,,2026-08-20
Cypripedium pubescens,Cypripedium parviflorum,2820480,Cypripedium,Orchidaceae,Asparagales,Liliopsida,Tracheophyta,Plantae,SYNONYM,EXACT,98,True,,2026-08-20
Cytisus scoparius,Cytisus scoparius,5354656,Cytisus,Fabaceae,Fabales,Magnoliopsida,Tracheophyta,Plantae,ACCEPTED,EXACT,99,True,,2026-08-20
Dacrydium franklini,Lagarostrobos franklinii,2687707,Lagarostrobos,Podocarpaceae,Pinales,Pinopsida,Tracheophyta,Plantae,SYNONYM,FUZZY,95,True,,2026-08-20
Daemonorops draco,Calamus draco,5293618,Calamus,Arecaceae,Arecales,Liliopsida,Tracheophyta,Plantae,SYNONYM,EXACT,98,True,,2026-08-20
Daucus carota,Daucus carota,3034742,Daucus,Apiaceae,Apiales,Magnoliopsida,Tracheophyta,Plantae,ACCEPTED,EXACT,97,True,,2026-08-20
Davidsonia jerseyana,Davidsonia jerseyana,5687852,Davidsonia,Cunoniaceae,Oxalidales,Magnoliopsida,Tracheophyta,Plantae,ACCEPTED,EXACT,99,True,,2026-08-20
Desmodium gangeticum,Desmodium gangeticum,11440699,Desmodium,Fabaceae,Fabales,Magnoliopsida,Tracheophyta,Plantae,ACCEPTED,EXACT,97,True,,2026-08-20
Dianthus caryophyllus,Dianthus caryophyllus,3085420,Dianthus,Caryophyllaceae,Caryophyllales,Magnoliopsida,Tracheophyta,Plantae,ACCEPTED,EXACT,99,True,,2026-08-20
Dictamnus albus,Dictamnus albus,5421338,Dictamnus,Rutaceae,Sapindales,Magnoliopsida,Tracheophyta,Plantae,ACCEPTED,EXACT,99,True,,2026-08-20
Digenea simplex,Digenea simplex,5277562,Digenea,Rhodomelaceae,Ceramiales,Florideophyceae,Rhodophyta,Plantae,ACCEPTED,EXACT,99,True,,2026-08-20
Dioscorea batatas,Dioscorea polystachya,2754732,Dioscorea,Dioscoreaceae,Dioscoreales,Liliopsida,Tracheophyta,Plantae,SYNONYM,EXACT,98,True,,2026-08-20
Dioscorea villosa,Dioscorea villosa,2754553,Dioscorea,Dioscoreaceae,Dioscoreales,Liliopsida,Tracheophyta,Plantae,ACCEPTED,EXACT,97,True,,2026-08-20
Diospyros ebenum,Diospyros ebenum,3032979,Diospyros,Ebenaceae,Ericales,Magnoliopsida,Tracheophyta,Plantae,ACCEPTED,EXACT,97,True,,2026-08-20
Diospyros kaki,Diospyros kaki,3032984,Diospyros,Ebenaceae,Ericales,Magnoliopsida,Tracheophyta,Plantae,ACCEPTED,EXACT,98,True,,2026-08-20
Dipterocarpus turbinatus,Dipterocarpus turbinatus,4097195,Dipterocarpus,Dipterocarpaceae,Malvales,Magnoliopsida,Tracheophyta,Plantae,ACCEPTED,EXACT,99,True,,2026-08-20
Dipteryx odorata,Dipteryx odorata,10779983,Dipteryx,Fabaceae,Fabales,Magnoliopsida,Tracheophyta,Plantae,ACCEPTED,EXACT,97,True,,2026-08-20
Drosera ramentacea,Drosera ramentacea,3191246,Drosera,Droseraceae,Caryophyllales,Magnoliopsida,Tracheophyta,Plantae,ACCEPTED,EXACT,97,True,,2026-08-20
Drosera rotundifolia,Drosera rotundifolia,3191030,Drosera,Droseraceae,Caryophyllales,Magnoliopsida,Tracheophyta,Plantae,ACCEPTED,EXACT,98,True,,2026-08-20
Dryopteris filix-mas,Dryopteris filix-mas,5275132,Dryopteris,Dryopteridaceae,Polypodiales,Polypodiopsida,Tracheophyta,Plantae,ACCEPTED,EXACT,99,True,,2026-08-20
Durio zibethinus,Durio zibethinus,3152230,Durio,Malvaceae,Malvales,Magnoliopsida,Tracheophyta,Plantae,ACCEPTED,EXACT,97,True,,2026-08-20
Ecballium elaterium,Ecballium elaterium,2874680,Ecballium,Cucurbitaceae,Cucurbitales,Magnoliopsida,Tracheophyta,Plantae,ACCEPTED,EXACT,99,True,,2026-08-20
Echinacea angustifolia,Echinacea angustifolia,3150933,Echinacea,Asteraceae,Asterales,Magnoliopsida,Tracheophyta,Plantae,ACCEPTED,EXACT,99,True,,2026-08-20
Echinacea pallida,Echinacea pallida,3150919,Echinacea,Asteraceae,Asterales,Magnoliopsida,Tracheophyta,Plantae,ACCEPTED,EXACT,98,True,,2026-08-20
Echinacea purpurea,Echinacea purpurea,3150935,Echinacea,Asteraceae,Asterales,Magnoliopsida,Tracheophyta,Plantae,ACCEPTED,EXACT,99,True,,2026-08-20
Eclipta prostrata,Eclipta prostrata,5384950,Eclipta,Asteraceae,Asterales,Magnoliopsida,Tracheophyta,Plantae,ACCEPTED,EXACT,97,True,,2026-08-20
Eichhornia crassipes,Pontederia crassipes,2765942,Pontederia,Pontederiaceae,Commelinales,Liliopsida,Tracheophyta,Plantae,SYNONYM,EXACT,98,True,,2026-08-20
Elaeis guineensis,Elaeis guineensis,2731882,Elaeis,Arecaceae,Arecales,Liliopsida,Tracheophyta,Plantae,ACCEPTED,EXACT,98,True,,2026-08-14
Elettaria cardamomum,Elettaria cardamomum,2759871,Elettaria,Zingiberaceae,Zingiberales,Liliopsida,Tracheophyta,Plantae,ACCEPTED,EXACT,99,True,,2026-08-20
Eleutherococcus senticosus,Eleutherococcus senticosus,3035369,Eleutherococcus,Araliaceae,Apiales,Magnoliopsida,Tracheophyta,Plantae,ACCEPTED,EXACT,97,True,,2026-08-20
Embelia concinna,Embelia concinna,3720904,Embelia,Primulaceae,Ericales,Magnoliopsida,Tracheophyta,Plantae,ACCEPTED,EXACT,99,True,,2026-08-20
Embelia ribes,Embelia ribes,7330952,Embelia,Primulaceae,Ericales,Magnoliopsida,Tracheophyta,Plantae,ACCEPTED,EXACT,99,True,,2026-08-20
Emblica officinalis,Phyllanthus emblica,5381660,Phyllanthus,Phyllanthaceae,Malpighiales,Magnoliopsida,Tracheophyta,Plantae,SYNONYM,EXACT,98,True,,2026-08-20
Ephedra distachya,Ephedra distachya,2653321,Ephedra,Ephedraceae,Ephedrales,Gnetopsida,Tracheophyta,Plantae,ACCEPTED,EXACT,98,True,,2026-08-20
Ephedra sinica,Ephedra sinica,2653377,Ephedra,Ephedraceae,Ephedrales,Gnetopsida,Tracheophyta,Plantae,ACCEPTED,EXACT,99,True,,2026-08-20
Epigaea repens,Epigaea repens,2882805,Epigaea,Ericaceae,Ericales,Magnoliopsida,Tracheophyta,Plantae,ACCEPTED,EXACT,99,True,,2026-08-20
Epilobium angustifolium,,,Epilobium,Onagraceae,Myrtales,,,Plantae,,HIGHERRANK,0,False,no_match:HIGHERRANK|genus_fallback,2026-08-20
Epilobium fleischeri,Chamaenerion fleischeri,3666407,Chamaenerion,Onagraceae,Myrtales,Magnoliopsida,Tracheophyta,Plantae,SYNONYM,EXACT,98,True,,2026-08-20
Equisetum arvense,Equisetum arvense,7924597,Equisetum,Equisetaceae,Equisetales,Polypodiopsida,Tracheophyta,Plantae,ACCEPTED,EXACT,99,True,,2026-08-20
Eremophila longifolia,Eremophila longifolia,5565892,Eremophila,Scrophulariaceae,Lamiales,Magnoliopsida,Tracheophyta,Plantae,ACCEPTED,EXACT,99,True,,2026-08-20
Erica arborea,Erica arborea,5333410,Erica,Ericaceae,Ericales,Magnoliopsida,Tracheophyta,Plantae,ACCEPTED,EXACT,97,True,,2026-08-20
Erica cinerea,Erica cinerea,5333411,Erica,Ericaceae,Ericales,Magnoliopsida,Tracheophyta,Plantae,ACCEPTED,EXACT,99,True,,2026-08-20
Erigeron canadensis,Erigeron canadensis,3146791,Erigeron,Asteraceae,Asterales,Magnoliopsida,Tracheophyta,Plantae,ACCEPTED,EXACT,97,True,,2026-08-20
Eriobotrya japonica,Rhaphiolepis bibas,10786206,Rhaphiolepis,Rosaceae,Rosales,Magnoliopsida,Tracheophyta,Plantae,SYNONYM,EXACT,98,True,,2026-08-20
Eriocephalus punctulatus,Eriocephalus punctulatus,3130102,Eriocephalus,Asteraceae,Asterales,Magnoliopsida,Tracheophyta,Plantae,ACCEPTED,EXACT,99,True,,2026-08-20
Eriodictyon californicum,Eriodictyon californicum,7629056,Eriodictyon,Namaceae,Boraginales,Magnoliopsida,Tracheophyta,Plantae,ACCEPTED,EXACT,97,True,,2026-08-20
Eriodictyon crassifolium,Eriodictyon crassifolium,2928353,Eriodictyon,Namaceae,Boraginales,Magnoliopsida,Tracheophyta,Plantae,ACCEPTED,EXACT,99,True,,2026-08-20
Eruca sativa,Eruca sativa,7474861,Eruca,Brassicaceae,Brassicales,Magnoliopsida,Tracheophyta,Plantae,ACCEPTED,EXACT,97,True,,2026-08-20
Eryngium campestre,Eryngium campestre,3034426,Eryngium,Apiaceae,Apiales,Magnoliopsida,Tracheophyta,Plantae,ACCEPTED,EXACT,99,True,,2026-08-20
Eryngium maritimum,Eryngium maritimum,3034391,Eryngium,Apiaceae,Apiales,Magnoliopsida,Tracheophyta,Plantae,ACCEPTED,EXACT,99,True,,2026-08-20
Eschscholzia californica,Eschscholzia californica,2888380,Eschscholzia,Papaveraceae,Ranunculales,Magnoliopsida,Tracheophyta,Plantae,ACCEPTED,EXACT,98,True,,2026-08-20
Eucalyptus cinerea,Eucalyptus cinerea,3176723,Eucalyptus,Myrtaceae,Myrtales,Magnoliopsida,Tracheophyta,Plantae,ACCEPTED,EXACT,97,True,,2026-08-20
Eucalyptus citriodora,Corymbia citriodora,5418431,Corymbia,Myrtaceae,Myrtales,Magnoliopsida,Tracheophyta,Plantae,SYNONYM,EXACT,98,True,,2026-08-20
Eucalyptus dives,Eucalyptus dives,3176819,Eucalyptus,Myrtaceae,Myrtales,Magnoliopsida,Tracheophyta,Plantae,ACCEPTED,EXACT,99,True,,2026-08-20
Eucalyptus globulus,Eucalyptus globulus,3176787,Eucalyptus,Myrtaceae,Myrtales,Magnoliopsida,Tracheophyta,Plantae,ACCEPTED,EXACT,99,True,,2026-08-20
Eucalyptus maculata,Corymbia maculata,5418386,Corymbia,Myrtaceae,Myrtales,Magnoliopsida,Tracheophyta,Plantae,SYNONYM,EXACT,98,True,,2026-08-20
Eucalyptus pulverulenta,Eucalyptus pulverulenta,3176788,Eucalyptus,Myrtaceae,Myrtales,Magnoliopsida,Tracheophyta,Plantae,ACCEPTED,EXACT,97,True,,2026-08-20
Eucalyptus radiata,Eucalyptus radiata,3176655,Eucalyptus,Myrtaceae,Myrtales,Magnoliopsida,Tracheophyta,Plantae,ACCEPTED,EXACT,97,True,,2026-08-20
Eucalyptus smithii,Eucalyptus smithii,3177175,Eucalyptus,Myrtaceae,Myrtales,Magnoliopsida,Tracheophyta,Plantae,ACCEPTED,EXACT,97,True,,2026-08-20
Eucalyptus spp,,,Eucalyptus,Myrtaceae,Myrtales,,,Plantae,,HIGHERRANK,0,False,no_match:HIGHERRANK|genus_fallback,2026-08-20
Eucheuma spinosum,Eucheuma denticulatum,2668123,Eucheuma,Solieriaceae,Gigartinales,Florideophyceae,Rhodophyta,Plantae,SYNONYM,EXACT,98,True,,2026-08-20
Eucommia ulmoides,Eucommia ulmoides,3723584,Eucommia,Eucommiaceae,Garryales,Magnoliopsida,Tracheophyta,Plantae,ACCEPTED,EXACT,99,True,,2026-08-20
Eugenia caryophyllus,Syzygium aromaticum,3183002,Syzygium,Myrtaceae,Myrtales,Magnoliopsida,Tracheophyta,Plantae,SYNONYM,EXACT,98,True,,2026-08-14
Eugenia jambos,Eugenia jambos,7640192,Eugenia,Myrtaceae,Myrtales,Magnoliopsida,Tracheophyta,Plantae,ACCEPTED,EXACT,97,True,,2026-08-20
Eupatorium cannabinum,Eupatorium cannabinum,5402943,Eupatorium,Asteraceae,Asterales,Magnoliopsida,Tracheophyta,Plantae,ACCEPTED,EXACT,99,True,,2026-08-20
Eupatorium purpureum,Eupatorium purpureum,8311325,Eupatorium,Asteraceae,Asterales,Magnoliopsida,Tracheophyta,Plantae,ACCEPTED,EXACT,97,True,,2026-08-20
Euphorbia cerifera,Euphorbia antisyphilitica,3069440,Euphorbia,Euphorbiaceae,Malpighiales,Magnoliopsida,Tracheophyta,Plantae,SYNONYM,EXACT,98,True,,2026-08-20
Euphorbia helioscopia,Euphorbia helioscopia,3066367,Euphorbia,Euphorbiaceae,Malpighiales,Magnoliopsida,Tracheophyta,Plantae,ACCEPTED,EXACT,97,True,,2026-08-20
Euphorbia hirta,Euphorbia hirta,3068937,Euphorbia,Euphorbiaceae,Malpighiales,Magnoliopsida,Tracheophyta,Plantae,ACCEPTED,EXACT,99,True,,2026-08-20
Euphrasia officinalis,Euphrasia officinalis,8106874,Euphrasia,Orobanchaceae,Lamiales,Magnoliopsida,Tracheophyta,Plantae,ACCEPTED,EXACT,97,True,,2026-08-20
Euterpe oleracea,Euterpe oleracea,5293398,Euterpe,Arecaceae,Arecales,Liliopsida,Tracheophyta,Plantae,ACCEPTED,EXACT,97,True,,2026-08-20
Evernia furfuracea,Pseudevernia furfuracea,10932974,Pseudevernia,Parmeliaceae,Lecanorales,Lecanoromycetes,Ascomycota,Fungi,SYNONYM,EXACT,97,True,,2026-08-20
Evernia prunastri,Evernia prunastri,2605261,Evernia,Parmeliaceae,Lecanorales,Lecanoromycetes,Ascomycota,Fungi,ACCEPTED,EXACT,99,True,,2026-08-20
Fabiana imbricata,Fabiana imbricata,2928726,Fabiana,Solanaceae,Solanales,Magnoliopsida,Tracheophyta,Plantae,ACCEPTED,EXACT,99,True,,2026-08-20
Fagus crenata,Fagus crenata,2882300,Fagus,Fagaceae,Fagales,Magnoliopsida,Tracheophyta,Plantae,ACCEPTED,EXACT,98,True,,2026-08-20
Fagus sylvatica,Fagus sylvatica,2882316,Fagus,Fagaceae,Fagales,Magnoliopsida,Tracheophyta,Plantae,ACCEPTED,EXACT,99,True,,2026-08-20
Ferula assa-foetida,Ferula assa-foetida,8113074,Ferula,Apiaceae,Apiales,Magnoliopsida,Tracheophyta,Plantae,ACCEPTED,EXACT,97,True,,2026-08-20
Ferula foetida,Ferula foetida,7704723,Ferula,Apiaceae,Apiales,Magnoliopsida,Tracheophyta,Plantae,ACCEPTED,EXACT,97,True,,2026-08-20
Ferula galbaniflua,Ferula gummosa,3034683,Ferula,Apiaceae,Apiales,Magnoliopsida,Tracheophyta,Plantae,SYNONYM,EXACT,98,True,,2026-08-20
Ferula kokanica,Ferula kokanica,3637959,Ferula,Apiaceae,Apiales,Magnoliopsida,Tracheophyta,Plantae,ACCEPTED,EXACT,99,True,,2026-08-20
Ficus carica,Ficus carica,5361909,Ficus,Moraceae,Rosales,Magnoliopsida,Tracheophyta,Plantae,ACCEPTED,EXACT,99,True,,2026-08-20
Ficus indica,Ficus indica,7551512,Ficus,Moraceae,Rosales,Magnoliopsida,Tracheophyta,Plantae,ACCEPTED,EXACT,97,True,,2026-08-20
Foeniculum vulgare,Foeniculum vulgare,3034922,Foeniculum,Apiaceae,Apiales,Magnoliopsida,Tracheophyta,Plantae,ACCEPTED,EXACT,98,True,,2026-08-20
Fomes officinalis,Fomitopsis officinalis,2543474,Fomitopsis,Fomitopsidaceae,Polyporales,Agaricomycetes,Basidiomycota,Fungi,SYNONYM,EXACT,98,True,,2026-08-20
Fragaria ananassa,Fragaria ananassa,3029912,Fragaria,Rosaceae,Rosales,Magnoliopsida,Tracheophyta,Plantae,ACCEPTED,EXACT,97,True,,2026-08-20
Fragaria chiloensis,Fragaria chiloensis,7738624,Fragaria,Rosaceae,Rosales,Magnoliopsida,Tracheophyta,Plantae,ACCEPTED,EXACT,97,True,,2026-08-20
Fragaria vesca,Fragaria vesca,3029817,Fragaria,Rosaceae,Rosales,Magnoliopsida,Tracheophyta,Plantae,ACCEPTED,EXACT,98,True,,2026-08-20
Fragaria virginiana,Fragaria virginiana,7950792,Fragaria,Rosaceae,Rosales,Magnoliopsida,Tracheophyta,Plantae,ACCEPTED,EXACT,97,True,,2026-08-20
Frangula alnus,Frangula alnus,3039454,Frangula,Rhamnaceae,Rosales,Magnoliopsida,Tracheophyta,Plantae,ACCEPTED,EXACT,99,True,,2026-08-20
Fraxinus chinensis,Fraxinus chinensis,3172325,Fraxinus,Oleaceae,Lamiales,Magnoliopsida,Tracheophyta,Plantae,ACCEPTED,EXACT,99,True,,2026-08-20
Fraxinus excelsior,Fraxinus excelsior,3172358,Fraxinus,Oleaceae,Lamiales,Magnoliopsida,Tracheophyta,Plantae,ACCEPTED,EXACT,97,True,,2026-08-20
Fraxinus ornus,Fraxinus ornus,3172347,Fraxinus,Oleaceae,Lamiales,Magnoliopsida,Tracheophyta,Plantae,ACCEPTED,EXACT,97,True,,2026-08-20
Freesia refracta,Freesia refracta,2747084,Freesia,Iridaceae,Asparagales,Liliopsida,Tracheophyta,Plantae,ACCEPTED,EXACT,99,True,,2026-08-20
Fucus crispus,,,Fucus,Fucaceae,Fucales,,,Chromista,,HIGHERRANK,0,False,no_match:HIGHERRANK|genus_fallback,2026-08-20
Fucus serratus,Fucus serratus,3196437,Fucus,Fucaceae,Fucales,Phaeophyceae,Ochrophyta,Chromista,ACCEPTED,EXACT,99,True,,2026-08-20
Fucus vesiculosus,Fucus vesiculosus,8222574,Fucus,Fucaceae,Fucales,Phaeophyceae,Ochrophyta,Chromista,ACCEPTED,EXACT,99,True,,2026-08-20
Fumaria officinalis,Fumaria officinalis,5334217,Fumaria,Papaveraceae,Ranunculales,Magnoliopsida,Tracheophyta,Plantae,ACCEPTED,EXACT,97,True,,2026-08-20
Fusanus spicatus,Santalum spicatum,3788877,Santalum,Santalaceae,Santalales,Magnoliopsida,Tracheophyta,Plantae,SYNONYM,EXACT,98,True,,2026-08-20
Galanthus nivalis,Galanthus nivalis,2855356,Galanthus,Amaryllidaceae,Asparagales,Liliopsida,Tracheophyta,Plantae,ACCEPTED,EXACT,98,True,,2026-08-20
Galega officinalis,Galega officinalis,2975667,Galega,Fabaceae,Fabales,Magnoliopsida,Tracheophyta,Plantae,ACCEPTED,EXACT,99,True,,2026-08-20
Galium aparine,Galium aparine,2913548,Galium,Rubiaceae,Gentianales,Magnoliopsida,Tracheophyta,Plantae,ACCEPTED,EXACT,99,True,,2026-08-20
Galium verum,Galium verum,9063248,Galium,Rubiaceae,Gentianales,Magnoliopsida,Tracheophyta,Plantae,ACCEPTED,EXACT,99,True,,2026-08-20
Garcinia cambogia,,,Garcinia,Clusiaceae,Malpighiales,,,Plantae,,HIGHERRANK,0,False,no_match:HIGHERRANK|genus_fallback,2026-08-20
Garcinia humilis,Garcinia humilis,3714283,Garcinia,Clusiaceae,Malpighiales,Magnoliopsida,Tracheophyta,Plantae,ACCEPTED,EXACT,99,True,,2026-08-20
Garcinia mangostana,Garcinia mangostana,3189571,Garcinia,Clusiaceae,Malpighiales,Magnoliopsida,Tracheophyta,Plantae,ACCEPTED,EXACT,99,True,,2026-08-20
Gardenia florida,,,Gardenia,Rubiaceae,Gentianales,,,Plantae,,HIGHERRANK,0,False,no_match:HIGHERRANK|genus_fallback,2026-08-20
Gaultheria procumbens,Gaultheria procumbens,2882753,Gaultheria,Ericaceae,Ericales,Magnoliopsida,Tracheophyta,Plantae,ACCEPTED,EXACT,99,True,,2026-08-20
Gelidiella acerosa,Gelidiella acerosa,2663047,Gelidiella,Gelidiellaceae,Gelidiales,Florideophyceae,Rhodophyta,Plantae,ACCEPTED,EXACT,99,True,,2026-08-20
Gelidium cartilagineum,Plocamium cartilagineum,5278595,Plocamium,Plocamiaceae,Plocamiales,Florideophyceae,Rhodophyta,Plantae,SYNONYM,EXACT,98,True,,2026-08-20
Genista tinctoria,Genista tinctoria,5347612,Genista,Fabaceae,Fabales,Magnoliopsida,Tracheophyta,Plantae,ACCEPTED,EXACT,99,True,,2026-08-20
Gentiana lutea,Gentiana lutea,3170040,Gentiana,Gentianaceae,Gentianales,Magnoliopsida,Tracheophyta,Plantae,ACCEPTED,EXACT,97,True,,2026-08-20
Gentiana prostrata,Gentiana prostrata,3170069,Gentiana,Gentianaceae,Gentianales,Magnoliopsida,Tracheophyta,Plantae,ACCEPTED,EXACT,97,True,,2026-08-20
Gentiana scabra,Gentiana scabra,7270205,Gentiana,Gentianaceae,Gentianales,Magnoliopsida,Tracheophyta,Plantae,ACCEPTED,EXACT,99,True,,2026-08-20
Geranium macrorrhizum,Geranium macrorrhizum,2891079,Geranium,Geraniaceae,Geraniales,Magnoliopsida,Tracheophyta,Plantae,ACCEPTED,EXACT,99,True,,2026-08-20
Geranium maculatum,Geranium maculatum,7808016,Geranium,Geraniaceae,Geraniales,Magnoliopsida,Tracheophyta,Plantae,ACCEPTED,EXACT,97,True,,2026-08-20
Geranium robertianum,Geranium robertianum,2890668,Geranium,Geraniaceae,Geraniales,Magnoliopsida,Tracheophyta,Plantae,ACCEPTED,EXACT,99,True,,2026-08-20
Geum rivale,Geum rivale,5369701,Geum,Rosaceae,Rosales,Magnoliopsida,Tracheophyta,Plantae,ACCEPTED,EXACT,97,True,,2026-08-20
Geum urbanum,Geum urbanum,5369652,Geum,Rosaceae,Rosales,Magnoliopsida,Tracheophyta,Plantae,ACCEPTED,EXACT,97,True,,2026-08-20
Gevuina avellana,Gevuina avellana,3996031,Gevuina,Proteaceae,Proteales,Magnoliopsida,Tracheophyta,Plantae,ACCEPTED,EXACT,99,True,,2026-08-20
Gigartina stellata,Mastocarpus stellatus,2667288,Mastocarpus,Phyllophoraceae,Gigartinales,Florideophyceae,Rhodophyta,Plantae,SYNONYM,EXACT,98,True,,2026-08-20
Ginkgo biloba,Ginkgo biloba,2687885,Ginkgo,Ginkgoaceae,Ginkgoales,Ginkgoopsida,Tracheophyta,Plantae,ACCEPTED,EXACT,99,True,,2026-08-20
Glechoma hederacea,Glechoma hederacea,2926557,Glechoma,Lamiaceae,Lamiales,Magnoliopsida,Tracheophyta,Plantae,ACCEPTED,EXACT,99,True,,2026-08-20
Gleditsia australis,Gleditsia australis,2959479,Gleditsia,Fabaceae,Fabales,Magnoliopsida,Tracheophyta,Plantae,ACCEPTED,EXACT,99,True,,2026-08-20
Gleditsia triacanthos,Gleditsia triacanthos,2959443,Gleditsia,Fabaceae,Fabales,Magnoliopsida,Tracheophyta,Plantae,ACCEPTED,EXACT,99,True,,2026-08-20
Glycine soja,Glycine max,5359662,Glycine,Fabaceae,Fabales,Magnoliopsida,Tracheophyta,Plantae,SYNONYM,EXACT,97,True,,2026-08-20
Glycyrrhiza glabra,Glycyrrhiza glabra,2965732,Glycyrrhiza,Fabaceae,Fabales,Magnoliopsida,Tracheophyta,Plantae,ACCEPTED,EXACT,98,True,,2026-08-20
Glycyrrhiza uralensis,Glycyrrhiza uralensis,7861283,Glycyrrhiza,Fabaceae,Fabales,Magnoliopsida,Tracheophyta,Plantae,ACCEPTED,EXACT,98,True,,2026-08-20
Gmelina arborea,Gmelina arborea,8247889,Gmelina,Lamiaceae,Lamiales,Magnoliopsida,Tracheophyta,Plantae,ACCEPTED,EXACT,98,True,,2026-08-20
Gnaphalium leontopodium,Gnaphalium leontopodium,8013777,Gnaphalium,Asteraceae,Asterales,Magnoliopsida,Tracheophyta,Plantae,ACCEPTED,EXACT,97,True,,2026-08-20
Gnaphalium polycephalum,,,Gnaphalium,Asteraceae,Asterales,,,Plantae,,HIGHERRANK,0,False,no_match:HIGHERRANK|genus_fallback,2026-08-20
Gossypium herbaceum,Gossypium herbaceum,3152658,Gossypium,Malvaceae,Malvales,Magnoliopsida,Tracheophyta,Plantae,ACCEPTED,EXACT,99,True,,2026-08-20
Gossypium hirsutum,Gossypium hirsutum,3152661,Gossypium,Malvaceae,Malvales,Magnoliopsida,Tracheophyta,Plantae,ACCEPTED,EXACT,97,True,,2026-08-20
Gossypium spp,,,Gossypium,Malvaceae,Malvales,,,Plantae,,HIGHERRANK,0,False,no_match:HIGHERRANK|genus_fallback,2026-08-20
Grindelia camporum,Grindelia hirsutula,3146233,Grindelia,Asteraceae,Asterales,Magnoliopsida,Tracheophyta,Plantae,SYNONYM,EXACT,98,True,,2026-08-20
Grindelia humilis,Grindelia hirsutula,3146233,Grindelia,Asteraceae,Asterales,Magnoliopsida,Tracheophyta,Plantae,SYNONYM,EXACT,98,True,,2026-08-20
Grindelia robusta,Grindelia hirsutula,3146233,Grindelia,Asteraceae,Asterales,Magnoliopsida,Tracheophyta,Plantae,SYNONYM,EXACT,98,True,,2026-08-20
Guaiacum officinale,Guaiacum officinale,3986813,Guaiacum,Zygophyllaceae,Zygophyllales,Magnoliopsida,Tracheophyta,Plantae,ACCEPTED,EXACT,99,True,,2026-08-20
Guaiacum sanctum,Guaiacum sanctum,3189908,Guaiacum,Zygophyllaceae,Zygophyllales,Magnoliopsida,Tracheophyta,Plantae,ACCEPTED,EXACT,99,True,,2026-08-20
Gymnema sylvestre,Gymnema sylvestre,8040540,Gymnema,Apocynaceae,Gentianales,Magnoliopsida,Tracheophyta,Plantae,ACCEPTED,EXACT,97,True,,2026-08-20
Gypsophila paniculata,Gypsophila paniculata,5384458,Gypsophila,Caryophyllaceae,Caryophyllales,Magnoliopsida,Tracheophyta,Plantae,ACCEPTED,EXACT,99,True,,2026-08-20
Hamamelis virginiana,Hamamelis virginiana,3152827,Hamamelis,Hamamelidaceae,Saxifragales,Magnoliopsida,Tracheophyta,Plantae,ACCEPTED,EXACT,99,True,,2026-08-20
Harpagophytum procumbens,Harpagophytum procumbens,3585335,Harpagophytum,Pedaliaceae,Lamiales,Magnoliopsida,Tracheophyta,Plantae,ACCEPTED,EXACT,97,True,,2026-08-20
Harungana madagascariensis,Harungana madagascariensis,3711847,Harungana,Hypericaceae,Malpighiales,Magnoliopsida,Tracheophyta,Plantae,ACCEPTED,EXACT,99,True,,2026-08-20
Hay herb,,,,,,,,,,NONE,0,False,no_match:NONE,2026-08-20
Hedeoma pulegioides,Hedeoma pulegioides,2926704,Hedeoma,Lamiaceae,Lamiales,Magnoliopsida,Tracheophyta,Plantae,ACCEPTED,EXACT,99,True,,2026-08-20
Hedera helix,Hedera helix,8351737,Hedera,Araliaceae,Apiales,Magnoliopsida,Tracheophyta,Plantae,ACCEPTED,EXACT,97,True,,2026-08-20
Hedychium coronarium,Hedychium coronarium,7883492,Hedychium,Zingiberaceae,Zingiberales,Liliopsida,Tracheophyta,Plantae,ACCEPTED,EXACT,99,True,,2026-08-20
Hedychium flavescens,Hedychium flavescens,2758601,Hedychium,Zingiberaceae,Zingiberales,Liliopsida,Tracheophyta,Plantae,ACCEPTED,EXACT,97,True,,2026-08-20
Hedychium spicatum,Hedychium spicatum,2758631,Hedychium,Zingiberaceae,Zingiberales,Liliopsida,Tracheophyta,Plantae,ACCEPTED,EXACT,97,True,,2026-08-20
Helianthus annuus,Helianthus annuus,9206251,Helianthus,Asteraceae,Asterales,Magnoliopsida,Tracheophyta,Plantae,ACCEPTED,EXACT,99,True,,2026-08-20
Helianthus tuberosus,Helianthus tuberosus,3119175,Helianthus,Asteraceae,Asterales,Magnoliopsida,Tracheophyta,Plantae,ACCEPTED,EXACT,98,True,,2026-08-20
Helichrysum angustifolium,Helichrysum angustifolium,7968420,Helichrysum,Asteraceae,Asterales,Magnoliopsida,Tracheophyta,Plantae,ACCEPTED,EXACT,97,True,,2026-08-20
Helichrysum arenarium,Helichrysum arenarium,3131809,Helichrysum,Asteraceae,Asterales,Magnoliopsida,Tracheophyta,Plantae,ACCEPTED,EXACT,97,True,,2026-08-20
Helichrysum italicum,Helichrysum italicum,3131614,Helichrysum,Asteraceae,Asterales,Magnoliopsida,Tracheophyta,Plantae,ACCEPTED,EXACT,98,True,,2026-08-20
Helichrysum stoechas,Helichrysum stoechas,3131494,Helichrysum,Asteraceae,Asterales,Magnoliopsida,Tracheophyta,Plantae,ACCEPTED,EXACT,97,True,,2026-08-20
Hemidesmus indicus,Hemidesmus indicus,8125676,Hemidesmus,Apocynaceae,Gentianales,Magnoliopsida,Tracheophyta,Plantae,ACCEPTED,EXACT,97,True,,2026-08-20
Heracleum sphondylium,Heracleum sphondylium,3034830,Heracleum,Apiaceae,Apiales,Magnoliopsida,Tracheophyta,Plantae,ACCEPTED,EXACT,97,True,,2026-08-20
Herniaria glabra,Herniaria glabra,3085798,Herniaria,Caryophyllaceae,Caryophyllales,Magnoliopsida,Tracheophyta,Plantae,ACCEPTED,EXACT,99,True,,2026-08-20
Heterotheca inuloides,Heterotheca inuloides,5401982,Heterotheca,Asteraceae,Asterales,Magnoliopsida,Tracheophyta,Plantae,ACCEPTED,EXACT,97,True,,2026-08-20
Hevea brasiliensis,Hevea brasiliensis,3071171,Hevea,Euphorbiaceae,Malpighiales,Magnoliopsida,Tracheophyta,Plantae,ACCEPTED,EXACT,99,True,,2026-08-20
Hibbertia scandens,Hibbertia scandens,8129928,Hibbertia,Dilleniaceae,Dilleniales,Magnoliopsida,Tracheophyta,Plantae,ACCEPTED,EXACT,97,True,,2026-08-20
Hibiscus abelmoschus,Abelmoschus moschatus,10045372,Abelmoschus,Malvaceae,Malvales,Magnoliopsida,Tracheophyta,Plantae,SYNONYM,EXACT,98,True,,2026-08-20
Hibiscus esculentus,Abelmoschus esculentus,3152707,Abelmoschus,Malvaceae,Malvales,Magnoliopsida,Tracheophyta,Plantae,SYNONYM,EXACT,98,True,,2026-08-20
Hibiscus sabdariffa,Hibiscus sabdariffa,3152582,Hibiscus,Malvaceae,Malvales,Magnoliopsida,Tracheophyta,Plantae,ACCEPTED,EXACT,97,True,,2026-08-20
Hibiscus syriacus,Hibiscus syriacus,3152583,Hibiscus,Malvaceae,Malvales,Magnoliopsida,Tracheophyta,Plantae,ACCEPTED,EXACT,99,True,,2026-08-20
Hieracium pilosella,Pilosella officinarum,9458333,Pilosella,Asteraceae,Asterales,Magnoliopsida,Tracheophyta,Plantae,SYNONYM,EXACT,98,True,,2026-08-20
Hieracium umbellatum,Hieracium umbellatum,3135329,Hieracium,Asteraceae,Asterales,Magnoliopsida,Tracheophyta,Plantae,ACCEPTED,EXACT,97,True,,2026-08-20
Hierochloe alpina,Anthoxanthum monticola,4133679,Anthoxanthum,Poaceae,Poales,Liliopsida,Tracheophyta,Plantae,SYNONYM,EXACT,98,True,,2026-08-20
Hierochloe odorata,Anthoxanthum nitens,2703346,Anthoxanthum,Poaceae,Poales,Liliopsida,Tracheophyta,Plantae,SYNONYM,EXACT,97,True,,2026-08-20
Himanthalia elongata,Himanthalia elongata,3197836,Himanthalia,Himanthaliaceae,Fucales,Phaeophyceae,Ochrophyta,Chromista,ACCEPTED,EXACT,99,True,,2026-08-20
Hippophae rhamnoides,Hippophae rhamnoides,3039285,Hippophae,Elaeagnaceae,Rosales,Magnoliopsida,Tracheophyta,Plantae,ACCEPTED,EXACT,99,True,,2026-08-20
Holarrhena antidysenterica,,,Holarrhena,Apocynaceae,Gentianales,,,Plantae,,HIGHERRANK,0,False,no_match:HIGHERRANK|genus_fallback,2026-08-20
Hordeum distichon,Hordeum distichon,8332019,Hordeum,Poaceae,Poales,Liliopsida,Tracheophyta,Plantae,ACCEPTED,EXACT,99,True,,2026-08-20
Hordeum vulgare,Hordeum vulgare,2706056,Hordeum,Poaceae,Poales,Liliopsida,Tracheophyta,Plantae,ACCEPTED,EXACT,99,True,,2026-08-20
Houttuynia cordata,Houttuynia cordata,5384931,Houttuynia,Saururaceae,Piperales,Magnoliopsida,Tracheophyta,Plantae,ACCEPTED,EXACT,99,True,,2026-08-20
Hoya carnosa,Hoya carnosa,8658195,Hoya,Apocynaceae,Gentianales,Magnoliopsida,Tracheophyta,Plantae,ACCEPTED,EXACT,99,True,,2026-08-20
Humulus lupulus,Humulus lupulus,2984535,Humulus,Cannabaceae,Rosales,Magnoliopsida,Tracheophyta,Plantae,ACCEPTED,EXACT,97,True,,2026-08-20
Hyacinthus orientalis,Hyacinthus orientalis,2772666,Hyacinthus,Asparagaceae,Asparagales,Liliopsida,Tracheophyta,Plantae,ACCEPTED,EXACT,99,True,,2026-08-20
Hydrangea arborescens,Hydrangea arborescens,2985986,Hydrangea,Hydrangeaceae,Cornales,Magnoliopsida,Tracheophyta,Plantae,ACCEPTED,EXACT,97,True,,2026-08-20
Hydrangea macrophylla,Hydrangea macrophylla,2985994,Hydrangea,Hydrangeaceae,Cornales,Magnoliopsida,Tracheophyta,Plantae,ACCEPTED,EXACT,99,True,,2026-08-20
Hydrastis canadensis,Hydrastis canadensis,3033110,Hydrastis,Ranunculaceae,Ranunculales,Magnoliopsida,Tracheophyta,Plantae,ACCEPTED,EXACT,97,True,,2026-08-20
Hymenaea courbaril,Hymenaea courbaril,2950750,Hymenaea,Fabaceae,Fabales,Magnoliopsida,Tracheophyta,Plantae,ACCEPTED,EXACT,99,True,,2026-08-20
Hypericum perforatum,Hypericum perforatum,3189486,Hypericum,Hypericaceae,Malpighiales,Magnoliopsida,Tracheophyta,Plantae,ACCEPTED,EXACT,99,True,,2026-08-20
Hypnea musciformis,Hypnea musciformis,9802728,Hypnea,Cystocloniaceae,Gigartinales,Florideophyceae,Rhodophyta,Plantae,ACCEPTED,EXACT,98,True,,2026-08-20
Hyssopus officinalis,Hyssopus officinalis,5341387,Hyssopus,Lamiaceae,Lamiales,Magnoliopsida,Tracheophyta,Plantae,ACCEPTED,EXACT,99,True,,2026-08-20
Ilex aquifolium,Ilex aquifolium,5414222,Ilex,Aquifoliaceae,Aquifoliales,Magnoliopsida,Tracheophyta,Plantae,ACCEPTED,EXACT,97,True,,2026-08-20
Ilex paraguariensis,Ilex paraguariensis,5414252,Ilex,Aquifoliaceae,Aquifoliales,Magnoliopsida,Tracheophyta,Plantae,ACCEPTED,EXACT,99,True,,2026-08-20
Illicium verum,Illicium verum,2889756,Illicium,Schisandraceae,Austrobaileyales,Magnoliopsida,Tracheophyta,Plantae,ACCEPTED,EXACT,99,True,,2026-08-20
Impatiens balsamina,Impatiens balsamina,2891773,Impatiens,Balsaminaceae,Ericales,Magnoliopsida,Tracheophyta,Plantae,ACCEPTED,EXACT,99,True,,2026-08-20
Indigofera argentea,Indigofera argentea,2971766,Indigofera,Fabaceae,Fabales,Magnoliopsida,Tracheophyta,Plantae,ACCEPTED,EXACT,97,True,,2026-08-20
Indigofera tinctoria,Indigofera tinctoria,2972043,Indigofera,Fabaceae,Fabales,Magnoliopsida,Tracheophyta,Plantae,ACCEPTED,EXACT,97,True,,2026-08-20
Inula helenium,Inula helenium,3148340,Inula,Asteraceae,Asterales,Magnoliopsida,Tracheophyta,Plantae,ACCEPTED,EXACT,97,True,,2026-08-20
Inula viscosa,Dittrichia viscosa,11182823,Dittrichia,Asteraceae,Asterales,Magnoliopsida,Tracheophyta,Plantae,SYNONYM,EXACT,98,True,,2026-08-20
Ipomoea batatas,Ipomoea batatas,2928551,Ipomoea,Convolvulaceae,Solanales,Magnoliopsida,Tracheophyta,Plantae,ACCEPTED,EXACT,97,True,,2026-08-20
Ipomoea bona-nox,Ipomoea alba,2928631,Ipomoea,Convolvulaceae,Solanales,Magnoliopsida,Tracheophyta,Plantae,SYNONYM,EXACT,98,True,,2026-08-20
Ipomoea hederacea,Ipomoea hederacea,2928538,Ipomoea,Convolvulaceae,Solanales,Magnoliopsida,Tracheophyta,Plantae,ACCEPTED,EXACT,97,True,,2026-08-20
Ipomoea purga,Ipomoea purga,2928628,Ipomoea,Convolvulaceae,Solanales,Magnoliopsida,Tracheophyta,Plantae,ACCEPTED,EXACT,97,True,,2026-08-20
Iris florentina,Iris florentina,5298079,Iris,Iridaceae,Asparagales,Liliopsida,Tracheophyta,Plantae,ACCEPTED,EXACT,98,True,,2026-08-20
Iris germanica,Iris germanica,5298069,Iris,Iridaceae,Asparagales,Liliopsida,Tracheophyta,Plantae,ACCEPTED,EXACT,97,True,,2026-08-20
Iris pallida,Iris pallida,5298086,Iris,Iridaceae,Asparagales,Liliopsida,Tracheophyta,Plantae,ACCEPTED,EXACT,97,True,,2026-08-20
Iris pseudacorus,Iris pseudacorus,5298231,Iris,Iridaceae,Asparagales,Liliopsida,Tracheophyta,Plantae,ACCEPTED,EXACT,99,True,,2026-08-20
Iris versicolor,Iris versicolor,5298019,Iris,Iridaceae,Asparagales,Liliopsida,Tracheophyta,Plantae,ACCEPTED,EXACT,97,True,,2026-08-20
Irvingia gabonensis,Irvingia gabonensis,5380976,Irvingia,Irvingiaceae,Malpighiales,Magnoliopsida,Tracheophyta,Plantae,ACCEPTED,EXACT,98,True,,2026-08-20
Isodon japonicus,Isodon japonicus,7308617,Isodon,Lamiaceae,Lamiales,Magnoliopsida,Tracheophyta,Plantae,ACCEPTED,EXACT,99,True,,2026-08-20
Isodon trichocarpus,Isodon trichocarpus,5608821,Isodon,Lamiaceae,Lamiales,Magnoliopsida,Tracheophyta,Plantae,ACCEPTED,EXACT,99,True,,2026-08-20
Jacaranda mimosifolia,Jacaranda mimosifolia,3172499,Jacaranda,Bignoniaceae,Lamiales,Magnoliopsida,Tracheophyta,Plantae,ACCEPTED,EXACT,99,True,,2026-08-20
Jasminum grandiflorum,Jasminum grandiflorum,3172262,Jasminum,Oleaceae,Lamiales,Magnoliopsida,Tracheophyta,Plantae,ACCEPTED,EXACT,99,True,,2026-08-20
Jasminum officinale,Jasminum officinale,3172261,Jasminum,Oleaceae,Lamiales,Magnoliopsida,Tracheophyta,Plantae,ACCEPTED,EXACT,99,True,,2026-08-20
Jasminum sambac,Jasminum sambac,7587215,Jasminum,Oleaceae,Lamiales,Magnoliopsida,Tracheophyta,Plantae,ACCEPTED,EXACT,98,True,,2026-08-20
Juglans mandshurica,Juglans mandshurica,4205640,Juglans,Juglandaceae,Fagales,Magnoliopsida,Tracheophyta,Plantae,ACCEPTED,EXACT,97,True,,2026-08-20
Juglans nigra,Juglans nigra,3054357,Juglans,Juglandaceae,Fagales,Magnoliopsida,Tracheophyta,Plantae,ACCEPTED,EXACT,97,True,,2026-08-20
Juglans regia,Juglans regia,3054368,Juglans,Juglandaceae,Fagales,Magnoliopsida,Tracheophyta,Plantae,ACCEPTED,EXACT,99,True,,2026-08-20
Juliana adstringens,Amphipterygium adstringens,3661100,Amphipterygium,Anacardiaceae,Sapindales,Magnoliopsida,Tracheophyta,Plantae,SYNONYM,FUZZY,84,True,,2026-08-20
Juniperus chinensis,Juniperus chinensis,2684363,Juniperus,Cupressaceae,Pinales,Pinopsida,Tracheophyta,Plantae,ACCEPTED,EXACT,97,True,,2026-08-20
Juniperus communis,Juniperus communis,2684709,Juniperus,Cupressaceae,Pinales,Pinopsida,Tracheophyta,Plantae,ACCEPTED,EXACT,97,True,,2026-08-20
Juniperus mexicana,Juniperus mexicana,8404345,Juniperus,Cupressaceae,Pinales,Pinopsida,Tracheophyta,Plantae,ACCEPTED,EXACT,97,True,,2026-08-20
Juniperus osteosperma,Juniperus osteosperma,2684818,Juniperus,Cupressaceae,Pinales,Pinopsida,Tracheophyta,Plantae,ACCEPTED,EXACT,99,True,,2026-08-20
Juniperus oxycedrus,Juniperus oxycedrus,2684451,Juniperus,Cupressaceae,Pinales,Pinopsida,Tracheophyta,Plantae,ACCEPTED,EXACT,98,True,,2026-08-20
Juniperus phoenicea,Juniperus phoenicea,2684640,Juniperus,Cupressaceae,Pinales,Pinopsida,Tracheophyta,Plantae,ACCEPTED,EXACT,97,True,,2026-08-20
Juniperus spp,,,Juniperus,Cupressaceae,Pinales,,,Plantae,,HIGHERRANK,0,False,no_match:HIGHERRANK|genus_fallback,2026-08-20
Juniperus virginiana,Juniperus virginiana,2684391,Juniperus,Cupressaceae,Pinales,Pinopsida,Tracheophyta,Plantae,ACCEPTED,EXACT,98,True,,2026-08-20
Kaempferia galanga,Kaempferia galanga,5301451,Kaempferia,Zingiberaceae,Zingiberales,Liliopsida,Tracheophyta,Plantae,ACCEPTED,EXACT,99,True,,2026-08-20
Kalanchoe pinnata,Kalanchoe pinnata,2985930,Kalanchoe,Crassulaceae,Saxifragales,Magnoliopsida,Tracheophyta,Plantae,ACCEPTED,EXACT,99,True,,2026-08-20
Kigelia africana,Kigelia africana,3172561,Kigelia,Bignoniaceae,Lamiales,Magnoliopsida,Tracheophyta,Plantae,ACCEPTED,EXACT,99,True,,2026-08-20
Krameria cistoides,Krameria cistoidea,5687632,Krameria,Krameriaceae,Zygophyllales,Magnoliopsida,Tracheophyta,Plantae,SYNONYM,EXACT,98,True,,2026-08-20
Krameria triandra,Krameria lappacea,5687593,Krameria,Krameriaceae,Zygophyllales,Magnoliopsida,Tracheophyta,Plantae,SYNONYM,EXACT,98,True,,2026-08-20
Kunzea ambigua,Kunzea ambigua,5420044,Kunzea,Myrtaceae,Myrtales,Magnoliopsida,Tracheophyta,Plantae,ACCEPTED,EXACT,98,True,,2026-08-20
Kunzea pomifera,Kunzea pomifera,5420023,Kunzea,Myrtaceae,Myrtales,Magnoliopsida,Tracheophyta,Plantae,ACCEPTED,EXACT,99,True,,2026-08-20
Lactuca scariola,Lactuca serriola,3140490,Lactuca,Asteraceae,Asterales,Magnoliopsida,Tracheophyta,Plantae,SYNONYM,EXACT,98,True,,2026-08-20
Lactuca virosa,Lactuca virosa,3140346,Lactuca,Asteraceae,Asterales,Magnoliopsida,Tracheophyta,Plantae,ACCEPTED,EXACT,97,True,,2026-08-20
Laminaria cloustoni,Laminaria hyperborea,5422383,Laminaria,Laminariaceae,Laminariales,Phaeophyceae,Ochrophyta,Chromista,SYNONYM,EXACT,98,True,,2026-08-20
Laminaria digitata,Laminaria digitata,5422479,Laminaria,Laminariaceae,Laminariales,Phaeophyceae,Ochrophyta,Chromista,ACCEPTED,EXACT,99,True,,2026-08-20
Laminaria hyperborea,Laminaria hyperborea,5422383,Laminaria,Laminariaceae,Laminariales,Phaeophyceae,Ochrophyta,Chromista,ACCEPTED,EXACT,99,True,,2026-08-20
Laminaria japonica,Laminaria japonica,5422368,Laminaria,Laminariaceae,Laminariales,Phaeophyceae,Ochrophyta,Chromista,ACCEPTED,EXACT,99,True,,2026-08-20
Laminaria ochroleuca,Laminaria ochroleuca,5422378,Laminaria,Laminariaceae,Laminariales,Phaeophyceae,Ochrophyta,Chromista,ACCEPTED,EXACT,97,True,,2026-08-20
Laminaria saccharina,Saccharina latissima,4377207,Saccharina,Laminariaceae,Laminariales,Phaeophyceae,Ochrophyta,Chromista,SYNONYM,EXACT,98,True,,2026-08-20
Lamium album,Lamium album,2926683,Lamium,Lamiaceae,Lamiales,Magnoliopsida,Tracheophyta,Plantae,ACCEPTED,EXACT,97,True,,2026-08-20
Lantana camara,Lantana camara,2925303,Lantana,Verbenaceae,Lamiales,Magnoliopsida,Tracheophyta,Plantae,ACCEPTED,EXACT,99,True,,2026-08-20
Lapsana communis,Lapsana communis,3134857,Lapsana,Asteraceae,Asterales,Magnoliopsida,Tracheophyta,Plantae,ACCEPTED,EXACT,99,True,,2026-08-20
Larix decidua,Larix decidua,2686212,Larix,Pinaceae,Pinales,Pinopsida,Tracheophyta,Plantae,ACCEPTED,EXACT,99,True,,2026-08-20
Larix europaea,,,Larix,Pinaceae,Pinales,,,Plantae,,HIGHERRANK,0,False,no_match:HIGHERRANK|genus_fallback,2026-08-20
Larix sibirica,Larix sibirica,2686276,Larix,Pinaceae,Pinales,Pinopsida,Tracheophyta,Plantae,ACCEPTED,EXACT,97,True,,2026-08-20
Larrea divaricata,Larrea divaricata,6384921,Larrea,Zygophyllaceae,Zygophyllales,Magnoliopsida,Tracheophyta,Plantae,ACCEPTED,EXACT,99,True,,2026-08-20
Larrea mexicana,Larrea tridentata,7568403,Larrea,Zygophyllaceae,Zygophyllales,Magnoliopsida,Tracheophyta,Plantae,SYNONYM,EXACT,98,True,,2026-08-20
Lathyrus odoratus,Lathyrus odoratus,5356514,Lathyrus,Fabaceae,Fabales,Magnoliopsida,Tracheophyta,Plantae,ACCEPTED,EXACT,99,True,,2026-08-20
Laurus nobilis,Laurus nobilis,3034015,Laurus,Lauraceae,Laurales,Magnoliopsida,Tracheophyta,Plantae,ACCEPTED,EXACT,98,True,,2026-08-20
Lavandula angustifolia,Lavandula angustifolia,2927305,Lavandula,Lamiaceae,Lamiales,Magnoliopsida,Tracheophyta,Plantae,ACCEPTED,EXACT,97,True,,2026-08-20
Lavandula dentata,Lavandula dentata,7307829,Lavandula,Lamiaceae,Lamiales,Magnoliopsida,Tracheophyta,Plantae,ACCEPTED,EXACT,99,True,,2026-08-20
Lavandula hybrida,,,Lavandula,Lamiaceae,Lamiales,,,Plantae,,HIGHERRANK,0,False,no_match:HIGHERRANK|genus_fallback,2026-08-20
Lavandula intermedia,Lavandula intermedia,12021612,Lavandula,Lamiaceae,Lamiales,Magnoliopsida,Tracheophyta,Plantae,ACCEPTED,EXACT,97,True,,2026-08-20
Lavandula latifolia,Lavandula latifolia,2927304,Lavandula,Lamiaceae,Lamiales,Magnoliopsida,Tracheophyta,Plantae,ACCEPTED,EXACT,98,True,,2026-08-14
Lavandula officinalis,Lavandula angustifolia,7307884,Lavandula,Lamiaceae,Lamiales,Magnoliopsida,Tracheophyta,Plantae,SYNONYM,EXACT,98,True,,2026-08-20
Lavandula spica,Lavandula spica,9023955,Lavandula,Lamiaceae,Lamiales,Magnoliopsida,Tracheophyta,Plantae,ACCEPTED,EXACT,97,True,,2026-08-14
Lavandula stoechas,Lavandula stoechas,2927303,Lavandula,Lamiaceae,Lamiales,Magnoliopsida,Tracheophyta,Plantae,ACCEPTED,EXACT,99,True,,2026-08-20
Lawsonia inermis,Lawsonia inermis,5420912,Lawsonia,Lythraceae,Myrtales,Magnoliopsida,Tracheophyta,Plantae,ACCEPTED,EXACT,99,True,,2026-08-20
Ledum groenlandicum,Rhododendron groenlandicum,2882984,Rhododendron,Ericaceae,Ericales,Magnoliopsida,Tracheophyta,Plantae,SYNONYM,EXACT,97,True,,2026-08-20
Ledum palustre,,,Rhododendron,Ericaceae,Ericales,,,Plantae,,HIGHERRANK,0,False,no_match:HIGHERRANK|genus_fallback,2026-08-20
Lens esculenta,Vicia lens,3973001,Vicia,Fabaceae,Fabales,Magnoliopsida,Tracheophyta,Plantae,SYNONYM,EXACT,98,True,,2026-08-20
Leontopodium alpinum,,,Leontopodium,Asteraceae,Asterales,,,Plantae,,HIGHERRANK,0,False,no_match:HIGHERRANK|genus_fallback,2026-08-20
Leonurus cardiaca,Leonurus cardiaca,5341389,Leonurus,Lamiaceae,Lamiales,Magnoliopsida,Tracheophyta,Plantae,ACCEPTED,EXACT,99,True,,2026-08-20
Lepidium sativum,Lepidium sativum,5376565,Lepidium,Brassicaceae,Brassicales,Magnoliopsida,Tracheophyta,Plantae,ACCEPTED,EXACT,98,True,,2026-08-20
Leptactina senegambica,Leptactina senegambica,4938018,Leptactina,Rubiaceae,Gentianales,Magnoliopsida,Tracheophyta,Plantae,ACCEPTED,EXACT,99,True,,2026-08-20
Leptadenia reticulata,Leptadenia reticulata,3580162,Leptadenia,Apocynaceae,Gentianales,Magnoliopsida,Tracheophyta,Plantae,ACCEPTED,EXACT,99,True,,2026-08-20
Leptospermum petersonii,Leptospermum petersonii,3181958,Leptospermum,Myrtaceae,Myrtales,Magnoliopsida,Tracheophyta,Plantae,ACCEPTED,EXACT,99,True,,2026-08-20
Leptospermum scoparium,Leptospermum scoparium,3181762,Leptospermum,Myrtaceae,Myrtales,Magnoliopsida,Tracheophyta,Plantae,ACCEPTED,EXACT,99,True,,2026-08-20
Lespedeza capitata,Lespedeza capitata,2955772,Lespedeza,Fabaceae,Fabales,Magnoliopsida,Tracheophyta,Plantae,ACCEPTED,EXACT,99,True,,2026-08-20
Lespedeza cuneata,Lespedeza cuneata,8114276,Lespedeza,Fabaceae,Fabales,Magnoliopsida,Tracheophyta,Plantae,ACCEPTED,EXACT,99,True,,2026-08-20
Levisticum officinale,Levisticum officinale,5371772,Levisticum,Apiaceae,Apiales,Magnoliopsida,Tracheophyta,Plantae,ACCEPTED,EXACT,99,True,,2026-08-20
Liatris odoratissima,Carphephorus odoratissimus,7795803,Carphephorus,Asteraceae,Asterales,Magnoliopsida,Tracheophyta,Plantae,SYNONYM,EXACT,97,True,,2026-08-20
Ligustrum lucidum,Ligustrum lucidum,3172297,Ligustrum,Oleaceae,Lamiales,Magnoliopsida,Tracheophyta,Plantae,ACCEPTED,EXACT,97,True,,2026-08-20
Ligustrum vulgare,Ligustrum vulgare,3172300,Ligustrum,Oleaceae,Lamiales,Magnoliopsida,Tracheophyta,Plantae,ACCEPTED,EXACT,98,True,,2026-08-20
Lilium candidum,Lilium candidum,2753090,Lilium,Liliaceae,Liliales,Liliopsida,Tracheophyta,Plantae,ACCEPTED,EXACT,98,True,,2026-08-20
Lilium tigrinum,Lilium lancifolium,2753380,Lilium,Liliaceae,Liliales,Liliopsida,Tracheophyta,Plantae,SYNONYM,EXACT,97,True,,2026-08-20
Limnanthes alba,Limnanthes alba,5334525,Limnanthes,Limnanthaceae,Brassicales,Magnoliopsida,Tracheophyta,Plantae,ACCEPTED,EXACT,97,True,,2026-08-20
Limonium vulgare,Limonium vulgare,3082322,Limonium,Plumbaginaceae,Caryophyllales,Magnoliopsida,Tracheophyta,Plantae,ACCEPTED,EXACT,98,True,,2026-08-20
Linum usitatissimum,Linum usitatissimum,2873861,Linum,Linaceae,Malpighiales,Magnoliopsida,Tracheophyta,Plantae,ACCEPTED,EXACT,98,True,,2026-08-20
Lippia alba,Lippia alba,2925385,Lippia,Verbenaceae,Lamiales,Magnoliopsida,Tracheophyta,Plantae,ACCEPTED,EXACT,99,True,,2026-08-20
Liquidambar orientalis,Liquidambar orientalis,3152825,Liquidambar,Altingiaceae,Saxifragales,Magnoliopsida,Tracheophyta,Plantae,ACCEPTED,EXACT,99,True,,2026-08-20
Liquidambar styraciflua,Liquidambar styraciflua,3152824,Liquidambar,Altingiaceae,Saxifragales,Magnoliopsida,Tracheophyta,Plantae,ACCEPTED,EXACT,99,True,,2026-08-20
Liriodendron tulipifera,Liriodendron tulipifera,3152861,Liriodendron,Magnoliaceae,Magnoliales,Magnoliopsida,Tracheophyta,Plantae,ACCEPTED,EXACT,98,True,,2026-08-20
Liriosma ovata,Dulacia inopiflora,3685520,Dulacia,Olacaceae,Santalales,Magnoliopsida,Tracheophyta,Plantae,SYNONYM,EXACT,98,True,,2026-08-20
Litchi chinensis,Litchi chinensis,3190002,Litchi,Sapindaceae,Sapindales,Magnoliopsida,Tracheophyta,Plantae,ACCEPTED,EXACT,99,True,,2026-08-20
Lithospermum erythrorhizon,Lithospermum erythrorhizon,2926087,Lithospermum,Boraginaceae,Boraginales,Magnoliopsida,Tracheophyta,Plantae,ACCEPTED,EXACT,99,True,,2026-08-20
Lithospermum officinale,Lithospermum officinale,2926086,Lithospermum,Boraginaceae,Boraginales,Magnoliopsida,Tracheophyta,Plantae,ACCEPTED,EXACT,99,True,,2026-08-20
Litsea cubeba,Litsea cubeba,3033977,Litsea,Lauraceae,Laurales,Magnoliopsida,Tracheophyta,Plantae,ACCEPTED,EXACT,98,True,,2026-08-20
Lolium perenne,Lolium perenne,2706241,Lolium,Poaceae,Poales,Liliopsida,Tracheophyta,Plantae,ACCEPTED,EXACT,98,True,,2026-08-20
Lonicera caprifolium,Lonicera caprifolium,5334227,Lonicera,Caprifoliaceae,Dipsacales,Magnoliopsida,Tracheophyta,Plantae,ACCEPTED,EXACT,97,True,,2026-08-20
Lonicera japonica,Lonicera japonica,5334240,Lonicera,Caprifoliaceae,Dipsacales,Magnoliopsida,Tracheophyta,Plantae,ACCEPTED,EXACT,97,True,,2026-08-20
Lotus corniculatus,Lotus corniculatus,5357013,Lotus,Fabaceae,Fabales,Magnoliopsida,Tracheophyta,Plantae,ACCEPTED,EXACT,99,True,,2026-08-20
Lotus japonicus,Lotus japonicus,5357027,Lotus,Fabaceae,Fabales,Magnoliopsida,Tracheophyta,Plantae,ACCEPTED,EXACT,99,True,,2026-08-20
Luffa cylindrica,,,Luffa,Cucurbitaceae,Cucurbitales,,,Plantae,,HIGHERRANK,0,False,no_match:HIGHERRANK|genus_fallback,2026-08-20
Luffa operculata,Luffa operculata,2874603,Luffa,Cucurbitaceae,Cucurbitales,Magnoliopsida,Tracheophyta,Plantae,ACCEPTED,EXACT,99,True,,2026-08-20
Lupinus albus,Lupinus albus,2964167,Lupinus,Fabaceae,Fabales,Magnoliopsida,Tracheophyta,Plantae,ACCEPTED,EXACT,99,True,,2026-08-20
Lycium barbarum,Lycium barbarum,2928835,Lycium,Solanaceae,Solanales,Magnoliopsida,Tracheophyta,Plantae,ACCEPTED,EXACT,97,True,,2026-08-20
Lycopodium clavatum,Lycopodium clavatum,2688393,Lycopodium,Lycopodiaceae,Lycopodiales,Lycopodiopsida,Tracheophyta,Plantae,ACCEPTED,EXACT,99,True,,2026-08-20
Lycopsis arvensis,Lycopsis arvensis,5341197,Lycopsis,Boraginaceae,Boraginales,Magnoliopsida,Tracheophyta,Plantae,ACCEPTED,EXACT,99,True,,2026-08-20
Lythrum salicaria,Lythrum salicaria,3188736,Lythrum,Lythraceae,Myrtales,Magnoliopsida,Tracheophyta,Plantae,ACCEPTED,EXACT,99,True,,2026-08-20
Macadamia integrifolia,Macadamia integrifolia,2891785,Macadamia,Proteaceae,Proteales,Magnoliopsida,Tracheophyta,Plantae,ACCEPTED,EXACT,99,True,,2026-08-20
Macadamia ternifolia,Macadamia ternifolia,8406703,Macadamia,Proteaceae,Proteales,Magnoliopsida,Tracheophyta,Plantae,ACCEPTED,EXACT,99,True,,2026-08-20
Magnolia biondii,Magnolia biondii,3153889,Magnolia,Magnoliaceae,Magnoliales,Magnoliopsida,Tracheophyta,Plantae,ACCEPTED,EXACT,99,True,,2026-08-20
Magnolia glauca,,,Magnolia,Magnoliaceae,Magnoliales,,,Plantae,,HIGHERRANK,0,False,no_match:HIGHERRANK|genus_fallback,2026-08-20
Magnolia grandiflora,Magnolia grandiflora,9605163,Magnolia,Magnoliaceae,Magnoliales,Magnoliopsida,Tracheophyta,Plantae,ACCEPTED,EXACT,99,True,,2026-08-20
Magnolia kobus,Magnolia kobus,3153260,Magnolia,Magnoliaceae,Magnoliales,Magnoliopsida,Tracheophyta,Plantae,ACCEPTED,EXACT,99,True,,2026-08-20
Magnolia liliflora,Magnolia liliiflora,3153228,Magnolia,Magnoliaceae,Magnoliales,Magnoliopsida,Tracheophyta,Plantae,ACCEPTED,FUZZY,96,True,,2026-08-20
Magnolia obovata,Magnolia obovata,3153160,Magnolia,Magnoliaceae,Magnoliales,Magnoliopsida,Tracheophyta,Plantae,ACCEPTED,EXACT,97,True,,2026-08-20
Mahonia aquifolium,Mahonia aquifolium,3033865,Mahonia,Berberidaceae,Ranunculales,Magnoliopsida,Tracheophyta,Plantae,ACCEPTED,EXACT,99,True,,2026-08-20
Mallotus philippensis,Mallotus philippensis,5378605,Mallotus,Euphorbiaceae,Malpighiales,Magnoliopsida,Tracheophyta,Plantae,ACCEPTED,EXACT,98,True,,2026-08-20
Malpighia glabra,Malpighia glabra,5421429,Malpighia,Malpighiaceae,Malpighiales,Magnoliopsida,Tracheophyta,Plantae,ACCEPTED,EXACT,98,True,,2026-08-20
Malva moschata,Malva moschata,3152379,Malva,Malvaceae,Malvales,Magnoliopsida,Tracheophyta,Plantae,ACCEPTED,EXACT,98,True,,2026-08-20
Malva rotundifolia,,,Malva,Malvaceae,Malvales,,,Plantae,,HIGHERRANK,0,False,no_match:HIGHERRANK|genus_fallback,2026-08-20
Malva sylvestris,Malva sylvestris,3152374,Malva,Malvaceae,Malvales,Magnoliopsida,Tracheophyta,Plantae,ACCEPTED,EXACT,99,True,,2026-08-20
Mandragora officinarum,Mandragora officinarum,5341748,Mandragora,Solanaceae,Solanales,Magnoliopsida,Tracheophyta,Plantae,ACCEPTED,EXACT,98,True,,2026-08-20
Mangifera indica,Mangifera indica,3190638,Mangifera,Anacardiaceae,Sapindales,Magnoliopsida,Tracheophyta,Plantae,ACCEPTED,EXACT,97,True,,2026-08-20
Manihot utilissima,Manihot esculenta,3060998,Manihot,Euphorbiaceae,Malpighiales,Magnoliopsida,Tracheophyta,Plantae,SYNONYM,EXACT,98,True,,2026-08-20
Marrubium vulgare,Marrubium vulgare,2927069,Marrubium,Lamiaceae,Lamiales,Magnoliopsida,Tracheophyta,Plantae,ACCEPTED,EXACT,99,True,,2026-08-20
Marsdenia cundurango,Ruehssia cundurango,11152945,Ruehssia,Apocynaceae,Gentianales,Magnoliopsida,Tracheophyta,Plantae,SYNONYM,EXACT,97,True,,2026-08-20
Matricaria recutita,Matricaria chamomilla,8370958,Matricaria,Asteraceae,Asterales,Magnoliopsida,Tracheophyta,Plantae,SYNONYM,EXACT,98,True,,2026-08-20
Mauritia flexuosa,Mauritia flexuosa,5294777,Mauritia,Arecaceae,Arecales,Liliopsida,Tracheophyta,Plantae,ACCEPTED,EXACT,99,True,,2026-08-20
Medicago sativa,Medicago sativa,9151957,Medicago,Fabaceae,Fabales,Magnoliopsida,Tracheophyta,Plantae,ACCEPTED,EXACT,97,True,,2026-08-20
Melaleuca alternifolia,Melaleuca alternifolia,5416091,Melaleuca,Myrtaceae,Myrtales,Magnoliopsida,Tracheophyta,Plantae,ACCEPTED,EXACT,99,True,,2026-08-20
Melaleuca cajuputi,Melaleuca cajuputi,5415885,Melaleuca,Myrtaceae,Myrtales,Magnoliopsida,Tracheophyta,Plantae,ACCEPTED,EXACT,98,True,,2026-08-20
Melaleuca ericifolia,Melaleuca ericifolia,5415723,Melaleuca,Myrtaceae,Myrtales,Magnoliopsida,Tracheophyta,Plantae,ACCEPTED,EXACT,97,True,,2026-08-20
Melaleuca leucadendron,,,,,,,,,,NONE,0,False,no_match:NONE,2026-08-20
Melaleuca quinquenervia,Melaleuca quinquenervia,5415832,Melaleuca,Myrtaceae,Myrtales,Magnoliopsida,Tracheophyta,Plantae,ACCEPTED,EXACT,99,True,,2026-08-20
Melaleuca viridiflora,Melaleuca viridiflora,5416109,Melaleuca,Myrtaceae,Myrtales,Magnoliopsida,Tracheophyta,Plantae,ACCEPTED,EXACT,97,True,,2026-08-20
Melia azadirachta,Azadirachta indica,3190474,Azadirachta,Meliaceae,Sapindales,Magnoliopsida,Tracheophyta,Plantae,SYNONYM,EXACT,98,True,,2026-08-20
Melilotus officinalis,Melilotus officinalis,8193111,Melilotus,Fabaceae,Fabales,Magnoliopsida,Tracheophyta,Plantae,ACCEPTED,EXACT,97,True,,2026-08-20
Melissa officinalis,Melissa officinalis,5341501,Melissa,Lamiaceae,Lamiales,Magnoliopsida,Tracheophyta,Plantae,ACCEPTED,EXACT,99,True,,2026-08-20
Mentha aquatica,Mentha aquatica,2927208,Mentha,Lamiaceae,Lamiales,Magnoliopsida,Tracheophyta,Plantae,ACCEPTED,EXACT,98,True,,2026-08-20
Mentha arvensis,Mentha arvensis,2927192,Mentha,Lamiaceae,Lamiales,Magnoliopsida,Tracheophyta,Plantae,ACCEPTED,EXACT,99,True,,2026-08-20
Mentha australis,Mentha australis,3903405,Mentha,Lamiaceae,Lamiales,Magnoliopsida,Tracheophyta,Plantae,ACCEPTED,EXACT,99,True,,2026-08-20
Mentha cardiaca,Mentha gracilis,7923052,Mentha,Lamiaceae,Lamiales,Magnoliopsida,Tracheophyta,Plantae,SYNONYM,EXACT,97,True,,2026-08-20
Mentha citrata,Mentha aquatica,2927208,Mentha,Lamiaceae,Lamiales,Magnoliopsida,Tracheophyta,Plantae,SYNONYM,EXACT,98,True,,2026-08-20
Mentha piperita,Mentha piperita,8707933,Mentha,Lamiaceae,Lamiales,Magnoliopsida,Tracheophyta,Plantae,ACCEPTED,EXACT,99,True,,2026-08-20
Mentha pulegium,Mentha pulegium,2927189,Mentha,Lamiaceae,Lamiales,Magnoliopsida,Tracheophyta,Plantae,ACCEPTED,EXACT,98,True,,2026-08-20
Mentha rotundifolia,Mentha rotundifolia,8974899,Mentha,Lamiaceae,Lamiales,Magnoliopsida,Tracheophyta,Plantae,ACCEPTED,EXACT,97,True,,2026-08-20
Mentha spicata,Mentha spicata,2927175,Mentha,Lamiaceae,Lamiales,Magnoliopsida,Tracheophyta,Plantae,ACCEPTED,EXACT,97,True,,2026-08-14
Mentha viridis,Mentha spicata,7308335,Mentha,Lamiaceae,Lamiales,Magnoliopsida,Tracheophyta,Plantae,SYNONYM,EXACT,98,True,,2026-08-14
Menyanthes trifoliata,Menyanthes trifoliata,5341511,Menyanthes,Menyanthaceae,Asterales,Magnoliopsida,Tracheophyta,Plantae,ACCEPTED,EXACT,99,True,,2026-08-20
Mercurialis annua,Mercurialis annua,3062975,Mercurialis,Euphorbiaceae,Malpighiales,Magnoliopsida,Tracheophyta,Plantae,ACCEPTED,EXACT,97,True,,2026-08-20
Mercurialis perennis,Mercurialis perennis,3063016,Mercurialis,Euphorbiaceae,Malpighiales,Magnoliopsida,Tracheophyta,Plantae,ACCEPTED,EXACT,99,True,,2026-08-20
Mesua ferrea,Mesua ferrea,7330039,Mesua,Calophyllaceae,Malpighiales,Magnoliopsida,Tracheophyta,Plantae,ACCEPTED,EXACT,99,True,,2026-08-20
Michelia alba,Magnolia alba,3987892,Magnolia,Magnoliaceae,Magnoliales,Magnoliopsida,Tracheophyta,Plantae,SYNONYM,EXACT,98,True,,2026-08-20
Michelia champaca,Magnolia champaca,3153099,Magnolia,Magnoliaceae,Magnoliales,Magnoliopsida,Tracheophyta,Plantae,SYNONYM,EXACT,98,True,,2026-08-20
Mimosa pudica,Mimosa pudica,2969284,Mimosa,Fabaceae,Fabales,Magnoliopsida,Tracheophyta,Plantae,ACCEPTED,EXACT,98,True,,2026-08-20
Mimosa tenuiflora,Mimosa tenuiflora,2969531,Mimosa,Fabaceae,Fabales,Magnoliopsida,Tracheophyta,Plantae,ACCEPTED,EXACT,97,True,,2026-08-20
Mimusops elengi,Mimusops elengi,2883768,Mimusops,Sapotaceae,Ericales,Magnoliopsida,Tracheophyta,Plantae,ACCEPTED,EXACT,97,True,,2026-08-20
Mirabilis jalapa,Mirabilis jalapa,3086240,Mirabilis,Nyctaginaceae,Caryophyllales,Magnoliopsida,Tracheophyta,Plantae,ACCEPTED,EXACT,99,True,,2026-08-20
Mitracarpus scaber,Mitracarpus hirtus,2912993,Mitracarpus,Rubiaceae,Gentianales,Magnoliopsida,Tracheophyta,Plantae,SYNONYM,EXACT,97,True,,2026-08-20
Momordica charantia,Momordica charantia,2874581,Momordica,Cucurbitaceae,Cucurbitales,Magnoliopsida,Tracheophyta,Plantae,ACCEPTED,EXACT,97,True,,2026-08-20
Monarda didyma,Monarda didyma,5341407,Monarda,Lamiaceae,Lamiales,Magnoliopsida,Tracheophyta,Plantae,ACCEPTED,EXACT,99,True,,2026-08-20
Monarda fistulosa,Monarda fistulosa,5341411,Monarda,Lamiaceae,Lamiales,Magnoliopsida,Tracheophyta,Plantae,ACCEPTED,EXACT,97,True,,2026-08-20
Morinda citrifolia,Morinda citrifolia,5339879,Morinda,Rubiaceae,Gentianales,Magnoliopsida,Tracheophyta,Plantae,ACCEPTED,EXACT,99,True,,2026-08-20
Moringa oleifera,Moringa oleifera,3054181,Moringa,Moringaceae,Brassicales,Magnoliopsida,Tracheophyta,Plantae,ACCEPTED,EXACT,97,True,,2026-08-20
Morus alba,Morus alba,5361889,Morus,Moraceae,Rosales,Magnoliopsida,Tracheophyta,Plantae,ACCEPTED,EXACT,97,True,,2026-08-20
Morus nigra,Morus nigra,5361888,Morus,Moraceae,Rosales,Magnoliopsida,Tracheophyta,Plantae,ACCEPTED,EXACT,98,True,,2026-08-20
Mucuna pruriens,Mucuna pruriens,2951499,Mucuna,Fabaceae,Fabales,Magnoliopsida,Tracheophyta,Plantae,ACCEPTED,EXACT,99,True,,2026-08-20
Musa acuminata,Musa acuminata,2762680,Musa,Musaceae,Zingiberales,Liliopsida,Tracheophyta,Plantae,ACCEPTED,EXACT,99,True,,2026-08-20
Musa balbisiana,Musa balbisiana,2762950,Musa,Musaceae,Zingiberales,Liliopsida,Tracheophyta,Plantae,ACCEPTED,EXACT,99,True,,2026-08-20
Musa paradisiaca,Musa paradisiaca,2762752,Musa,Musaceae,Zingiberales,Liliopsida,Tracheophyta,Plantae,ACCEPTED,EXACT,99,True,,2026-08-20
Myosotis sylvatica,Myosotis sylvatica,5341175,Myosotis,Boraginaceae,Boraginales,Magnoliopsida,Tracheophyta,Plantae,ACCEPTED,EXACT,97,True,,2026-08-20
Myrcia polyantha,Myrcia neopolyantha,9247637,Myrcia,Myrtaceae,Myrtales,Magnoliopsida,Tracheophyta,Plantae,SYNONYM,EXACT,98,True,,2026-08-20
Myrica cerifera,Myrica cerifera,8038589,Myrica,Myricaceae,Fagales,Magnoliopsida,Tracheophyta,Plantae,ACCEPTED,EXACT,97,True,,2026-08-20
Myrica gale,Myrica gale,5414202,Myrica,Myricaceae,Fagales,Magnoliopsida,Tracheophyta,Plantae,ACCEPTED,EXACT,99,True,,2026-08-20
Myrica pubescens,Morella pubescens,3744993,Morella,Myricaceae,Fagales,Magnoliopsida,Tracheophyta,Plantae,SYNONYM,EXACT,97,True,,2026-08-20
Myristica fragrans,Myristica fragrans,5406817,Myristica,Myristicaceae,Magnoliales,Magnoliopsida,Tracheophyta,Plantae,ACCEPTED,EXACT,98,True,,2026-08-20
Myrocarpus fastigiatus,Myrocarpus fastigiatus,2945758,Myrocarpus,Fabaceae,Fabales,Magnoliopsida,Tracheophyta,Plantae,ACCEPTED,EXACT,99,True,,2026-08-20
Myrocarpus frondosus,Myrocarpus frondosus,2945759,Myrocarpus,Fabaceae,Fabales,Magnoliopsida,Tracheophyta,Plantae,ACCEPTED,EXACT,99,True,,2026-08-20
Myroxylon balsamum,Myroxylon balsamum,5357190,Myroxylon,Fabaceae,Fabales,Magnoliopsida,Tracheophyta,Plantae,ACCEPTED,EXACT,98,True,,2026-08-20
Myroxylon pereirae,Myroxylon balsamum,5357190,Myroxylon,Fabaceae,Fabales,Magnoliopsida,Tracheophyta,Plantae,SYNONYM,EXACT,97,True,,2026-08-20
Myrrhis odorata,Myrrhis odorata,3034681,Myrrhis,Apiaceae,Apiales,Magnoliopsida,Tracheophyta,Plantae,ACCEPTED,EXACT,99,True,,2026-08-20
Myrtus communis,Myrtus communis,3180085,Myrtus,Myrtaceae,Myrtales,Magnoliopsida,Tracheophyta,Plantae,ACCEPTED,EXACT,97,True,,2026-08-20
Narcissus jonquilla,Narcissus jonquilla,2858909,Narcissus,Amaryllidaceae,Asparagales,Liliopsida,Tracheophyta,Plantae,ACCEPTED,EXACT,97,True,,2026-08-20
Narcissus poeticus,Narcissus poeticus,2858581,Narcissus,Amaryllidaceae,Asparagales,Liliopsida,Tracheophyta,Plantae,ACCEPTED,EXACT,98,True,,2026-08-20
Narcissus pseudo-narcissus,Narcissus pseudonarcissus,2858244,Narcissus,Amaryllidaceae,Asparagales,Liliopsida,Tracheophyta,Plantae,ACCEPTED,FUZZY,96,True,,2026-08-20
Nardostachys jatamansi,Nardostachys jatamansi,4095989,Nardostachys,Caprifoliaceae,Dipsacales,Magnoliopsida,Tracheophyta,Plantae,ACCEPTED,EXACT,97,True,,2026-08-20
Nasturtium officinale,Nasturtium officinale,7701037,Nasturtium,Brassicaceae,Brassicales,Magnoliopsida,Tracheophyta,Plantae,ACCEPTED,EXACT,97,True,,2026-08-20
Nelumbium speciosum,Nelumbo nucifera,2882449,Nelumbo,Nelumbonaceae,Proteales,Magnoliopsida,Tracheophyta,Plantae,SYNONYM,EXACT,98,True,,2026-08-20
Nelumbo nucifera,Nelumbo nucifera,2882449,Nelumbo,Nelumbonaceae,Proteales,Magnoliopsida,Tracheophyta,Plantae,ACCEPTED,EXACT,99,True,,2026-08-20
Nepeta cataria,Nepeta cataria,5341499,Nepeta,Lamiaceae,Lamiales,Magnoliopsida,Tracheophyta,Plantae,ACCEPTED,EXACT,99,True,,2026-08-20
Nephelium lappaceum,Nephelium lappaceum,5421126,Nephelium,Sapindaceae,Sapindales,Magnoliopsida,Tracheophyta,Plantae,ACCEPTED,EXACT,97,True,,2026-08-20
Nerium oleander,Nerium oleander,3169756,Nerium,Apocynaceae,Gentianales,Magnoliopsida,Tracheophyta,Plantae,ACCEPTED,EXACT,99,True,,2026-08-20
Nicotiana tabacum,Nicotiana tabacum,2928774,Nicotiana,Solanaceae,Solanales,Magnoliopsida,Tracheophyta,Plantae,ACCEPTED,EXACT,99,True,,2026-08-20
Nigella damascena,Nigella damascena,5371702,Nigella,Ranunculaceae,Ranunculales,Magnoliopsida,Tracheophyta,Plantae,ACCEPTED,EXACT,99,True,,2026-08-20
Nigella sativa,Nigella sativa,5371700,Nigella,Ranunculaceae,Ranunculales,Magnoliopsida,Tracheophyta,Plantae,ACCEPTED,EXACT,99,True,,2026-08-20
Nuphar luteum,Nuphar lutea,7551339,Nuphar,Nymphaeaceae,Nymphaeales,Magnoliopsida,Tracheophyta,Plantae,ACCEPTED,FUZZY,96,True,,2026-08-20
Nyctanthes arbor-tristis,Nyctanthes arbor-tristis,3683008,Nyctanthes,Oleaceae,Lamiales,Magnoliopsida,Tracheophyta,Plantae,ACCEPTED,EXACT,99,True,,2026-08-20
Nymphaea alba,Nymphaea alba,2882437,Nymphaea,Nymphaeaceae,Nymphaeales,Magnoliopsida,Tracheophyta,Plantae,ACCEPTED,EXACT,97,True,,2026-08-20
Nymphaea lotus,Nymphaea lotus,2882429,Nymphaea,Nymphaeaceae,Nymphaeales,Magnoliopsida,Tracheophyta,Plantae,ACCEPTED,EXACT,97,True,,2026-08-20
Nymphaea odorata,Nymphaea odorata,2882412,Nymphaea,Nymphaeaceae,Nymphaeales,Magnoliopsida,Tracheophyta,Plantae,ACCEPTED,EXACT,97,True,,2026-08-20
Ocimum americanum,Ocimum americanum,2927097,Ocimum,Lamiaceae,Lamiales,Magnoliopsida,Tracheophyta,Plantae,ACCEPTED,EXACT,98,True,,2026-08-20
Ocimum basilicum,Ocimum basilicum,2927096,Ocimum,Lamiaceae,Lamiales,Magnoliopsida,Tracheophyta,Plantae,ACCEPTED,EXACT,99,True,,2026-08-20
Ocimum canum,Ocimum americanum,2927097,Ocimum,Lamiaceae,Lamiales,Magnoliopsida,Tracheophyta,Plantae,SYNONYM,EXACT,98,True,,2026-08-20
Ocimum gratissimum,Ocimum gratissimum,2927094,Ocimum,Lamiaceae,Lamiales,Magnoliopsida,Tracheophyta,Plantae,ACCEPTED,EXACT,97,True,,2026-08-20
Ocimum sanctum,Ocimum tenuiflorum,2927100,Ocimum,Lamiaceae,Lamiales,Magnoliopsida,Tracheophyta,Plantae,SYNONYM,EXACT,98,True,,2026-08-20
Ocimum tenuiflorum,Ocimum tenuiflorum,2927100,Ocimum,Lamiaceae,Lamiales,Magnoliopsida,Tracheophyta,Plantae,ACCEPTED,EXACT,97,True,,2026-08-20
Ocotea quixos,Mespilodaphne quixos,11020082,Mespilodaphne,Lauraceae,Laurales,Magnoliopsida,Tracheophyta,Plantae,SYNONYM,EXACT,97,True,,2026-08-20
Oenocarpus bataua,Oenocarpus bataua,2735462,Oenocarpus,Arecaceae,Arecales,Liliopsida,Tracheophyta,Plantae,ACCEPTED,EXACT,99,True,,2026-08-14
Oenothera biennis,Oenothera biennis,3188924,Oenothera,Onagraceae,Myrtales,Magnoliopsida,Tracheophyta,Plantae,ACCEPTED,EXACT,97,True,,2026-08-20
Olax dissitiflora,Olax dissitiflora,3685821,Olax,Olacaceae,Santalales,Magnoliopsida,Tracheophyta,Plantae,ACCEPTED,EXACT,99,True,,2026-08-20
Olea europaea,Olea europaea,5415040,Olea,Oleaceae,Lamiales,Magnoliopsida,Tracheophyta,Plantae,ACCEPTED,EXACT,97,True,,2026-08-20
Ononis spinosa,Ononis spinosa,2977149,Ononis,Fabaceae,Fabales,Magnoliopsida,Tracheophyta,Plantae,ACCEPTED,EXACT,98,True,,2026-08-20
Ophiopogon japonicus,Ophiopogon japonicus,2774158,Ophiopogon,Asparagaceae,Asparagales,Liliopsida,Tracheophyta,Plantae,ACCEPTED,EXACT,98,True,,2026-08-20
Opopanax chironium,Opopanax chironium,6027176,Opopanax,Apiaceae,Apiales,Magnoliopsida,Tracheophyta,Plantae,ACCEPTED,EXACT,97,True,,2026-08-20
Opuntia coccinellifera,Opuntia cochenillifera,5384050,Opuntia,Cactaceae,Caryophyllales,Magnoliopsida,Tracheophyta,Plantae,SYNONYM,EXACT,98,True,,2026-08-20
Opuntia ficus-indica,Opuntia ficus-indica,5384064,Opuntia,Cactaceae,Caryophyllales,Magnoliopsida,Tracheophyta,Plantae,ACCEPTED,EXACT,98,True,,2026-08-20
Opuntia stricta,Opuntia stricta,5384075,Opuntia,Cactaceae,Caryophyllales,Magnoliopsida,Tracheophyta,Plantae,ACCEPTED,EXACT,99,True,,2026-08-20
Orbignya martiana,Attalea speciosa,2732877,Attalea,Arecaceae,Arecales,Liliopsida,Tracheophyta,Plantae,SYNONYM,EXACT,98,True,,2026-08-20
Orbignya oleifera,Attalea vitrivir,2732861,Attalea,Arecaceae,Arecales,Liliopsida,Tracheophyta,Plantae,SYNONYM,EXACT,98,True,,2026-08-20
Orchis maculata,,,Orchis,Orchidaceae,Asparagales,,,Plantae,,HIGHERRANK,0,False,no_match:HIGHERRANK|genus_fallback,2026-08-20
Orchis mascula,Orchis mascula,2849427,Orchis,Orchidaceae,Asparagales,Liliopsida,Tracheophyta,Plantae,ACCEPTED,EXACT,97,True,,2026-08-20
Orchis morio,Orchis morio,7792969,Orchis,Orchidaceae,Asparagales,Liliopsida,Tracheophyta,Plantae,ACCEPTED,EXACT,97,True,,2026-08-20
Origanum cretium,Origanum creticum,7757256,Origanum,Lamiaceae,Lamiales,Magnoliopsida,Tracheophyta,Plantae,ACCEPTED,FUZZY,93,True,,2026-08-20
Origanum heracleoticum,,,Origanum,Lamiaceae,Lamiales,,,Plantae,,HIGHERRANK,0,False,no_match:HIGHERRANK|genus_fallback,2026-08-20
Origanum majorana,Origanum majorana,2926615,Origanum,Lamiaceae,Lamiales,Magnoliopsida,Tracheophyta,Plantae,ACCEPTED,EXACT,99,True,,2026-08-20
Origanum vulgare,Origanum vulgare,2926612,Origanum,Lamiaceae,Lamiales,Magnoliopsida,Tracheophyta,Plantae,ACCEPTED,EXACT,98,True,,2026-08-20
Ormenis multicaulis,Cladanthus mixtus,3110767,Cladanthus,Asteraceae,Asterales,Magnoliopsida,Tracheophyta,Plantae,SYNONYM,EXACT,98,True,,2026-08-20
Ornithogalum umbellatum,Ornithogalum umbellatum,2773448,Ornithogalum,Asparagaceae,Asparagales,Liliopsida,Tracheophyta,Plantae,ACCEPTED,EXACT,99,True,,2026-08-20
Orobanche rapum,Orobanche rapum,7505001,Orobanche,Orobanchaceae,Lamiales,Magnoliopsida,Tracheophyta,Plantae,ACCEPTED,EXACT,97,True,,2026-08-20
Orthosiphon stamineus,Orthosiphon aristatus,7308027,Orthosiphon,Lamiaceae,Lamiales,Magnoliopsida,Tracheophyta,Plantae,SYNONYM,EXACT,98,True,,2026-08-20
Oryza sativa,Oryza sativa,2703459,Oryza,Poaceae,Poales,Liliopsida,Tracheophyta,Plantae,ACCEPTED,EXACT,97,True,,2026-08-20
Osmanthus fragrans,Osmanthus fragrans,3172278,Osmanthus,Oleaceae,Lamiales,Magnoliopsida,Tracheophyta,Plantae,ACCEPTED,EXACT,97,True,,2026-08-20
Paeonia officinalis,Paeonia officinalis,3083488,Paeonia,Paeoniaceae,Saxifragales,Magnoliopsida,Tracheophyta,Plantae,ACCEPTED,EXACT,97,True,,2026-08-20
Paeonia suffruticosa,Paeonia suffruticosa,7155259,Paeonia,Paeoniaceae,Saxifragales,Magnoliopsida,Tracheophyta,Plantae,ACCEPTED,EXACT,99,True,,2026-08-20
Palmaria palmata,Palmaria palmata,7843860,Palmaria,Palmariaceae,Palmariales,Florideophyceae,Rhodophyta,Plantae,ACCEPTED,EXACT,97,True,,2026-08-20
Panax ginseng,Panax ginseng,5372262,Panax,Araliaceae,Apiales,Magnoliopsida,Tracheophyta,Plantae,ACCEPTED,EXACT,99,True,,2026-08-20
Panax notoginseng,Panax notoginseng,8877811,Panax,Araliaceae,Apiales,Magnoliopsida,Tracheophyta,Plantae,ACCEPTED,EXACT,97,True,,2026-08-20
Panax quinquefolius,Panax quinquefolius,5372246,Panax,Araliaceae,Apiales,Magnoliopsida,Tracheophyta,Plantae,ACCEPTED,EXACT,99,True,,2026-08-20
Panicum miliaceum,Panicum miliaceum,2705090,Panicum,Poaceae,Poales,Liliopsida,Tracheophyta,Plantae,ACCEPTED,EXACT,97,True,,2026-08-20
Papaver orientale,Papaver orientale,2888437,Papaver,Papaveraceae,Ranunculales,Magnoliopsida,Tracheophyta,Plantae,ACCEPTED,EXACT,97,True,,2026-08-20
Papaver rhoeas,Papaver rhoeas,2888443,Papaver,Papaveraceae,Ranunculales,Magnoliopsida,Tracheophyta,Plantae,ACCEPTED,EXACT,98,True,,2026-08-20
Papaver somniferum,Papaver somniferum,2888439,Papaver,Papaveraceae,Ranunculales,Magnoliopsida,Tracheophyta,Plantae,ACCEPTED,EXACT,99,True,,2026-08-20
Parietaria officinalis,Parietaria officinalis,5361803,Parietaria,Urticaceae,Rosales,Magnoliopsida,Tracheophyta,Plantae,ACCEPTED,EXACT,99,True,,2026-08-20
Passiflora edulis,Passiflora edulis,2874190,Passiflora,Passifloraceae,Malpighiales,Magnoliopsida,Tracheophyta,Plantae,ACCEPTED,EXACT,99,True,,2026-08-20
Passiflora incarnata,Passiflora incarnata,2874218,Passiflora,Passifloraceae,Malpighiales,Magnoliopsida,Tracheophyta,Plantae,ACCEPTED,EXACT,97,True,,2026-08-20
Passiflora laurifolia,Passiflora laurifolia,2874210,Passiflora,Passifloraceae,Malpighiales,Magnoliopsida,Tracheophyta,Plantae,ACCEPTED,EXACT,98,True,,2026-08-20
Pastinaca sativa,Pastinaca sativa,8262702,Pastinaca,Apiaceae,Apiales,Magnoliopsida,Tracheophyta,Plantae,ACCEPTED,EXACT,97,True,,2026-08-20
Paullinia cupana,Paullinia cupana,3189949,Paullinia,Sapindaceae,Sapindales,Magnoliopsida,Tracheophyta,Plantae,ACCEPTED,EXACT,99,True,,2026-08-20
Pelargonium capitatum,Pelargonium capitatum,9711656,Pelargonium,Geraniaceae,Geraniales,Magnoliopsida,Tracheophyta,Plantae,ACCEPTED,EXACT,97,True,,2026-08-20
Pelargonium crispum,Pelargonium crispum,3826595,Pelargonium,Geraniaceae,Geraniales,Magnoliopsida,Tracheophyta,Plantae,ACCEPTED,EXACT,99,True,,2026-08-20
Pelargonium graveolens,Pelargonium graveolens,2891608,Pelargonium,Geraniaceae,Geraniales,Magnoliopsida,Tracheophyta,Plantae,ACCEPTED,EXACT,99,True,,2026-08-20
Pelargonium radula,Pelargonium radens,3828894,Pelargonium,Geraniaceae,Geraniales,Magnoliopsida,Tracheophyta,Plantae,SYNONYM,EXACT,98,True,,2026-08-20
Pelargonium reniforme,Pelargonium reniforme,7268592,Pelargonium,Geraniaceae,Geraniales,Magnoliopsida,Tracheophyta,Plantae,ACCEPTED,EXACT,97,True,,2026-08-20
Pelargonium roseum,Pelargonium roseum,7906295,Pelargonium,Geraniaceae,Geraniales,Magnoliopsida,Tracheophyta,Plantae,ACCEPTED,EXACT,97,True,,2026-08-20
Pelargonium sidoides,Pelargonium sidoides,3827581,Pelargonium,Geraniaceae,Geraniales,Magnoliopsida,Tracheophyta,Plantae,ACCEPTED,EXACT,99,True,,2026-08-20
Pelvetia canaliculata,Pelvetia canaliculata,3196499,Pelvetia,Fucaceae,Fucales,Phaeophyceae,Ochrophyta,Chromista,ACCEPTED,EXACT,99,True,,2026-08-20
Pentaclethra macroloba,Pentaclethra macroloba,2943558,Pentaclethra,Fabaceae,Fabales,Magnoliopsida,Tracheophyta,Plantae,ACCEPTED,EXACT,99,True,,2026-08-20
Pentadesma butyracea,Pentadesma butyracea,3189435,Pentadesma,Clusiaceae,Malpighiales,Magnoliopsida,Tracheophyta,Plantae,ACCEPTED,EXACT,99,True,,2026-08-20
Perilla frutescens,Perilla frutescens,5341394,Perilla,Lamiaceae,Lamiales,Magnoliopsida,Tracheophyta,Plantae,ACCEPTED,EXACT,97,True,,2026-08-14
Perilla ocymoides,Perilla frutescens,5341394,Perilla,Lamiaceae,Lamiales,Magnoliopsida,Tracheophyta,Plantae,SYNONYM,EXACT,98,True,,2026-08-14
Persea gratissima,Persea americana,3034046,Persea,Lauraceae,Laurales,Magnoliopsida,Tracheophyta,Plantae,SYNONYM,EXACT,97,True,,2026-08-20
Persicaria blumei,Persicaria longiseta,4034537,Persicaria,Polygonaceae,Caryophyllales,Magnoliopsida,Tracheophyta,Plantae,SYNONYM,EXACT,97,True,,2026-08-20
Petasites hybridus,Petasites hybridus,9490132,Petasites,Asteraceae,Asterales,Magnoliopsida,Tracheophyta,Plantae,ACCEPTED,EXACT,99,True,,2026-08-20
Petasites japonicus,Petasites japonicus,3088310,Petasites,Asteraceae,Asterales,Magnoliopsida,Tracheophyta,Plantae,ACCEPTED,EXACT,98,True,,2026-08-20
Petroselinum crispum,Petroselinum crispum,7828157,Petroselinum,Apiaceae,Apiales,Magnoliopsida,Tracheophyta,Plantae,ACCEPTED,EXACT,97,True,,2026-08-20
Petroselinum sativum,,,Petroselinum,Apiaceae,Apiales,,,Plantae,,HIGHERRANK,0,False,no_match:HIGHERRANK|genus_fallback,2026-08-20
Peucedanum graveolens,Peucedanum graveolens,8100985,Peucedanum,Apiaceae,Apiales,Magnoliopsida,Tracheophyta,Plantae,ACCEPTED,EXACT,97,True,,2026-08-20
Peucedanum ostruthium,Imperatoria ostruthium,5538108,Imperatoria,Apiaceae,Apiales,Magnoliopsida,Tracheophyta,Plantae,SYNONYM,EXACT,98,True,,2026-08-20
Peumus boldus,Peumus boldus,3034108,Peumus,Monimiaceae,Laurales,Magnoliopsida,Tracheophyta,Plantae,ACCEPTED,EXACT,99,True,,2026-08-20
Phaseolus angularis,Vigna angularis,2982508,Vigna,Fabaceae,Fabales,Magnoliopsida,Tracheophyta,Plantae,SYNONYM,EXACT,98,True,,2026-08-20
Phaseolus vulgaris,Phaseolus vulgaris,5350452,Phaseolus,Fabaceae,Fabales,Magnoliopsida,Tracheophyta,Plantae,ACCEPTED,EXACT,97,True,,2026-08-20
Phellodendron amurense,Phellodendron amurense,3190154,Phellodendron,Rutaceae,Sapindales,Magnoliopsida,Tracheophyta,Plantae,ACCEPTED,EXACT,99,True,,2026-08-20
Philadelphus coronarius,Philadelphus coronarius,2986045,Philadelphus,Hydrangeaceae,Cornales,Magnoliopsida,Tracheophyta,Plantae,ACCEPTED,EXACT,99,True,,2026-08-20
Phoenix dactylifera,Phoenix dactylifera,6109699,Phoenix,Arecaceae,Arecales,Liliopsida,Tracheophyta,Plantae,ACCEPTED,EXACT,99,True,,2026-08-20
Phragmites communis,Phragmites australis,7226752,Phragmites,Poaceae,Poales,Liliopsida,Tracheophyta,Plantae,SYNONYM,EXACT,98,True,,2026-08-20
Phyllanthus emblica,Phyllanthus emblica,5381660,Phyllanthus,Phyllanthaceae,Malpighiales,Magnoliopsida,Tracheophyta,Plantae,ACCEPTED,EXACT,99,True,,2026-08-20
Phyllanthus niruri,Phyllanthus niruri,5381945,Phyllanthus,Phyllanthaceae,Malpighiales,Magnoliopsida,Tracheophyta,Plantae,ACCEPTED,EXACT,97,True,,2026-08-20
Phyllanthus urinaria,Phyllanthus urinaria,5382780,Phyllanthus,Phyllanthaceae,Malpighiales,Magnoliopsida,Tracheophyta,Plantae,ACCEPTED,EXACT,98,True,,2026-08-20
Physalis alkekengi,,,,,,,,,,HIGHERRANK,0,False,no_match:HIGHERRANK,2026-08-20
Physalis peruviana,Physalis peruviana,5341784,Physalis,Solanaceae,Solanales,Magnoliopsida,Tracheophyta,Plantae,ACCEPTED,EXACT,97,True,,2026-08-20
Picea abies,Picea abies,5284884,Picea,Pinaceae,Pinales,Pinopsida,Tracheophyta,Plantae,ACCEPTED,EXACT,97,True,,2026-08-20
Picea glauca,Picea glauca,5284745,Picea,Pinaceae,Pinales,Pinopsida,Tracheophyta,Plantae,ACCEPTED,EXACT,97,True,,2026-08-20
Picea mariana,Picea mariana,5284802,Picea,Pinaceae,Pinales,Pinopsida,Tracheophyta,Plantae,ACCEPTED,EXACT,98,True,,2026-08-20
Pichia heedii,Pichia heedii,3479472,Pichia,Saccharomycetaceae,Saccharomycetales,Saccharomycetes,Ascomycota,Fungi,ACCEPTED,EXACT,99,True,,2026-08-20
Pichia minuta,Ogataea minuta,2599377,Ogataea,Saccharomycetaceae,Saccharomycetales,Saccharomycetes,Ascomycota,Fungi,SYNONYM,EXACT,98,True,,2026-08-20
Picrasma excelsa,Picrasma excelsa,3190672,Picrasma,Simaroubaceae,Sapindales,Magnoliopsida,Tracheophyta,Plantae,ACCEPTED,EXACT,99,True,,2026-08-20
Picrasma quassioides,Picrasma quassioides,3190677,Picrasma,Simaroubaceae,Sapindales,Magnoliopsida,Tracheophyta,Plantae,ACCEPTED,EXACT,99,True,,2026-08-20
Pilocarpus microphyllus,Pilocarpus microphyllus,7269244,Pilocarpus,Rutaceae,Sapindales,Magnoliopsida,Tracheophyta,Plantae,ACCEPTED,EXACT,97,True,,2026-08-20
Pilocarpus pennatifolius,Pilocarpus pennatifolius,7269513,Pilocarpus,Rutaceae,Sapindales,Magnoliopsida,Tracheophyta,Plantae,ACCEPTED,EXACT,99,True,,2026-08-20
Pimenta acris,Pimenta racemosa,9629378,Pimenta,Myrtaceae,Myrtales,Magnoliopsida,Tracheophyta,Plantae,SYNONYM,EXACT,98,True,,2026-08-20
Pimenta dioica,Pimenta dioica,3186061,Pimenta,Myrtaceae,Myrtales,Magnoliopsida,Tracheophyta,Plantae,ACCEPTED,EXACT,99,True,,2026-08-20
Pimenta officinalis,Pimenta dioica,3186061,Pimenta,Myrtaceae,Myrtales,Magnoliopsida,Tracheophyta,Plantae,SYNONYM,EXACT,98,True,,2026-08-20
Pimenta racemosa,Pimenta racemosa,3186096,Pimenta,Myrtaceae,Myrtales,Magnoliopsida,Tracheophyta,Plantae,ACCEPTED,EXACT,99,True,,2026-08-20
Pimpinella anisum,Pimpinella anisum,8080300,Pimpinella,Apiaceae,Apiales,Magnoliopsida,Tracheophyta,Plantae,ACCEPTED,EXACT,97,True,,2026-08-20
Pimpinella saxifraga,Pimpinella saxifraga,7622278,Pimpinella,Apiaceae,Apiales,Magnoliopsida,Tracheophyta,Plantae,ACCEPTED,EXACT,97,True,,2026-08-20
Pinellia ternata,Pinellia ternata,8678824,Pinellia,Araceae,Alismatales,Liliopsida,Tracheophyta,Plantae,ACCEPTED,EXACT,97,True,,2026-08-20
Pinus cembra,Pinus cembra,5285134,Pinus,Pinaceae,Pinales,Pinopsida,Tracheophyta,Plantae,ACCEPTED,EXACT,97,True,,2026-08-20
Pinus densiflora,Pinus densiflora,5285104,Pinus,Pinaceae,Pinales,Pinopsida,Tracheophyta,Plantae,ACCEPTED,EXACT,99,True,,2026-08-20
Pinus halepensis,Pinus halepensis,5285604,Pinus,Pinaceae,Pinales,Pinopsida,Tracheophyta,Plantae,ACCEPTED,EXACT,98,True,,2026-08-20
Pinus koraiensis,Pinus koraiensis,5284979,Pinus,Pinaceae,Pinales,Pinopsida,Tracheophyta,Plantae,ACCEPTED,EXACT,99,True,,2026-08-20
Pinus lambertiana,Pinus lambertiana,5284989,Pinus,Pinaceae,Pinales,Pinopsida,Tracheophyta,Plantae,ACCEPTED,EXACT,98,True,,2026-08-20
Pinus mugo,Pinus mugo,5285385,Pinus,Pinaceae,Pinales,Pinopsida,Tracheophyta,Plantae,ACCEPTED,EXACT,99,True,,2026-08-20
Pinus nigra,Pinus nigra,5284809,Pinus,Pinaceae,Pinales,Pinopsida,Tracheophyta,Plantae,ACCEPTED,EXACT,97,True,,2026-08-20
Pinus palustris,Pinus palustris,5285816,Pinus,Pinaceae,Pinales,Pinopsida,Tracheophyta,Plantae,ACCEPTED,EXACT,99,True,,2026-08-20
Pinus pinaster,Pinus pinaster,5285565,Pinus,Pinaceae,Pinales,Pinopsida,Tracheophyta,Plantae,ACCEPTED,EXACT,98,True,,2026-08-20
Pinus pinea,Pinus pinea,5285165,Pinus,Pinaceae,Pinales,Pinopsida,Tracheophyta,Plantae,ACCEPTED,EXACT,98,True,,2026-08-20
Pinus ponderosa,Pinus ponderosa,5285053,Pinus,Pinaceae,Pinales,Pinopsida,Tracheophyta,Plantae,ACCEPTED,EXACT,97,True,,2026-08-20
Pinus pumila,Pinus pumila,5285355,Pinus,Pinaceae,Pinales,Pinopsida,Tracheophyta,Plantae,ACCEPTED,EXACT,97,True,,2026-08-20
Pinus pumilio,Pinus mugo,7230703,Pinus,Pinaceae,Pinales,Pinopsida,Tracheophyta,Plantae,SYNONYM,EXACT,97,True,,2026-08-20
Pinus spp,,,,,,,,,,NONE,0,False,no_match:NONE,2026-08-20
Pinus strobus,Pinus strobus,5284982,Pinus,Pinaceae,Pinales,Pinopsida,Tracheophyta,Plantae,ACCEPTED,EXACT,97,True,,2026-08-20
Pinus sylvestris,Pinus sylvestris,5285637,Pinus,Pinaceae,Pinales,Pinopsida,Tracheophyta,Plantae,ACCEPTED,EXACT,98,True,,2026-08-20
Piper angustifolium,,,Piper,Piperaceae,Piperales,,,Plantae,,HIGHERRANK,0,False,no_match:HIGHERRANK|genus_fallback,2026-08-20
Piper betle,Piper betle,4187904,Piper,Piperaceae,Piperales,Magnoliopsida,Tracheophyta,Plantae,ACCEPTED,EXACT,99,True,,2026-08-20
Piper cubeba,Piper cubeba,7606629,Piper,Piperaceae,Piperales,Magnoliopsida,Tracheophyta,Plantae,ACCEPTED,EXACT,97,True,,2026-08-20
Piper longum,Piper longum,3086338,Piper,Piperaceae,Piperales,Magnoliopsida,Tracheophyta,Plantae,ACCEPTED,EXACT,97,True,,2026-08-20
Piper methysticum,,,Piper,Piperaceae,Piperales,,,Plantae,,HIGHERRANK,0,False,no_match:HIGHERRANK|genus_fallback,2026-08-20
Piper nigrum,Piper nigrum,3086357,Piper,Piperaceae,Piperales,Magnoliopsida,Tracheophyta,Plantae,ACCEPTED,EXACT,97,True,,2026-08-20
Pistacia lentiscus,Pistacia lentiscus,3190583,Pistacia,Anacardiaceae,Sapindales,Magnoliopsida,Tracheophyta,Plantae,ACCEPTED,EXACT,99,True,,2026-08-20
Pistacia vera,Pistacia vera,3190585,Pistacia,Anacardiaceae,Sapindales,Magnoliopsida,Tracheophyta,Plantae,ACCEPTED,EXACT,98,True,,2026-08-20
Pisum sativum,Lathyrus oleraceus,5347846,Lathyrus,Fabaceae,Fabales,Magnoliopsida,Tracheophyta,Plantae,SYNONYM,EXACT,98,True,,2026-08-20
Pittosporum viridiflorum,Pittosporum viridiflorum,2986302,Pittosporum,Pittosporaceae,Apiales,Magnoliopsida,Tracheophyta,Plantae,ACCEPTED,EXACT,99,True,,2026-08-20
Plantago lanceolata,Plantago lanceolata,8208358,Plantago,Plantaginaceae,Lamiales,Magnoliopsida,Tracheophyta,Plantae,ACCEPTED,EXACT,98,True,,2026-08-20
Plantago major,Plantago major,3189767,Plantago,Plantaginaceae,Lamiales,Magnoliopsida,Tracheophyta,Plantae,ACCEPTED,EXACT,97,True,,2026-08-20
Plantago ovata,Plantago ovata,3189723,Plantago,Plantaginaceae,Lamiales,Magnoliopsida,Tracheophyta,Plantae,ACCEPTED,EXACT,97,True,,2026-08-20
Plantago psyllium,Plantago psyllium,8062613,Plantago,Plantaginaceae,Lamiales,Magnoliopsida,Tracheophyta,Plantae,ACCEPTED,EXACT,97,True,,2026-08-20
Platanus occidentalis,Platanus occidentalis,3152820,Platanus,Platanaceae,Proteales,Magnoliopsida,Tracheophyta,Plantae,ACCEPTED,EXACT,97,True,,2026-08-20
Platonia insignis,Platonia insignis,5421063,Platonia,Clusiaceae,Malpighiales,Magnoliopsida,Tracheophyta,Plantae,ACCEPTED,EXACT,99,True,,2026-08-20
Plectranthus barbatus,Coleus barbatus,8030165,Coleus,Lamiaceae,Lamiales,Magnoliopsida,Tracheophyta,Plantae,SYNONYM,EXACT,98,True,,2026-08-20
Plumbago zeylanica,Plumbago zeylanica,3082282,Plumbago,Plumbaginaceae,Caryophyllales,Magnoliopsida,Tracheophyta,Plantae,ACCEPTED,EXACT,99,True,,2026-08-20
Plumeria acutifolia,Plumeria rubra,3169674,Plumeria,Apocynaceae,Gentianales,Magnoliopsida,Tracheophyta,Plantae,SYNONYM,EXACT,98,True,,2026-08-20
Plumeria alba,Plumeria alba,3169673,Plumeria,Apocynaceae,Gentianales,Magnoliopsida,Tracheophyta,Plantae,ACCEPTED,EXACT,97,True,,2026-08-20
Plumeria rubra,Plumeria rubra,3169674,Plumeria,Apocynaceae,Gentianales,Magnoliopsida,Tracheophyta,Plantae,ACCEPTED,EXACT,99,True,,2026-08-20
Podophyllum peltatum,Podophyllum peltatum,3033839,Podophyllum,Berberidaceae,Ranunculales,Magnoliopsida,Tracheophyta,Plantae,ACCEPTED,EXACT,99,True,,2026-08-20
Pogostemon cablin,Pogostemon cablin,2926672,Pogostemon,Lamiaceae,Lamiales,Magnoliopsida,Tracheophyta,Plantae,ACCEPTED,EXACT,99,True,,2026-08-14
Polianthes tuberosa,Agave amica,10868891,Agave,Asparagaceae,Asparagales,Liliopsida,Tracheophyta,Plantae,SYNONYM,EXACT,98,True,,2026-08-20
Polygala senega,Polygala senega,3191367,Polygala,Polygalaceae,Fabales,Magnoliopsida,Tracheophyta,Plantae,ACCEPTED,EXACT,99,True,,2026-08-20
Polygala tenuifolia,Polygala tenuifolia,7593997,Polygala,Polygalaceae,Fabales,Magnoliopsida,Tracheophyta,Plantae,ACCEPTED,EXACT,97,True,,2026-08-20
Polygonatum multiflorum,Polygonatum multiflorum,2770022,Polygonatum,Asparagaceae,Asparagales,Liliopsida,Tracheophyta,Plantae,ACCEPTED,EXACT,98,True,,2026-08-20
Polygonatum officinale,Polygonatum odoratum,7228168,Polygonatum,Asparagaceae,Asparagales,Liliopsida,Tracheophyta,Plantae,SYNONYM,EXACT,98,True,,2026-08-20
Polygonum aviculare,Polygonum aviculare,7821030,Polygonum,Polygonaceae,Caryophyllales,Magnoliopsida,Tracheophyta,Plantae,ACCEPTED,EXACT,97,True,,2026-08-20
Polygonum bistorta,Polygonum bistorta,7395841,Polygonum,Polygonaceae,Caryophyllales,Magnoliopsida,Tracheophyta,Plantae,ACCEPTED,EXACT,97,True,,2026-08-20
Polygonum fagopyrum,,,Polygonum,Polygonaceae,Caryophyllales,,,Plantae,,HIGHERRANK,0,False,no_match:HIGHERRANK|genus_fallback,2026-08-20
Polygonum hydropiper,,,Polygonum,Polygonaceae,Caryophyllales,,,Plantae,,HIGHERRANK,0,False,no_match:HIGHERRANK|genus_fallback,2026-08-20
Polygonum persicaria,Polygonum persicaria,7600308,Polygonum,Polygonaceae,Caryophyllales,Magnoliopsida,Tracheophyta,Plantae,ACCEPTED,EXACT,97,True,,2026-08-20
Polygonum punctatum,Polygonum punctatum,10779688,Polygonum,Polygonaceae,Caryophyllales,Magnoliopsida,Tracheophyta,Plantae,ACCEPTED,EXACT,97,True,,2026-08-20
Polymnia sonchifolia,,,,,,,,,,HIGHERRANK,0,False,no_match:HIGHERRANK,2026-08-20
Polypodium vulgare,Polypodium vulgare,5274951,Polypodium,Polypodiaceae,Polypodiales,Polypodiopsida,Tracheophyta,Plantae,ACCEPTED,EXACT,99,True,,2026-08-20
Polyporus umbellatus,Polyporus umbellatus,5246840,Polyporus,Polyporaceae,Polyporales,Agaricomycetes,Basidiomycota,Fungi,ACCEPTED,EXACT,98,True,,2026-08-20
Poncirus trifoliata,Citrus trifoliata,3190129,Citrus,Rutaceae,Sapindales,Magnoliopsida,Tracheophyta,Plantae,SYNONYM,EXACT,98,True,,2026-08-20
Populus alba,Populus alba,3040233,Populus,Salicaceae,Malpighiales,Magnoliopsida,Tracheophyta,Plantae,ACCEPTED,EXACT,99,True,,2026-08-20
Populus nigra,Populus nigra,3040227,Populus,Salicaceae,Malpighiales,Magnoliopsida,Tracheophyta,Plantae,ACCEPTED,EXACT,97,True,,2026-08-20
Populus tremuloides,Populus tremuloides,3040215,Populus,Salicaceae,Malpighiales,Magnoliopsida,Tracheophyta,Plantae,ACCEPTED,EXACT,97,True,,2026-08-20
Poria cocos,Wolfiporia cocos,2549306,Wolfiporia,Fomitopsidaceae,Polyporales,Agaricomycetes,Basidiomycota,Fungi,SYNONYM,EXACT,98,True,,2026-08-20
Porphyra umbilicalis,Porphyra umbilicalis,5275705,Porphyra,Bangiaceae,Bangiales,Bangiophyceae,Rhodophyta,Plantae,ACCEPTED,EXACT,97,True,,2026-08-20
Porphyridium cruentum,Porphyridium purpureum,2653969,Porphyridium,Porphyridiaceae,Porphyridiales,Porphyridiophyceae,Rhodophyta,Plantae,SYNONYM,EXACT,98,True,,2026-08-20
Portulaca molokiniensis,Portulaca molokiniensis,3084712,Portulaca,Portulacaceae,Caryophyllales,Magnoliopsida,Tracheophyta,Plantae,ACCEPTED,EXACT,99,True,,2026-08-20
Portulaca oleracea,Portulaca oleracea,3084719,Portulaca,Portulacaceae,Caryophyllales,Magnoliopsida,Tracheophyta,Plantae,ACCEPTED,EXACT,99,True,,2026-08-20
Potentilla anserina,Argentina anserina,7272211,Argentina,Rosaceae,Rosales,Magnoliopsida,Tracheophyta,Plantae,SYNONYM,EXACT,98,True,,2026-08-20
Potentilla erecta,Potentilla erecta,5365576,Potentilla,Rosaceae,Rosales,Magnoliopsida,Tracheophyta,Plantae,ACCEPTED,EXACT,97,True,,2026-08-20
Poterium officinale,Sanguisorba officinalis,3029627,Sanguisorba,Rosaceae,Rosales,Magnoliopsida,Tracheophyta,Plantae,SYNONYM,EXACT,97,True,,2026-08-20
Poterium sanguisorba,Poterium sanguisorba,5364245,Poterium,Rosaceae,Rosales,Magnoliopsida,Tracheophyta,Plantae,ACCEPTED,EXACT,98,True,,2026-08-20
Pouteria sapota,Pouteria sapota,2884162,Pouteria,Sapotaceae,Ericales,Magnoliopsida,Tracheophyta,Plantae,ACCEPTED,EXACT,99,True,,2026-08-20
Premna serratifolia,Premna serratifolia,6411486,Premna,Lamiaceae,Lamiales,Magnoliopsida,Tracheophyta,Plantae,ACCEPTED,EXACT,98,True,,2026-08-20
Primula denticulata,Primula denticulata,5641274,Primula,Primulaceae,Ericales,Magnoliopsida,Tracheophyta,Plantae,ACCEPTED,EXACT,97,True,,2026-08-20
Primula veris,Primula veris,8377689,Primula,Primulaceae,Ericales,Magnoliopsida,Tracheophyta,Plantae,ACCEPTED,EXACT,97,True,,2026-08-20
Primula vulgaris,Primula vulgaris,5414335,Primula,Primulaceae,Ericales,Magnoliopsida,Tracheophyta,Plantae,ACCEPTED,EXACT,97,True,,2026-08-20
Protium heptaphyllum,Protium heptaphyllum,7286785,Protium,Burseraceae,Sapindales,Magnoliopsida,Tracheophyta,Plantae,ACCEPTED,EXACT,99,True,,2026-08-20
Protium pallidum,Protium pallidum,3993881,Protium,Burseraceae,Sapindales,Magnoliopsida,Tracheophyta,Plantae,ACCEPTED,EXACT,99,True,,2026-08-20
Prunella vulgaris,Prunella vulgaris,5341297,Prunella,Lamiaceae,Lamiales,Magnoliopsida,Tracheophyta,Plantae,ACCEPTED,EXACT,98,True,,2026-08-20
Prunus africana,Prunus africana,3022853,Prunus,Rosaceae,Rosales,Magnoliopsida,Tracheophyta,Plantae,ACCEPTED,EXACT,99,True,,2026-08-20
Prunus amygdalus,Prunus amygdalus,3020980,Prunus,Rosaceae,Rosales,Magnoliopsida,Tracheophyta,Plantae,ACCEPTED,EXACT,97,True,,2026-08-20
Prunus armeniaca,Prunus armeniaca,7818643,Prunus,Rosaceae,Rosales,Magnoliopsida,Tracheophyta,Plantae,ACCEPTED,EXACT,97,True,,2026-08-20
Prunus avium,Prunus avium,3020791,Prunus,Rosaceae,Rosales,Magnoliopsida,Tracheophyta,Plantae,ACCEPTED,EXACT,98,True,,2026-08-20
Prunus cerasus,Prunus cerasus,3021922,Prunus,Rosaceae,Rosales,Magnoliopsida,Tracheophyta,Plantae,ACCEPTED,EXACT,97,True,,2026-08-20
Prunus domestica,Prunus domestica,7931731,Prunus,Rosaceae,Rosales,Magnoliopsida,Tracheophyta,Plantae,ACCEPTED,EXACT,98,True,,2026-08-20
Prunus dulcis,,,Prunus,Rosaceae,Rosales,,,Plantae,,HIGHERRANK,0,False,no_match:HIGHERRANK|genus_fallback,2026-08-20
Prunus persica,Prunus persica,8149923,Prunus,Rosaceae,Rosales,Magnoliopsida,Tracheophyta,Plantae,ACCEPTED,EXACT,97,True,,2026-08-20
Prunus serotina,Prunus serotina,3021850,Prunus,Rosaceae,Rosales,Magnoliopsida,Tracheophyta,Plantae,ACCEPTED,EXACT,97,True,,2026-08-20
Prunus spinosa,Prunus spinosa,3023221,Prunus,Rosaceae,Rosales,Magnoliopsida,Tracheophyta,Plantae,ACCEPTED,EXACT,97,True,,2026-08-20
Prunus virginiana,Prunus virginiana,3022668,Prunus,Rosaceae,Rosales,Magnoliopsida,Tracheophyta,Plantae,ACCEPTED,EXACT,97,True,,2026-08-20
Psalliota campestris,Agaricus campestris,5243458,Agaricus,Agaricaceae,Agaricales,Agaricomycetes,Basidiomycota,Fungi,SYNONYM,EXACT,97,True,,2026-08-20
Pseudotsuga menziesii,Pseudotsuga menziesii,2685796,Pseudotsuga,Pinaceae,Pinales,Pinopsida,Tracheophyta,Plantae,ACCEPTED,EXACT,99,True,,2026-08-20
Psidium guajava,Psidium guajava,5420380,Psidium,Myrtaceae,Myrtales,Magnoliopsida,Tracheophyta,Plantae,ACCEPTED,EXACT,99,True,,2026-08-20
Psophocarpus tetragonolobus,Psophocarpus tetragonolobus,2944683,Psophocarpus,Fabaceae,Fabales,Magnoliopsida,Tracheophyta,Plantae,ACCEPTED,EXACT,99,True,,2026-08-20
Pteridium aquilinum,Pteridium aquilinum,5275012,Pteridium,Dennstaedtiaceae,Polypodiales,Polypodiopsida,Tracheophyta,Plantae,ACCEPTED,EXACT,99,True,,2026-08-20
Pterocarpus marsupium,Pterocarpus marsupium,5349309,Pterocarpus,Fabaceae,Fabales,Magnoliopsida,Tracheophyta,Plantae,ACCEPTED,EXACT,99,True,,2026-08-20
Pterocarpus santalinus,Pterocarpus santalinus,5708628,Pterocarpus,Fabaceae,Fabales,Magnoliopsida,Tracheophyta,Plantae,ACCEPTED,EXACT,97,True,,2026-08-20
Ptychopetalum olacoides,Ptychopetalum olacoides,3685538,Ptychopetalum,Olacaceae,Santalales,Magnoliopsida,Tracheophyta,Plantae,ACCEPTED,EXACT,99,True,,2026-08-20
Pueraria lobata,Pueraria montana,2977647,Pueraria,Fabaceae,Fabales,Magnoliopsida,Tracheophyta,Plantae,SYNONYM,EXACT,97,True,,2026-08-20
Pulmonaria officinalis,Pulmonaria officinalis,5341204,Pulmonaria,Boraginaceae,Boraginales,Magnoliopsida,Tracheophyta,Plantae,ACCEPTED,EXACT,97,True,,2026-08-20
Punica granatum,Punica granatum,5420901,Punica,Lythraceae,Myrtales,Magnoliopsida,Tracheophyta,Plantae,ACCEPTED,EXACT,99,True,,2026-08-20
Pyrus communis,Pyrus communis,5362573,Pyrus,Rosaceae,Rosales,Magnoliopsida,Tracheophyta,Plantae,ACCEPTED,EXACT,97,True,,2026-08-20
Pyrus cydonia,Cydonia oblonga,5362215,Cydonia,Rosaceae,Rosales,Magnoliopsida,Tracheophyta,Plantae,SYNONYM,EXACT,97,True,,2026-08-20
Pyrus malus,,,Pyrus,Rosaceae,Rosales,,,Plantae,,HIGHERRANK,0,False,no_match:HIGHERRANK|genus_fallback,2026-08-20
Pyrus sorbus,Cormus domestica,3013215,Cormus,Rosaceae,Rosales,Magnoliopsida,Tracheophyta,Plantae,SYNONYM,EXACT,97,True,,2026-08-20
Quassia amara,Quassia amara,3190647,Quassia,Simaroubaceae,Sapindales,Magnoliopsida,Tracheophyta,Plantae,ACCEPTED,EXACT,99,True,,2026-08-20
Quercus alba,Quercus alba,2879737,Quercus,Fagaceae,Fagales,Magnoliopsida,Tracheophyta,Plantae,ACCEPTED,EXACT,98,True,,2026-08-20
Quercus infectoria,Quercus infectoria,2881010,Quercus,Fagaceae,Fagales,Magnoliopsida,Tracheophyta,Plantae,ACCEPTED,EXACT,99,True,,2026-08-20
Quercus petraea,Quercus petraea,2880130,Quercus,Fagaceae,Fagales,Magnoliopsida,Tracheophyta,Plantae,ACCEPTED,EXACT,99,True,,2026-08-20
Quercus robur,Quercus robur,2878688,Quercus,Fagaceae,Fagales,Magnoliopsida,Tracheophyta,Plantae,ACCEPTED,EXACT,97,True,,2026-08-20
Quercus suber,Quercus suber,2879411,Quercus,Fagaceae,Fagales,Magnoliopsida,Tracheophyta,Plantae,ACCEPTED,EXACT,98,True,,2026-08-20
Quillaja saponaria,Quillaja saponaria,3029379,Quillaja,Quillajaceae,Fabales,Magnoliopsida,Tracheophyta,Plantae,ACCEPTED,EXACT,98,True,,2026-08-20
Ranunculus ficaria,Ranunculus ficaria,8397184,Ranunculus,Ranunculaceae,Ranunculales,Magnoliopsida,Tracheophyta,Plantae,ACCEPTED,EXACT,97,True,,2026-08-20
Raphanus sativus,Raphanus sativus,7678610,Raphanus,Brassicaceae,Brassicales,Magnoliopsida,Tracheophyta,Plantae,ACCEPTED,EXACT,99,True,,2026-08-20
Ravensara aromatica,Cryptocarya agathophylla,4178766,Cryptocarya,Lauraceae,Laurales,Magnoliopsida,Tracheophyta,Plantae,SYNONYM,EXACT,97,True,,2026-08-20
Reseda luteola,Reseda luteola,3040251,Reseda,Resedaceae,Brassicales,Magnoliopsida,Tracheophyta,Plantae,ACCEPTED,EXACT,99,True,,2026-08-20
Reseda odorata,Reseda odorata,3040255,Reseda,Resedaceae,Brassicales,Magnoliopsida,Tracheophyta,Plantae,ACCEPTED,EXACT,97,True,,2026-08-20
Rhamnus purshiana,Frangula purshiana,6371409,Frangula,Rhamnaceae,Rosales,Magnoliopsida,Tracheophyta,Plantae,SYNONYM,EXACT,98,True,,2026-08-20
Rheum officinale,Rheum officinale,2888865,Rheum,Polygonaceae,Caryophyllales,Magnoliopsida,Tracheophyta,Plantae,ACCEPTED,EXACT,99,True,,2026-08-20
Rheum palmatum,Rheum palmatum,2888864,Rheum,Polygonaceae,Caryophyllales,Magnoliopsida,Tracheophyta,Plantae,ACCEPTED,EXACT,99,True,,2026-08-20
Rheum rhabarbarum,Rheum rhabarbarum,2888867,Rheum,Polygonaceae,Caryophyllales,Magnoliopsida,Tracheophyta,Plantae,ACCEPTED,EXACT,99,True,,2026-08-20
Rheum rhaponticum,Rheum rhaponticum,2888866,Rheum,Polygonaceae,Caryophyllales,Magnoliopsida,Tracheophyta,Plantae,ACCEPTED,EXACT,97,True,,2026-08-20
Rheum undulatum,,,Rheum,Polygonaceae,Caryophyllales,,,Plantae,,HIGHERRANK,0,False,no_match:HIGHERRANK|genus_fallback,2026-08-20
Rhizophora mangle,Rhizophora mangle,3086528,Rhizophora,Rhizophoraceae,Malpighiales,Magnoliopsida,Tracheophyta,Plantae,ACCEPTED,EXACT,97,True,,2026-08-20
Rhododendron chrysanthum,Rhododendron aureum,7328059,Rhododendron,Ericaceae,Ericales,Magnoliopsida,Tracheophyta,Plantae,SYNONYM,EXACT,98,True,,2026-08-20
Rhododendron ferrugineum,Rhododendron ferrugineum,2883073,Rhododendron,Ericaceae,Ericales,Magnoliopsida,Tracheophyta,Plantae,ACCEPTED,EXACT,99,True,,2026-08-20
Rhus coriaria,Rhus coriaria,3190563,Rhus,Anacardiaceae,Sapindales,Magnoliopsida,Tracheophyta,Plantae,ACCEPTED,EXACT,99,True,,2026-08-20
Rhus glabra,Rhus glabra,3190544,Rhus,Anacardiaceae,Sapindales,Magnoliopsida,Tracheophyta,Plantae,ACCEPTED,EXACT,99,True,,2026-08-20
Rhus succedanea,Toxicodendron succedaneum,3190624,Toxicodendron,Anacardiaceae,Sapindales,Magnoliopsida,Tracheophyta,Plantae,SYNONYM,EXACT,98,True,,2026-08-20
Rhus typhina,Rhus typhina,3190538,Rhus,Anacardiaceae,Sapindales,Magnoliopsida,Tracheophyta,Plantae,ACCEPTED,EXACT,99,True,,2026-08-20
Ribes nigrum,Ribes nigrum,2986192,Ribes,Grossulariaceae,Saxifragales,Magnoliopsida,Tracheophyta,Plantae,ACCEPTED,EXACT,97,True,,2026-08-20
Ribes rubrum,Ribes rubrum,2986097,Ribes,Grossulariaceae,Saxifragales,Magnoliopsida,Tracheophyta,Plantae,ACCEPTED,EXACT,97,True,,2026-08-20
Ricinus communis,Ricinus communis,5380041,Ricinus,Euphorbiaceae,Malpighiales,Magnoliopsida,Tracheophyta,Plantae,ACCEPTED,EXACT,99,True,,2026-08-20
Robinia pseudoacacia,Robinia pseudoacacia,5352251,Robinia,Fabaceae,Fabales,Magnoliopsida,Tracheophyta,Plantae,ACCEPTED,EXACT,99,True,,2026-08-20
Rosa alba,Rosa alba,3007383,Rosa,Rosaceae,Rosales,Magnoliopsida,Tracheophyta,Plantae,ACCEPTED,EXACT,97,True,,2026-08-20
Rosa borboniana,,,Rosa,Rosaceae,Rosales,,,Plantae,,HIGHERRANK,0,False,no_match:HIGHERRANK|genus_fallback,2026-08-20
Rosa canina,Rosa canina,3002461,Rosa,Rosaceae,Rosales,Magnoliopsida,Tracheophyta,Plantae,ACCEPTED,EXACT,97,True,,2026-08-20
Rosa centifolia,Rosa centifolia,3002410,Rosa,Rosaceae,Rosales,Magnoliopsida,Tracheophyta,Plantae,ACCEPTED,EXACT,97,True,,2026-08-20
Rosa damascena,Rosa damascena,7390572,Rosa,Rosaceae,Rosales,Magnoliopsida,Tracheophyta,Plantae,ACCEPTED,EXACT,97,True,,2026-08-20
Rosa gallica,Rosa gallica,3002530,Rosa,Rosaceae,Rosales,Magnoliopsida,Tracheophyta,Plantae,ACCEPTED,EXACT,98,True,,2026-08-20
Rosa hybrid,,,Rosa,Rosaceae,Rosales,,,Plantae,,HIGHERRANK,0,False,no_match:HIGHERRANK|genus_fallback,2026-08-20
Rosa hybrida,,,Rosa,Rosaceae,Rosales,,,Plantae,,HIGHERRANK,0,False,no_match:HIGHERRANK|genus_fallback,2026-08-20
Rosa indica,Rosa indica,8342804,Rosa,Rosaceae,Rosales,Magnoliopsida,Tracheophyta,Plantae,ACCEPTED,EXACT,97,True,,2026-08-20
Rosa multiflora,Rosa multiflora,3003244,Rosa,Rosaceae,Rosales,Magnoliopsida,Tracheophyta,Plantae,ACCEPTED,EXACT,97,True,,2026-08-20
Rosa odorata,Rosa odorata,3009087,Rosa,Rosaceae,Rosales,Magnoliopsida,Tracheophyta,Plantae,ACCEPTED,EXACT,99,True,,2026-08-20
Rosa roxburghii,Rosa roxburghii,3008635,Rosa,Rosaceae,Rosales,Magnoliopsida,Tracheophyta,Plantae,ACCEPTED,EXACT,97,True,,2026-08-20
Rosa rugosa,Rosa rugosa,3003979,Rosa,Rosaceae,Rosales,Magnoliopsida,Tracheophyta,Plantae,ACCEPTED,EXACT,97,True,,2026-08-14
Rosa spinosissima,Rosa spinosissima,3002333,Rosa,Rosaceae,Rosales,Magnoliopsida,Tracheophyta,Plantae,ACCEPTED,EXACT,97,True,,2026-08-20
Rosa spp,,,Rosa,Rosaceae,Rosales,,,Plantae,,HIGHERRANK,0,False,no_match:HIGHERRANK|genus_fallback,2026-08-20
Rosmarinus officinalis,Salvia rosmarinus,10902460,Salvia,Lamiaceae,Lamiales,Magnoliopsida,Tracheophyta,Plantae,SYNONYM,EXACT,98,True,,2026-08-20
Rubia cordifolia,Rubia cordifolia,2892192,Rubia,Rubiaceae,Gentianales,Magnoliopsida,Tracheophyta,Plantae,ACCEPTED,EXACT,97,True,,2026-08-20
Rubia tinctorum,Rubia tinctorum,2892272,Rubia,Rubiaceae,Gentianales,Magnoliopsida,Tracheophyta,Plantae,ACCEPTED,EXACT,98,True,,2026-08-20
Rubus chamaemorus,Rubus chamaemorus,2998290,Rubus,Rosaceae,Rosales,Magnoliopsida,Tracheophyta,Plantae,ACCEPTED,EXACT,97,True,,2026-08-20
Rubus chingii,Rubus chingii,2999165,Rubus,Rosaceae,Rosales,Magnoliopsida,Tracheophyta,Plantae,ACCEPTED,EXACT,99,True,,2026-08-20
Rubus fruticosus,Rubus fruticosus,8436459,Rubus,Rosaceae,Rosales,Magnoliopsida,Tracheophyta,Plantae,ACCEPTED,EXACT,97,True,,2026-08-20
Rubus idaeus,Rubus idaeus,2993094,Rubus,Rosaceae,Rosales,Magnoliopsida,Tracheophyta,Plantae,ACCEPTED,EXACT,97,True,,2026-08-20
Rubus occidentalis,Rubus occidentalis,2991466,Rubus,Rosaceae,Rosales,Magnoliopsida,Tracheophyta,Plantae,ACCEPTED,EXACT,97,True,,2026-08-20
Rubus villosus,,,Rubus,Rosaceae,Rosales,,,Plantae,,HIGHERRANK,0,False,no_match:HIGHERRANK|genus_fallback,2026-08-20
Rumex acetosa,Rumex acetosa,2888951,Rumex,Polygonaceae,Caryophyllales,Magnoliopsida,Tracheophyta,Plantae,ACCEPTED,EXACT,99,True,,2026-08-20
Rumex crispus,Rumex crispus,8195144,Rumex,Polygonaceae,Caryophyllales,Magnoliopsida,Tracheophyta,Plantae,ACCEPTED,EXACT,97,True,,2026-08-20
Ruscus aculeatus,Ruscus aculeatus,2769766,Ruscus,Asparagaceae,Asparagales,Liliopsida,Tracheophyta,Plantae,ACCEPTED,EXACT,99,True,,2026-08-20
Ruta graveolens,Ruta graveolens,3190382,Ruta,Rutaceae,Sapindales,Magnoliopsida,Tracheophyta,Plantae,ACCEPTED,EXACT,99,True,,2026-08-20
Saccharum officinarum,Saccharum officinarum,2703912,Saccharum,Poaceae,Poales,Liliopsida,Tracheophyta,Plantae,ACCEPTED,EXACT,99,True,,2026-08-20
Salacia reticulata,Salacia reticulata,5579938,Salacia,Celastraceae,Celastrales,Magnoliopsida,Tracheophyta,Plantae,ACCEPTED,EXACT,99,True,,2026-08-20
Salicornia herbacea,,,,,,,,,,HIGHERRANK,0,False,no_match:HIGHERRANK,2026-08-20
Salix alba,Salix alba,5372513,Salix,Salicaceae,Malpighiales,Magnoliopsida,Tracheophyta,Plantae,ACCEPTED,EXACT,99,True,,2026-08-20
Salix fragilis,Salix fragilis,5372829,Salix,Salicaceae,Malpighiales,Magnoliopsida,Tracheophyta,Plantae,ACCEPTED,EXACT,97,True,,2026-08-20
Salix purpurea,Salix purpurea,5372800,Salix,Salicaceae,Malpighiales,Magnoliopsida,Tracheophyta,Plantae,ACCEPTED,EXACT,99,True,,2026-08-20
Salvia hispanica,Salvia hispanica,2926992,Salvia,Lamiaceae,Lamiales,Magnoliopsida,Tracheophyta,Plantae,ACCEPTED,EXACT,97,True,,2026-08-20
Salvia lavandulifolia,Salvia lavandulifolia,7948017,Salvia,Lamiaceae,Lamiales,Magnoliopsida,Tracheophyta,Plantae,ACCEPTED,EXACT,97,True,,2026-08-20
Salvia miltiorrhiza,Salvia miltiorrhiza,7308369,Salvia,Lamiaceae,Lamiales,Magnoliopsida,Tracheophyta,Plantae,ACCEPTED,EXACT,99,True,,2026-08-20
Salvia officinalis,Salvia officinalis,2927004,Salvia,Lamiaceae,Lamiales,Magnoliopsida,Tracheophyta,Plantae,ACCEPTED,EXACT,98,True,,2026-08-20
Salvia sclarea,Salvia sclarea,2927000,Salvia,Lamiaceae,Lamiales,Magnoliopsida,Tracheophyta,Plantae,ACCEPTED,EXACT,99,True,,2026-08-20
Salvia triloba,Salvia fruticosa,6412283,Salvia,Lamiaceae,Lamiales,Magnoliopsida,Tracheophyta,Plantae,SYNONYM,EXACT,98,True,,2026-08-20
Sambucus canadensis,Sambucus canadensis,6369819,Sambucus,Viburnaceae,Dipsacales,Magnoliopsida,Tracheophyta,Plantae,ACCEPTED,EXACT,97,True,,2026-08-20
Sambucus ebulus,Sambucus ebulus,2888722,Sambucus,Viburnaceae,Dipsacales,Magnoliopsida,Tracheophyta,Plantae,ACCEPTED,EXACT,99,True,,2026-08-20
Sambucus nigra,Sambucus nigra,2888728,Sambucus,Viburnaceae,Dipsacales,Magnoliopsida,Tracheophyta,Plantae,ACCEPTED,EXACT,97,True,,2026-08-20
Sanguinaria canadensis,Sanguinaria canadensis,5334192,Sanguinaria,Papaveraceae,Ranunculales,Magnoliopsida,Tracheophyta,Plantae,ACCEPTED,EXACT,99,True,,2026-08-20
Sanguisorba officinalis,Sanguisorba officinalis,3029627,Sanguisorba,Rosaceae,Rosales,Magnoliopsida,Tracheophyta,Plantae,ACCEPTED,EXACT,99,True,,2026-08-20
Sanicula europaea,Sanicula europaea,6027128,Sanicula,Apiaceae,Apiales,Magnoliopsida,Tracheophyta,Plantae,ACCEPTED,EXACT,97,True,,2026-08-20
Santalum acuminatum,Santalum acuminatum,3789456,Santalum,Santalaceae,Santalales,Magnoliopsida,Tracheophyta,Plantae,ACCEPTED,EXACT,99,True,,2026-08-20
Santalum album,Santalum album,2889785,Santalum,Santalaceae,Santalales,Magnoliopsida,Tracheophyta,Plantae,ACCEPTED,EXACT,99,True,,2026-08-20
Santalum austrocaledonicum,Santalum austrocaledonicum,7265271,Santalum,Santalaceae,Santalales,Magnoliopsida,Tracheophyta,Plantae,ACCEPTED,EXACT,99,True,,2026-08-20
Santalum spicata,Santalum spicatum,3788877,Santalum,Santalaceae,Santalales,Magnoliopsida,Tracheophyta,Plantae,ACCEPTED,FUZZY,96,True,,2026-08-20
Santolina chamaecyparissus,Santolina chamaecyparissus,3125933,Santolina,Asteraceae,Asterales,Magnoliopsida,Tracheophyta,Plantae,ACCEPTED,EXACT,99,True,,2026-08-20
Sapindus trifoliatus,Sapindus trifoliatus,5421131,Sapindus,Sapindaceae,Sapindales,Magnoliopsida,Tracheophyta,Plantae,ACCEPTED,EXACT,98,True,,2026-08-20
Saponaria officinalis,Saponaria officinalis,3085360,Saponaria,Caryophyllaceae,Caryophyllales,Magnoliopsida,Tracheophyta,Plantae,ACCEPTED,EXACT,99,True,,2026-08-20
Sargassum filipendula,Sargassum filipendula,3197095,Sargassum,Sargassaceae,Fucales,Phaeophyceae,Ochrophyta,Chromista,ACCEPTED,EXACT,99,True,,2026-08-20
Sargassum fusiforme,Sargassum fusiforme,3196917,Sargassum,Sargassaceae,Fucales,Phaeophyceae,Ochrophyta,Chromista,ACCEPTED,EXACT,99,True,,2026-08-20
Sarothamnus scoparius,Cytisus scoparius,5354656,Cytisus,Fabaceae,Fabales,Magnoliopsida,Tracheophyta,Plantae,SYNONYM,EXACT,97,True,,2026-08-20
Sarracenia purpurea,Sarracenia purpurea,5421389,Sarracenia,Sarraceniaceae,Ericales,Magnoliopsida,Tracheophyta,Plantae,ACCEPTED,EXACT,99,True,,2026-08-20
Sassafras officinale,,,Sassafras,Lauraceae,Laurales,,,Plantae,,HIGHERRANK,0,False,no_match:HIGHERRANK|genus_fallback,2026-08-20
Satureja montana,Satureja montana,2926884,Satureja,Lamiaceae,Lamiales,Magnoliopsida,Tracheophyta,Plantae,ACCEPTED,EXACT,99,True,,2026-08-20
Saussurea lappa,Dolomiaea costus,10864861,Dolomiaea,Asteraceae,Asterales,Magnoliopsida,Tracheophyta,Plantae,SYNONYM,EXACT,97,True,,2026-08-20
Scabiosa arvensis,,,Scabiosa,Caprifoliaceae,Dipsacales,,,Plantae,,HIGHERRANK,0,False,no_match:HIGHERRANK|genus_fallback,2026-08-20
Schinus molle,Schinus molle,3190642,Schinus,Anacardiaceae,Sapindales,Magnoliopsida,Tracheophyta,Plantae,ACCEPTED,EXACT,97,True,,2026-08-20
Schisandra chinensis,Schisandra chinensis,7696841,Schisandra,Schisandraceae,Austrobaileyales,Magnoliopsida,Tracheophyta,Plantae,ACCEPTED,EXACT,97,True,,2026-08-20
Scrophularia nodosa,Scrophularia nodosa,3170886,Scrophularia,Scrophulariaceae,Lamiales,Magnoliopsida,Tracheophyta,Plantae,ACCEPTED,EXACT,99,True,,2026-08-20
Scutellaria alpina,Scutellaria alpina,7309071,Scutellaria,Lamiaceae,Lamiales,Magnoliopsida,Tracheophyta,Plantae,ACCEPTED,EXACT,99,True,,2026-08-20
Scutellaria baicalensis,Scutellaria baicalensis,7309014,Scutellaria,Lamiaceae,Lamiales,Magnoliopsida,Tracheophyta,Plantae,ACCEPTED,EXACT,99,True,,2026-08-20
Scutellaria galericulata,Scutellaria galericulata,2926759,Scutellaria,Lamiaceae,Lamiales,Magnoliopsida,Tracheophyta,Plantae,ACCEPTED,EXACT,99,True,,2026-08-20
Scutellaria lateriflora,Scutellaria lateriflora,5341325,Scutellaria,Lamiaceae,Lamiales,Magnoliopsida,Tracheophyta,Plantae,ACCEPTED,EXACT,99,True,,2026-08-20
Secale cereale,Secale cereale,2705966,Secale,Poaceae,Poales,Liliopsida,Tracheophyta,Plantae,ACCEPTED,EXACT,98,True,,2026-08-20
Sechium edule,Sechium edule,2874612,Sechium,Cucurbitaceae,Cucurbitales,Magnoliopsida,Tracheophyta,Plantae,ACCEPTED,EXACT,99,True,,2026-08-20
Sedum acre,Sedum acre,5362007,Sedum,Crassulaceae,Saxifragales,Magnoliopsida,Tracheophyta,Plantae,ACCEPTED,EXACT,97,True,,2026-08-20
Sedum rosea,Rhodiola rosea,2985688,Rhodiola,Crassulaceae,Saxifragales,Magnoliopsida,Tracheophyta,Plantae,SYNONYM,EXACT,98,True,,2026-08-20
Selaginella lepidophylla,Selaginella lepidophylla,2688180,Selaginella,Selaginellaceae,Selaginellales,Lycopodiopsida,Tracheophyta,Plantae,ACCEPTED,EXACT,97,True,,2026-08-20
Semiaquilegia adoxoides,Semiaquilegia adoxoides,7276576,Semiaquilegia,Ranunculaceae,Ranunculales,Magnoliopsida,Tracheophyta,Plantae,ACCEPTED,EXACT,99,True,,2026-08-20
Sempervivum tectorum,Sempervivum tectorum,2985949,Sempervivum,Crassulaceae,Saxifragales,Magnoliopsida,Tracheophyta,Plantae,ACCEPTED,EXACT,97,True,,2026-08-20
Senecio vulgaris,Senecio vulgaris,3108983,Senecio,Asteraceae,Asterales,Magnoliopsida,Tracheophyta,Plantae,ACCEPTED,EXACT,99,True,,2026-08-20
Serenoa serrulata,Serenoa repens,2735055,Serenoa,Arecaceae,Arecales,Liliopsida,Tracheophyta,Plantae,SYNONYM,EXACT,97,True,,2026-08-20
Sesamum indicum,Sesamum indicum,3172622,Sesamum,Pedaliaceae,Lamiales,Magnoliopsida,Tracheophyta,Plantae,ACCEPTED,EXACT,99,True,,2026-08-20
Shorea robusta,Shorea robusta,3189684,Shorea,Dipterocarpaceae,Malvales,Magnoliopsida,Tracheophyta,Plantae,ACCEPTED,EXACT,97,True,,2026-08-20
Shorea stenoptera,Shorea stenoptera,7299054,Shorea,Dipterocarpaceae,Malvales,Magnoliopsida,Tracheophyta,Plantae,ACCEPTED,EXACT,99,True,,2026-08-20
Sida cordifolia,Sida cordifolia,5406755,Sida,Malvaceae,Malvales,Magnoliopsida,Tracheophyta,Plantae,ACCEPTED,EXACT,97,True,,2026-08-20
Sigesbeckia orientalis,Sigesbeckia orientalis,3125901,Sigesbeckia,Asteraceae,Asterales,Magnoliopsida,Tracheophyta,Plantae,ACCEPTED,EXACT,99,True,,2026-08-20
Silybum marianum,Silybum marianum,3145214,Silybum,Asteraceae,Asterales,Magnoliopsida,Tracheophyta,Plantae,ACCEPTED,EXACT,99,True,,2026-08-20
Simaruba amara,Simarouba amara,7720664,Simarouba,Simaroubaceae,Sapindales,Magnoliopsida,Tracheophyta,Plantae,SYNONYM,EXACT,98,True,,2026-08-20
Simmondsia chinensis,Simmondsia chinensis,5361949,Simmondsia,Simmondsiaceae,Caryophyllales,Magnoliopsida,Tracheophyta,Plantae,ACCEPTED,EXACT,99,True,,2026-08-20
Sinapis arvensis,Sinapis arvensis,3047598,Sinapis,Brassicaceae,Brassicales,Magnoliopsida,Tracheophyta,Plantae,ACCEPTED,EXACT,97,True,,2026-08-20
Sisymbrium irio,Sisymbrium irio,3046851,Sisymbrium,Brassicaceae,Brassicales,Magnoliopsida,Tracheophyta,Plantae,ACCEPTED,EXACT,97,True,,2026-08-20
Sisymbrium officinale,Sisymbrium officinale,3046890,Sisymbrium,Brassicaceae,Brassicales,Magnoliopsida,Tracheophyta,Plantae,ACCEPTED,EXACT,99,True,,2026-08-20
Smilax china,Smilax china,5295472,Smilax,Smilacaceae,Liliales,Liliopsida,Tracheophyta,Plantae,ACCEPTED,EXACT,97,True,,2026-08-20
Smilax medica,Smilax medica,8192298,Smilax,Smilacaceae,Liliales,Liliopsida,Tracheophyta,Plantae,ACCEPTED,EXACT,97,True,,2026-08-20
Smilax utilis,Smilax utilis,5295216,Smilax,Smilacaceae,Liliales,Liliopsida,Tracheophyta,Plantae,ACCEPTED,EXACT,97,True,,2026-08-20
Solanum aviculare,Solanum aviculare,2930210,Solanum,Solanaceae,Solanales,Magnoliopsida,Tracheophyta,Plantae,ACCEPTED,EXACT,99,True,,2026-08-20
Solanum dulcamara,Solanum dulcamara,2932737,Solanum,Solanaceae,Solanales,Magnoliopsida,Tracheophyta,Plantae,ACCEPTED,EXACT,99,True,,2026-08-20
Solanum lycopersicum,Solanum lycopersicum,2930137,Solanum,Solanaceae,Solanales,Magnoliopsida,Tracheophyta,Plantae,ACCEPTED,EXACT,98,True,,2026-08-20
Solanum melongena,Solanum melongena,2930617,Solanum,Solanaceae,Solanales,Magnoliopsida,Tracheophyta,Plantae,ACCEPTED,EXACT,97,True,,2026-08-20
Solanum tuberosum,Solanum tuberosum,2930262,Solanum,Solanaceae,Solanales,Magnoliopsida,Tracheophyta,Plantae,ACCEPTED,EXACT,97,True,,2026-08-20
Solanum xanthocarpum,,,Solanum,Solanaceae,Solanales,,,Plantae,,HIGHERRANK,0,False,no_match:HIGHERRANK|genus_fallback,2026-08-20
Solidago canadensis,Solidago canadensis,5389029,Solidago,Asteraceae,Asterales,Magnoliopsida,Tracheophyta,Plantae,ACCEPTED,EXACT,99,True,,2026-08-20
Solidago odora,Solidago odora,5388923,Solidago,Asteraceae,Asterales,Magnoliopsida,Tracheophyta,Plantae,ACCEPTED,EXACT,97,True,,2026-08-20
Solidago virgaurea,Solidago virgaurea,6446462,Solidago,Asteraceae,Asterales,Magnoliopsida,Tracheophyta,Plantae,ACCEPTED,EXACT,98,True,,2026-08-20
Sonchus oleraceus,Sonchus oleraceus,8228544,Sonchus,Asteraceae,Asterales,Magnoliopsida,Tracheophyta,Plantae,ACCEPTED,EXACT,97,True,,2026-08-20
Sophora angustifolia,Sophora flavescens,7224878,Sophora,Fabaceae,Fabales,Magnoliopsida,Tracheophyta,Plantae,SYNONYM,EXACT,98,True,,2026-08-20
Sophora japonica,Styphnolobium japonicum,2963569,Styphnolobium,Fabaceae,Fabales,Magnoliopsida,Tracheophyta,Plantae,SYNONYM,EXACT,98,True,,2026-08-20
Sorbus aucuparia,Sorbus aucuparia,3012167,Sorbus,Rosaceae,Rosales,Magnoliopsida,Tracheophyta,Plantae,ACCEPTED,EXACT,97,True,,2026-08-20
Sorghum vulgare,Sorghum bicolor,2705181,Sorghum,Poaceae,Poales,Liliopsida,Tracheophyta,Plantae,SYNONYM,EXACT,98,True,,2026-08-20
Spartium junceum,Spartium junceum,5355395,Spartium,Fabaceae,Fabales,Magnoliopsida,Tracheophyta,Plantae,ACCEPTED,EXACT,99,True,,2026-08-20
Spergularia rubra,Spergularia rubra,3085633,Spergularia,Caryophyllaceae,Caryophyllales,Magnoliopsida,Tracheophyta,Plantae,ACCEPTED,EXACT,99,True,,2026-08-20
Sphagnum squarrosum,Sphagnum squarrosum,2669113,Sphagnum,Sphagnaceae,Sphagnales,Sphagnopsida,Bryophyta,Plantae,ACCEPTED,EXACT,99,True,,2026-08-20
Spilanthes acmella,Spilanthes acmella,7367845,Spilanthes,Asteraceae,Asterales,Magnoliopsida,Tracheophyta,Plantae,ACCEPTED,EXACT,97,True,,2026-08-20
Spinacia oleracea,Spinacia oleracea,3083647,Spinacia,Amaranthaceae,Caryophyllales,Magnoliopsida,Tracheophyta,Plantae,ACCEPTED,EXACT,99,True,,2026-08-20
Spiraea ulmaria,Filipendula ulmaria,2988000,Filipendula,Rosaceae,Rosales,Magnoliopsida,Tracheophyta,Plantae,SYNONYM,EXACT,98,True,,2026-08-20
Stachys officinalis,Stachys officinalis,7777194,Stachys,Lamiaceae,Lamiales,Magnoliopsida,Tracheophyta,Plantae,ACCEPTED,EXACT,97,True,,2026-08-20
Stellaria media,Stellaria media,5384604,Stellaria,Caryophyllaceae,Caryophyllales,Magnoliopsida,Tracheophyta,Plantae,ACCEPTED,EXACT,97,True,,2026-08-20
Stephania tetrandra,Stephania tetrandra,5592737,Stephania,Menispermaceae,Ranunculales,Magnoliopsida,Tracheophyta,Plantae,ACCEPTED,EXACT,99,True,,2026-08-20
Sterculia urens,Sterculia urens,5406674,Sterculia,Malvaceae,Malvales,Magnoliopsida,Tracheophyta,Plantae,ACCEPTED,EXACT,99,True,,2026-08-20
Stereospermum suaveolens,Stereospermum chelonoides,4092354,Stereospermum,Bignoniaceae,Lamiales,Magnoliopsida,Tracheophyta,Plantae,SYNONYM,EXACT,98,True,,2026-08-20
Stevia rebaudiana,Stevia rebaudiana,3125557,Stevia,Asteraceae,Asterales,Magnoliopsida,Tracheophyta,Plantae,ACCEPTED,EXACT,97,True,,2026-08-20
Stillingia sylvatica,Stillingia sylvatica,3055154,Stillingia,Euphorbiaceae,Malpighiales,Magnoliopsida,Tracheophyta,Plantae,ACCEPTED,EXACT,99,True,,2026-08-20
Styrax benzoin,Styrax benzoin,5371679,Styrax,Styracaceae,Ericales,Magnoliopsida,Tracheophyta,Plantae,ACCEPTED,EXACT,99,True,,2026-08-20
Styrax tonkinensis,Styrax tonkinensis,5371676,Styrax,Styracaceae,Ericales,Magnoliopsida,Tracheophyta,Plantae,ACCEPTED,EXACT,97,True,,2026-08-20
Swertia chirata,Swertia chirata,5596317,Swertia,Gentianaceae,Gentianales,Magnoliopsida,Tracheophyta,Plantae,ACCEPTED,EXACT,97,True,,2026-08-20
Swertia japonica,Swertia japonica,7270341,Swertia,Gentianaceae,Gentianales,Magnoliopsida,Tracheophyta,Plantae,ACCEPTED,EXACT,99,True,,2026-08-20
Syagrus coronata,Syagrus coronata,5293875,Syagrus,Arecaceae,Arecales,Liliopsida,Tracheophyta,Plantae,ACCEPTED,EXACT,99,True,,2026-08-20
Symphytum officinale,Symphytum officinale,7558421,Symphytum,Boraginaceae,Boraginales,Magnoliopsida,Tracheophyta,Plantae,ACCEPTED,EXACT,99,True,,2026-08-20
Symplocos racemosa,Symplocos racemosa,7902154,Symplocos,Symplocaceae,Ericales,Magnoliopsida,Tracheophyta,Plantae,ACCEPTED,EXACT,97,True,,2026-08-20
Syngonanthus nitens,Syngonanthus nitens,2689651,Syngonanthus,Eriocaulaceae,Poales,Liliopsida,Tracheophyta,Plantae,ACCEPTED,EXACT,99,True,,2026-08-20
Syringa vulgaris,Syringa vulgaris,5415039,Syringa,Oleaceae,Lamiales,Magnoliopsida,Tracheophyta,Plantae,ACCEPTED,EXACT,99,True,,2026-08-20
Syzygium aromaticum,Syzygium aromaticum,3183002,Syzygium,Myrtaceae,Myrtales,Magnoliopsida,Tracheophyta,Plantae,ACCEPTED,EXACT,99,True,,2026-08-20
Syzygium jambos,Syzygium jambos,3183534,Syzygium,Myrtaceae,Myrtales,Magnoliopsida,Tracheophyta,Plantae,ACCEPTED,EXACT,99,True,,2026-08-20
Syzygium luehmannii,Syzygium luehmannii,3182303,Syzygium,Myrtaceae,Myrtales,Magnoliopsida,Tracheophyta,Plantae,ACCEPTED,EXACT,99,True,,2026-08-20
Tabebuia impetiginosa,Tabebuia impetiginosa,10778380,Tabebuia,Bignoniaceae,Lamiales,Magnoliopsida,Tracheophyta,Plantae,ACCEPTED,EXACT,97,True,,2026-08-20
Tagetes erecta,Tagetes erecta,3088488,Tagetes,Asteraceae,Asterales,Magnoliopsida,Tracheophyta,Plantae,ACCEPTED,EXACT,99,True,,2026-08-20
Tagetes minuta,Tagetes minuta,3088481,Tagetes,Asteraceae,Asterales,Magnoliopsida,Tracheophyta,Plantae,ACCEPTED,EXACT,99,True,,2026-08-20
Tagetes patula,Tagetes erecta,3088488,Tagetes,Asteraceae,Asterales,Magnoliopsida,Tracheophyta,Plantae,SYNONYM,EXACT,98,True,,2026-08-20
Tamarindus indica,Tamarindus indica,2975768,Tamarindus,Fabaceae,Fabales,Magnoliopsida,Tracheophyta,Plantae,ACCEPTED,EXACT,99,True,,2026-08-20
Tamarix chinensis,Tamarix chinensis,2874696,Tamarix,Tamaricaceae,Caryophyllales,Magnoliopsida,Tracheophyta,Plantae,ACCEPTED,EXACT,97,True,,2026-08-20
Tambourissa trichophylla,Tambourissa trichophylla,3783067,Tambourissa,Monimiaceae,Laurales,Magnoliopsida,Tracheophyta,Plantae,ACCEPTED,EXACT,99,True,,2026-08-20
Tanacetum cinerariifolium,Tanacetum cinerariifolium,3118284,Tanacetum,Asteraceae,Asterales,Magnoliopsida,Tracheophyta,Plantae,ACCEPTED,EXACT,99,True,,2026-08-20
Tanacetum vulgare,Tanacetum vulgare,3118274,Tanacetum,Asteraceae,Asterales,Magnoliopsida,Tracheophyta,Plantae,ACCEPTED,EXACT,99,True,,2026-08-20
Tar oil,,,,,,,,,,NONE,0,False,no_match:NONE,2026-08-20
Taraktogenos kurzii,Hydnocarpus kurzii,2874151,Hydnocarpus,Achariaceae,Malpighiales,Magnoliopsida,Tracheophyta,Plantae,SYNONYM,EXACT,98,True,,2026-08-20
Taraxacum officinale,Taraxacum officinale,5394163,Taraxacum,Asteraceae,Asterales,Magnoliopsida,Tracheophyta,Plantae,ACCEPTED,EXACT,98,True,,2026-08-20
Tasmannia lanceolata,Drimys aromatica,7288425,Drimys,Winteraceae,Canellales,Magnoliopsida,Tracheophyta,Plantae,SYNONYM,EXACT,98,True,,2026-08-20
Tectona grandis,Tectona grandis,2925649,Tectona,Lamiaceae,Lamiales,Magnoliopsida,Tracheophyta,Plantae,ACCEPTED,EXACT,98,True,,2026-08-20
Terminalia arjuna,Terminalia arjuna,3699548,Terminalia,Combretaceae,Myrtales,Magnoliopsida,Tracheophyta,Plantae,ACCEPTED,EXACT,99,True,,2026-08-20
Terminalia bellerica,Terminalia bellirica,3189390,Terminalia,Combretaceae,Myrtales,Magnoliopsida,Tracheophyta,Plantae,ACCEPTED,FUZZY,93,True,,2026-08-20
Terminalia catappa,Terminalia catappa,3189394,Terminalia,Combretaceae,Myrtales,Magnoliopsida,Tracheophyta,Plantae,ACCEPTED,EXACT,99,True,,2026-08-20
Terminalia chebula,Terminalia chebula,3189388,Terminalia,Combretaceae,Myrtales,Magnoliopsida,Tracheophyta,Plantae,ACCEPTED,EXACT,97,True,,2026-08-20
Terminalia ferdinandiana,Terminalia ferdinandiana,3699413,Terminalia,Combretaceae,Myrtales,Magnoliopsida,Tracheophyta,Plantae,ACCEPTED,EXACT,99,True,,2026-08-20
Terminalia sericea,Terminalia sericea,3699769,Terminalia,Combretaceae,Myrtales,Magnoliopsida,Tracheophyta,Plantae,ACCEPTED,EXACT,97,True,,2026-08-20
Tetragonia tetragonoides,Tetragonia tetragonoides,5554574,Tetragonia,Aizoaceae,Caryophyllales,Magnoliopsida,Tracheophyta,Plantae,ACCEPTED,EXACT,99,True,,2026-08-20
Tetrapleura tetraptera,Tetrapleura tetraptera,5347354,Tetrapleura,Fabaceae,Fabales,Magnoliopsida,Tracheophyta,Plantae,ACCEPTED,EXACT,99,True,,2026-08-20
Teucrium scorodonia,Teucrium scorodonia,2926901,Teucrium,Lamiaceae,Lamiales,Magnoliopsida,Tracheophyta,Plantae,ACCEPTED,EXACT,98,True,,2026-08-20
Thaumatococcus danielli,Thaumatococcus daniellii,11066824,Thaumatococcus,Marantaceae,Zingiberales,Liliopsida,Tracheophyta,Plantae,ACCEPTED,FUZZY,95,True,,2026-08-20
Theobroma cacao,Theobroma cacao,3152205,Theobroma,Malvaceae,Malvales,Magnoliopsida,Tracheophyta,Plantae,ACCEPTED,EXACT,99,True,,2026-08-20
Theobroma grandiflorum,Theobroma grandiflorum,3152208,Theobroma,Malvaceae,Malvales,Magnoliopsida,Tracheophyta,Plantae,ACCEPTED,EXACT,99,True,,2026-08-20
Thuja koraiensis,Thuja koraiensis,2684169,Thuja,Cupressaceae,Pinales,Pinopsida,Tracheophyta,Plantae,ACCEPTED,EXACT,99,True,,2026-08-20
Thuja orientalis,Platycladus orientalis,2684855,Platycladus,Cupressaceae,Pinales,Pinopsida,Tracheophyta,Plantae,SYNONYM,EXACT,98,True,,2026-08-20
Thuja plicata,Thuja plicata,2684171,Thuja,Cupressaceae,Pinales,Pinopsida,Tracheophyta,Plantae,ACCEPTED,EXACT,98,True,,2026-08-20
Thujopsis dolabrata,Thujopsis dolabrata,2684102,Thujopsis,Cupressaceae,Pinales,Pinopsida,Tracheophyta,Plantae,ACCEPTED,EXACT,97,True,,2026-08-20
Thymus capitatus,,,,,,,,,,HIGHERRANK,0,False,no_match:HIGHERRANK,2026-08-20
Thymus mastichina,Thymus mastichina,7307002,Thymus,Lamiaceae,Lamiales,Magnoliopsida,Tracheophyta,Plantae,ACCEPTED,EXACT,98,True,,2026-08-20
Thymus quinquecostatus,Thymus quinquecostatus,7306727,Thymus,Lamiaceae,Lamiales,Magnoliopsida,Tracheophyta,Plantae,ACCEPTED,EXACT,99,True,,2026-08-20
Thymus serpillum,Thymus serpyllum,6409622,Thymus,Lamiaceae,Lamiales,Magnoliopsida,Tracheophyta,Plantae,ACCEPTED,FUZZY,95,True,,2026-08-20
Thymus vulgaris,Thymus vulgaris,5341442,Thymus,Lamiaceae,Lamiales,Magnoliopsida,Tracheophyta,Plantae,ACCEPTED,EXACT,98,True,,2026-08-20
Thymus zygis,Thymus zygis,7793938,Thymus,Lamiaceae,Lamiales,Magnoliopsida,Tracheophyta,Plantae,ACCEPTED,EXACT,98,True,,2026-08-20
Tilia americana,Tilia americana,3152042,Tilia,Malvaceae,Malvales,Magnoliopsida,Tracheophyta,Plantae,ACCEPTED,EXACT,98,True,,2026-08-20
Tilia cordata,Tilia cordata,3152047,Tilia,Malvaceae,Malvales,Magnoliopsida,Tracheophyta,Plantae,ACCEPTED,EXACT,97,True,,2026-08-20
Tilia europaea,Tilia europaea,3152046,Tilia,Malvaceae,Malvales,Magnoliopsida,Tracheophyta,Plantae,ACCEPTED,EXACT,99,True,,2026-08-20
Tilia platyphyllos,Tilia platyphyllos,3152048,Tilia,Malvaceae,Malvales,Magnoliopsida,Tracheophyta,Plantae,ACCEPTED,EXACT,98,True,,2026-08-20
Tilia tomentosa,Tilia tomentosa,4259350,Tilia,Malvaceae,Malvales,Magnoliopsida,Tracheophyta,Plantae,ACCEPTED,EXACT,99,True,,2026-08-20
Tilia vulgaris,Tilia europaea,3152046,Tilia,Malvaceae,Malvales,Magnoliopsida,Tracheophyta,Plantae,SYNONYM,EXACT,97,True,,2026-08-20
Tinospora cordifolia,Tinospora cordifolia,7520328,Tinospora,Menispermaceae,Ranunculales,Magnoliopsida,Tracheophyta,Plantae,ACCEPTED,EXACT,97,True,,2026-08-20
Tinospora crispa,Tinospora crispa,8298918,Tinospora,Menispermaceae,Ranunculales,Magnoliopsida,Tracheophyta,Plantae,ACCEPTED,EXACT,97,True,,2026-08-20
Tinospora tuberculata,Tinospora crispa,8298918,Tinospora,Menispermaceae,Ranunculales,Magnoliopsida,Tracheophyta,Plantae,SYNONYM,EXACT,97,True,,2026-08-20
Toona sinensis,Toona sinensis,7271504,Toona,Meliaceae,Sapindales,Magnoliopsida,Tracheophyta,Plantae,ACCEPTED,EXACT,99,True,,2026-08-20
Torulaspora delbrueckii,Debaryomyces delbrueckii,5260318,Debaryomyces,Saccharomycetaceae,Saccharomycetales,Saccharomycetes,Ascomycota,Fungi,SYNONYM,EXACT,97,True,,2026-08-20
Trachyspermum ammi,Trachyspermum ammi,3034241,Trachyspermum,Apiaceae,Apiales,Magnoliopsida,Tracheophyta,Plantae,ACCEPTED,EXACT,98,True,,2026-08-20
Tribulus terrestris,Tribulus terrestris,5421116,Tribulus,Zygophyllaceae,Zygophyllales,Magnoliopsida,Tracheophyta,Plantae,ACCEPTED,EXACT,97,True,,2026-08-20
Trichodesma zeylanicum,Trichodesma zeylanicum,7294697,Trichodesma,Boraginaceae,Boraginales,Magnoliopsida,Tracheophyta,Plantae,ACCEPTED,EXACT,99,True,,2026-08-20
Trifolium pratense,Trifolium pratense,8324121,Trifolium,Fabaceae,Fabales,Magnoliopsida,Tracheophyta,Plantae,ACCEPTED,EXACT,99,True,,2026-08-20
Trifolium repens,Trifolium repens,5358748,Trifolium,Fabaceae,Fabales,Magnoliopsida,Tracheophyta,Plantae,ACCEPTED,EXACT,97,True,,2026-08-20
Trigonella foenum,,,,,,,,,,NONE,0,False,no_match:NONE,2026-08-20
Trigonella foenum-graecum,Trigonella foenum-graecum,5360475,Trigonella,Fabaceae,Fabales,Magnoliopsida,Tracheophyta,Plantae,ACCEPTED,EXACT,98,True,,2026-08-20
Tripleurospermum maritimum,Tripleurospermum maritimum,3104173,Tripleurospermum,Asteraceae,Asterales,Magnoliopsida,Tracheophyta,Plantae,ACCEPTED,EXACT,98,True,,2026-08-20
Triticum aestivum,Triticum aestivum,7795888,Triticum,Poaceae,Poales,Liliopsida,Tracheophyta,Plantae,ACCEPTED,EXACT,97,True,,2026-08-20
Triticum turgidum,Triticum turgidum,2706406,Triticum,Poaceae,Poales,Liliopsida,Tracheophyta,Plantae,ACCEPTED,EXACT,97,True,,2026-08-20
Triticum vulgare,Triticum vulgare,7541363,Triticum,Poaceae,Poales,Liliopsida,Tracheophyta,Plantae,ACCEPTED,EXACT,97,True,,2026-08-20
Tropaeolum majus,Tropaeolum majus,2889934,Tropaeolum,Tropaeolaceae,Brassicales,Magnoliopsida,Tracheophyta,Plantae,ACCEPTED,EXACT,99,True,,2026-08-20
Tsuga canadensis,Tsuga canadensis,2687182,Tsuga,Pinaceae,Pinales,Pinopsida,Tracheophyta,Plantae,ACCEPTED,EXACT,99,True,,2026-08-20
Tsuga heterophylla,Tsuga heterophylla,2687210,Tsuga,Pinaceae,Pinales,Pinopsida,Tracheophyta,Plantae,ACCEPTED,EXACT,99,True,,2026-08-20
Tuber melanosporum,Tuber melanosporum,5258468,Tuber,Tuberaceae,Pezizales,Pezizomycetes,Ascomycota,Fungi,ACCEPTED,EXACT,99,True,,2026-08-20
Turnera diffusa,Turnera diffusa,2874847,Turnera,Turneraceae,Malpighiales,Magnoliopsida,Tracheophyta,Plantae,ACCEPTED,EXACT,98,True,,2026-08-20
Tussilago farfara,Tussilago farfara,3149879,Tussilago,Asteraceae,Asterales,Magnoliopsida,Tracheophyta,Plantae,ACCEPTED,EXACT,99,True,,2026-08-20
Typha latifolia,Typha latifolia,5289423,Typha,Typhaceae,Poales,Liliopsida,Tracheophyta,Plantae,ACCEPTED,EXACT,98,True,,2026-08-20
Ulex europaeus,Ulex europaeus,2951984,Ulex,Fabaceae,Fabales,Magnoliopsida,Tracheophyta,Plantae,ACCEPTED,EXACT,98,True,,2026-08-20
Ulva lactuca,Ulva lactuca,5273309,Ulva,Ulvaceae,Ulvales,Ulvophyceae,Chlorophyta,Plantae,ACCEPTED,EXACT,99,True,,2026-08-20
Uncaria gambir,Uncaria gambir,5338190,Uncaria,Rubiaceae,Gentianales,Magnoliopsida,Tracheophyta,Plantae,ACCEPTED,EXACT,99,True,,2026-08-20
Urtica dioica,Urtica dioica,7960979,Urtica,Urticaceae,Rosales,Magnoliopsida,Tracheophyta,Plantae,ACCEPTED,EXACT,97,True,,2026-08-20
Urtica urens,Urtica urens,5361815,Urtica,Urticaceae,Rosales,Magnoliopsida,Tracheophyta,Plantae,ACCEPTED,EXACT,97,True,,2026-08-20
Usnea barbata,Usnea barbata,7247607,Usnea,Parmeliaceae,Lecanorales,Lecanoromycetes,Ascomycota,Fungi,ACCEPTED,EXACT,97,True,,2026-08-20
Vaccinium macrocarpon,Vaccinium macrocarpon,2882841,Vaccinium,Ericaceae,Ericales,Magnoliopsida,Tracheophyta,Plantae,ACCEPTED,EXACT,99,True,,2026-08-20
Vaccinium myrtillus,Vaccinium myrtillus,2882833,Vaccinium,Ericaceae,Ericales,Magnoliopsida,Tracheophyta,Plantae,ACCEPTED,EXACT,97,True,,2026-08-20
Vaccinium uliginosum,Vaccinium uliginosum,8073364,Vaccinium,Ericaceae,Ericales,Magnoliopsida,Tracheophyta,Plantae,ACCEPTED,EXACT,99,True,,2026-08-20
Vaccinium vitis-idaea,Vaccinium vitis-idaea,2882835,Vaccinium,Ericaceae,Ericales,Magnoliopsida,Tracheophyta,Plantae,ACCEPTED,EXACT,99,True,,2026-08-20
Valeriana celtica,Valeriana celtica,7298940,Valeriana,Caprifoliaceae,Dipsacales,Magnoliopsida,Tracheophyta,Plantae,ACCEPTED,EXACT,97,True,,2026-08-20
Valeriana fauriei,Valeriana fauriei,7298944,Valeriana,Caprifoliaceae,Dipsacales,Magnoliopsida,Tracheophyta,Plantae,ACCEPTED,EXACT,99,True,,2026-08-20
Valeriana jatamansi,Valeriana jatamansi,8213018,Valeriana,Caprifoliaceae,Dipsacales,Magnoliopsida,Tracheophyta,Plantae,ACCEPTED,EXACT,97,True,,2026-08-20
Valeriana officinalis,Valeriana officinalis,2888763,Valeriana,Caprifoliaceae,Dipsacales,Magnoliopsida,Tracheophyta,Plantae,ACCEPTED,EXACT,99,True,,2026-08-20
Valeriana wallichii,Valeriana jatamansi,8213018,Valeriana,Caprifoliaceae,Dipsacales,Magnoliopsida,Tracheophyta,Plantae,SYNONYM,EXACT,98,True,,2026-08-20
Vanda coerulea,Vanda coerulea,2783163,Vanda,Orchidaceae,Asparagales,Liliopsida,Tracheophyta,Plantae,ACCEPTED,EXACT,97,True,,2026-08-20
Vanilla planifolia,Vanilla planifolia,2803398,Vanilla,Orchidaceae,Asparagales,Liliopsida,Tracheophyta,Plantae,ACCEPTED,EXACT,97,True,,2026-08-20
Vanilla tahitensis,Vanilla tahitensis,2803401,Vanilla,Orchidaceae,Asparagales,Liliopsida,Tracheophyta,Plantae,ACCEPTED,EXACT,99,True,,2026-08-20
Verbascum thapsus,Verbascum thapsus,3171949,Verbascum,Scrophulariaceae,Lamiales,Magnoliopsida,Tracheophyta,Plantae,ACCEPTED,EXACT,97,True,,2026-08-20
Verbena officinalis,Verbena officinalis,2925529,Verbena,Verbenaceae,Lamiales,Magnoliopsida,Tracheophyta,Plantae,ACCEPTED,EXACT,99,True,,2026-08-20
Veronica beccabunga,Veronica beccabunga,3172062,Veronica,Plantaginaceae,Lamiales,Magnoliopsida,Tracheophyta,Plantae,ACCEPTED,EXACT,97,True,,2026-08-20
Veronica officinalis,Veronica officinalis,3172049,Veronica,Plantaginaceae,Lamiales,Magnoliopsida,Tracheophyta,Plantae,ACCEPTED,EXACT,99,True,,2026-08-20
Vetiveria zizanioides,Vetiveria zizanioides,7352653,Vetiveria,Poaceae,Poales,Liliopsida,Tracheophyta,Plantae,ACCEPTED,EXACT,97,True,,2026-08-20
Vetiveria zizanoides,Vetiveria zizanioides,7352653,Vetiveria,Poaceae,Poales,Liliopsida,Tracheophyta,Plantae,ACCEPTED,FUZZY,93,True,,2026-08-20
Viburnum lantana,Viburnum lantana,2888615,Viburnum,Viburnaceae,Dipsacales,Magnoliopsida,Tracheophyta,Plantae,ACCEPTED,EXACT,97,True,,2026-08-20
Viburnum opulus,Viburnum opulus,2888605,Viburnum,Viburnaceae,Dipsacales,Magnoliopsida,Tracheophyta,Plantae,ACCEPTED,EXACT,99,True,,2026-08-20
Viburnum prunifolium,Viburnum prunifolium,2888608,Viburnum,Viburnaceae,Dipsacales,Magnoliopsida,Tracheophyta,Plantae,ACCEPTED,EXACT,99,True,,2026-08-20
Vicia faba,Vicia faba,2974832,Vicia,Fabaceae,Fabales,Magnoliopsida,Tracheophyta,Plantae,ACCEPTED,EXACT,99,True,,2026-08-20
Vicia sativa,Vicia sativa,2975014,Vicia,Fabaceae,Fabales,Magnoliopsida,Tracheophyta,Plantae,ACCEPTED,EXACT,97,True,,2026-08-20
Vigna angularis,Vigna angularis,2982508,Vigna,Fabaceae,Fabales,Magnoliopsida,Tracheophyta,Plantae,ACCEPTED,EXACT,99,True,,2026-08-20
Vinca major,Vinca major,3169708,Vinca,Apocynaceae,Gentianales,Magnoliopsida,Tracheophyta,Plantae,ACCEPTED,EXACT,97,True,,2026-08-20
Vinca minor,Vinca minor,3169707,Vinca,Apocynaceae,Gentianales,Magnoliopsida,Tracheophyta,Plantae,ACCEPTED,EXACT,98,True,,2026-08-20
Viola odorata,Viola odorata,5331181,Viola,Violaceae,Malpighiales,Magnoliopsida,Tracheophyta,Plantae,ACCEPTED,EXACT,97,True,,2026-08-20
Viola tricolor,Viola tricolor,5331347,Viola,Violaceae,Malpighiales,Magnoliopsida,Tracheophyta,Plantae,ACCEPTED,EXACT,99,True,,2026-08-20
Viola yedoensis,Viola philippica,12217049,Viola,Violaceae,Malpighiales,Magnoliopsida,Tracheophyta,Plantae,SYNONYM,EXACT,98,True,,2026-08-20
Virola surinamensis,Virola surinamensis,3152848,Virola,Myristicaceae,Magnoliales,Magnoliopsida,Tracheophyta,Plantae,ACCEPTED,EXACT,99,True,,2026-08-20
Viscum album,Viscum album,2889828,Viscum,Viscaceae,Santalales,Magnoliopsida,Tracheophyta,Plantae,ACCEPTED,EXACT,97,True,,2026-08-20
Visnaga vera,Visnaga daucoides,5371753,Visnaga,Apiaceae,Apiales,Magnoliopsida,Tracheophyta,Plantae,SYNONYM,EXACT,98,True,,2026-08-20
Vitex agnus,Vitex agnus-castus,2925562,Vitex,Lamiaceae,Lamiales,Magnoliopsida,Tracheophyta,Plantae,SYNONYM,EXACT,98,True,,2026-08-20
Vitex agnus-castus,Vitex agnus-castus,2925562,Vitex,Lamiaceae,Lamiales,Magnoliopsida,Tracheophyta,Plantae,ACCEPTED,EXACT,98,True,,2026-08-20
Vitex negundo,Vitex negundo,2925564,Vitex,Lamiaceae,Lamiales,Magnoliopsida,Tracheophyta,Plantae,ACCEPTED,EXACT,98,True,,2026-08-20
Vitex trifolia,Vitex trifolia,2925561,Vitex,Lamiaceae,Lamiales,Magnoliopsida,Tracheophyta,Plantae,ACCEPTED,EXACT,99,True,,2026-08-20
Vitis vinifera,Vitis vinifera,5372392,Vitis,Vitaceae,Vitales,Magnoliopsida,Tracheophyta,Plantae,ACCEPTED,EXACT,97,True,,2026-08-20
Voacanga africana,Voacanga africana,3616169,Voacanga,Apocynaceae,Gentianales,Magnoliopsida,Tracheophyta,Plantae,ACCEPTED,EXACT,98,True,,2026-08-20
Wedelia calendulacea,,,Wedelia,Asteraceae,Asterales,,,Plantae,,HIGHERRANK,0,False,no_match:HIGHERRANK|genus_fallback,2026-08-20
Wisteria sinensis,Wisteria sinensis,8149049,Wisteria,Fabaceae,Fabales,Magnoliopsida,Tracheophyta,Plantae,ACCEPTED,EXACT,97,True,,2026-08-20
Withania somnifera,Withania somnifera,2928840,Withania,Solanaceae,Solanales,Magnoliopsida,Tracheophyta,Plantae,ACCEPTED,EXACT,99,True,,2026-08-20
Xanthium strumarium,Xanthium strumarium,3089154,Xanthium,Asteraceae,Asterales,Magnoliopsida,Tracheophyta,Plantae,ACCEPTED,EXACT,98,True,,2026-08-20
Ximenia americana,Ximenia americana,2889811,Ximenia,Ximeniaceae,Santalales,Magnoliopsida,Tracheophyta,Plantae,ACCEPTED,EXACT,99,True,,2026-08-20
Yucca aloifolia,Yucca aloifolia,2775744,Yucca,Asparagaceae,Asparagales,Liliopsida,Tracheophyta,Plantae,ACCEPTED,EXACT,98,True,,2026-08-20
Yucca brevifolia,Yucca brevifolia,2775592,Yucca,Asparagaceae,Asparagales,Liliopsida,Tracheophyta,Plantae,ACCEPTED,EXACT,97,True,,2026-08-20
Yucca filamentosa,Yucca filamentosa,2775561,Yucca,Asparagaceae,Asparagales,Liliopsida,Tracheophyta,Plantae,ACCEPTED,EXACT,97,True,,2026-08-20
Yucca glauca,Yucca glauca,2775497,Yucca,Asparagaceae,Asparagales,Liliopsida,Tracheophyta,Plantae,ACCEPTED,EXACT,97,True,,2026-08-20
Yucca schidigera,Yucca schidigera,2775710,Yucca,Asparagaceae,Asparagales,Liliopsida,Tracheophyta,Plantae,ACCEPTED,EXACT,97,True,,2026-08-20
Zanthoxylum acanthopodium,Zanthoxylum acanthopodium,7269121,Zanthoxylum,Rutaceae,Sapindales,Magnoliopsida,Tracheophyta,Plantae,ACCEPTED,EXACT,99,True,,2026-08-20
Zanthoxylum alatum,,,Zanthoxylum,Rutaceae,Sapindales,,,Plantae,,HIGHERRANK,0,False,no_match:HIGHERRANK|genus_fallback,2026-08-20
Zanthoxylum americanum,Zanthoxylum americanum,3190089,Zanthoxylum,Rutaceae,Sapindales,Magnoliopsida,Tracheophyta,Plantae,ACCEPTED,EXACT,99,True,,2026-08-20
Zanthoxylum avicennae,Zanthoxylum avicennae,3832937,Zanthoxylum,Rutaceae,Sapindales,Magnoliopsida,Tracheophyta,Plantae,ACCEPTED,EXACT,99,True,,2026-08-20
Zanthoxylum coreanum,Zanthoxylum simulans,3834219,Zanthoxylum,Rutaceae,Sapindales,Magnoliopsida,Tracheophyta,Plantae,SYNONYM,EXACT,98,True,,2026-08-20
Zanthoxylum piperitum,Zanthoxylum piperitum,7269282,Zanthoxylum,Rutaceae,Sapindales,Magnoliopsida,Tracheophyta,Plantae,ACCEPTED,EXACT,97,True,,2026-08-20
Zanthoxylum schinifolium,Zanthoxylum schinifolium,7269177,Zanthoxylum,Rutaceae,Sapindales,Magnoliopsida,Tracheophyta,Plantae,ACCEPTED,EXACT,99,True,,2026-08-20
Zanthoxylum zanthoxyloides,Zanthoxylum zanthoxyloides,3833043,Zanthoxylum,Rutaceae,Sapindales,Magnoliopsida,Tracheophyta,Plantae,ACCEPTED,EXACT,99,True,,2026-08-20
Zea mays,Zea mays,5290052,Zea,Poaceae,Poales,Liliopsida,Tracheophyta,Plantae,ACCEPTED,EXACT,99,True,,2026-08-20
Zingiber aromaticus,,,Zingiber,Zingiberaceae,Zingiberales,,,Plantae,,HIGHERRANK,0,False,no_match:HIGHERRANK|genus_fallback,2026-08-20
Zingiber cassumunar,Zingiber purpureum,2757204,Zingiber,Zingiberaceae,Zingiberales,Liliopsida,Tracheophyta,Plantae,SYNONYM,EXACT,98,True,,2026-08-20
Zingiber officinale,Zingiber officinale,2757280,Zingiber,Zingiberaceae,Zingiberales,Liliopsida,Tracheophyta,Plantae,ACCEPTED,EXACT,99,True,,2026-08-20
Zingiber zerumbet,Zingiber zerumbet,2757108,Zingiber,Zingiberaceae,Zingiberales,Liliopsida,Tracheophyta,Plantae,ACCEPTED,EXACT,97,True,,2026-08-20
