refNo,annexNo,inciName,chemicalName,innName,phEurName,casNo,ecNo,chemicalDescription,identifiedIngredient,functionName,cosmeticRestriction,maximumConcentration,productTypeBodyParts,otherRestrictions,otherRegulations,classificationInformation,note,colour,perfuming,publicationDate,currentVersion
1,IV,"Sodium tris(1,2-naphthoquinone 1-oximato-O,O')ferrate(1-)","Sodium tris(1,2-naphthoquinone 1-oximato-O,O')ferrate(1-)",,,16143-80-9,240-299-7,,32694,,,Rinse-off product,,"<empty> | <empty> | <empty> | <empty> | <empty> | <empty> | <empty> | as a constituent of other substances, or in mixtures, in concentrations equal to, or greater than 0.1% by weight | <empty> | <empty> | <empty> | <empty> | <empty> | <empty> | <empty> | <empty> | Shall not be placed on the market, or used, as substance or in mixtures in concentrations equal to ot greater than 0.1% by weight | <empty> | <empty> | <empty> | <empty> | Shall not be used as propellant in aerosols for any use. Aerosols dispenser containing the substance as propellant shall not be placed on the market | <empty> | <empty> | <empty> | <empty> | <empty> | <empty> | <empty> | <empty> | <empty> | <empty> | <empty> | <empty> | <empty> | <empty> | <empty>",,[],,Green,N,2009-12-22T00:00:00.000+0100,1
2,IV,"Trisodium tris[5,6-dihydro-5-(hydroxyimino)-6-oxonaphthalene-2-sulphonato(2-)-N5,O6]ferrate(3-)","Trisodium tris[5,6-dihydro-5-(hydroxyimino)-6-oxonaphthalene-2-sulphonato(2-)-N5,O6]ferrate(3-)",,,19381-50-1,243-010-2,,31615 | 32695 | 87706,,,Not to be used in products applied on mucous membranes,,"<empty> | <empty> | <empty> | <empty> | <empty> | <empty> | <empty> | as a constituent of other substances, or in mixtures, in concentrations equal to, or greater than 0.1% by weight | <empty> | <empty> | <empty> | <empty> | <empty> | <empty> | <empty> | <empty> | Shall not be placed on the market, or used, as substance or in mixtures in concentrations equal to ot greater than 0.1% by weight | <empty> | <empty> | <empty> | <empty>",,[],,Green,N,2009-12-22T00:00:00.000+0100,1
3,IV,"Disodium 5,7-dinitro-8-oxidonaphthalene-2-sulphonate and its insoluble barium, strontium and zirconium lakes, salts and pigments","Disodium 5,7-dinitro-8-oxidonaphthalene-2-sulphonate and its insoluble barium, strontium and zirconium lakes, salts and pigments",,,846-70-8,212-690-2,,31636 | 32696 | 91054,,,Not to be used in eye products,,"<empty> | <empty> | <empty> | <empty> | <empty> | <empty> | <empty> | as a constituent of other substances, or in mixtures, in concentrations equal to, or greater than 0.1% by weight | <empty> | <empty> | <empty> | <empty>",,[],,Yellow,N,2009-12-22T00:00:00.000+0100,1
4,IV,2-[(4-Methyl-2-nitrophenyl)azo]-3-oxo-N-phenylbutyramide,2-[(4-Methyl-2-nitrophenyl)azo]-3-oxo-N-phenylbutyramide,,,2512-29-0,219-730-8,,32697,,,Not to be used in products applied on mucous membranes,,"<empty> | <empty> | <empty> | <empty> | <empty> | <empty> | <empty> | as a constituent of other substances, or in mixtures, in concentrations equal to, or greater than 0.1% by weight | <empty> | <empty> | <empty> | <empty> | <empty> | <empty> | <empty> | <empty>",,[],,Yellow,N,2009-12-22T00:00:00.000+0100,1
5,IV,2-[(4-Chloro-2-nitrophenyl)azo]-N-(2-chlorophenyl)-3-oxobutyramide,2-[(4-Chloro-2-nitrophenyl)azo]-N-(2-chlorophenyl)-3-oxobutyramide,,,6486-23-3,229-355-1,,32698,,,Not to be used in products applied on mucous membranes,,"<empty> | <empty> | <empty> | <empty> | <empty> | <empty> | <empty> | as a constituent of other substances, or in mixtures, in concentrations equal to, or greater than 0.1% by weight | <empty> | <empty> | <empty> | <empty>",,[],,Yellow,N,2009-12-22T00:00:00.000+0100,1
6,IV,2-[(4-Methoxy-2-nitrophenyl)azo]-3-oxo-N-(o-tolyl)butyramide,2-[(4-Methoxy-2-nitrophenyl)azo]-3-oxo-N-(o-tolyl)butyramide,,,6371-96-6,228-907-9,,32699,,,Rinse-off products,,"<empty> | <empty> | <empty> | <empty> | <empty> | <empty> | <empty> | as a constituent of other substances, or in mixtures, in concentrations equal to, or greater than 0.1% by weight | <empty> | <empty> | <empty> | <empty> | <empty> | <empty> | <empty> | <empty>",,[],,Orange,N,2009-12-22T00:00:00.000+0100,1
7,IV,4-(Phenylazo)resorcinol,4-(Phenylazo)resorcinol,,,2051-85-6,218-131-9,,32700 | 38152 | 87707,,,,,"<empty> | <empty> | <empty> | <empty> | <empty> | <empty> | <empty> | as a constituent of other substances, or in mixtures, in concentrations equal to, or greater than 0.1% by weight | <empty> | <empty> | <empty> | <empty> | <empty> | <empty> | <empty> | <empty> | Shall not be placed on the market, or used, as substance or in mixtures in concentrations equal to ot greater than 0.1% by weight | <empty> | <empty> | <empty> | <empty>",,[],,Orange,N,2009-12-22T00:00:00.000+0100,1
8,IV,4-[(4-Ethoxyphenyl)azo]naphthol,4-[(4-Ethoxyphenyl)azo]naphthol,,,6535-42-8,229-439-8,,32701 | 38154 | 87708,,,Not to be used in products applied on mucous membranes,,"<empty> | <empty> | <empty> | <empty> | <empty> | <empty> | <empty> | as a constituent of other substances, or in mixtures, in concentrations equal to, or greater than 0.1% by weight | <empty> | <empty> | <empty> | <empty> | <empty> | <empty> | <empty> | <empty> | Shall not be placed on the market, or used, as substance or in mixtures in concentrations equal to ot greater than 0.1% by weight | <empty> | <empty> | <empty> | <empty> | Shall not be used as propellant in aerosols for any use. Aerosols dispenser containing the substance as propellant shall not be placed on the market | <empty>",,[],,Red,N,2009-12-22T00:00:00.000+0100,1
9,IV,"1-[(2-Chloro-4-nitrophenyl)azo]-2-naphthol and its insoluble barium, strontium and zirconium lakes, salts and pigments","1-[(2-Chloro-4-nitrophenyl)azo]-2-naphthol and its insoluble barium, strontium and zirconium lakes, salts and pigments",,,2814-77-9,220-562-2,,32702 | 87672 | 98574 | 87709,,,,,"<empty> | <empty> | <empty> | <empty> | <empty> | <empty> | <empty> | as a constituent of other substances, or in mixtures, in concentrations equal to, or greater than 0.1% by weight | <empty> | <empty> | <empty> | <empty> | <empty> | <empty> | <empty> | <empty> | Shall not be placed on the market, or used, as substance or in mixtures in concentrations equal to ot greater than 0.1% by weight | <empty> | <empty> | <empty> | <empty> | Shall not be used as propellant in aerosols for any use. Aerosols dispenser containing the substance as propellant shall not be placed on the market | <empty> | <empty> | <empty> | <empty> | <empty> | <empty> | <empty> | <empty> | <empty> | <empty> | <empty> | <empty> | <empty> | <empty> | <empty> | <empty> | <empty> | <empty> | <empty>",,[],,Red,N,2009-12-22T00:00:00.000+0100,1
10,IV,1-[(4-Methyl-2-nitrophenyl)azo]-2-naphthol,1-[(4-Methyl-2-nitrophenyl)azo]-2-naphthol,,,2425-85-6,219-372-2,,32703,,,Rinse-off products,,<empty> | <empty> | <empty> | <empty>,,[],,Red,N,2009-12-22T00:00:00.000+0100,1
11,IV,"3-Hydroxy-N-(o-tolyl)-4-[(2,4,5-trichlorophenyl)azo]naphthalene-2-carboxamide","3-Hydroxy-N-(o-tolyl)-4-[(2,4,5-trichlorophenyl)azo]naphthalene-2-carboxamide",,,6535-46-2,229-440-3,,32704 | 36566 | 87710,,,Rinse-off products,,"<empty> | <empty> | <empty> | <empty> | <empty> | <empty> | <empty> | as a constituent of other substances, or in mixtures, in concentrations equal to, or greater than 0.1% by weight | <empty> | <empty> | <empty> | <empty> | <empty> | <empty> | <empty> | <empty> | Shall not be placed on the market, or used, as substance or in mixtures in concentrations equal to ot greater than 0.1% by weight | <empty> | <empty> | <empty> | <empty> | Shall not be used as propellant in aerosols for any use. Aerosols dispenser containing the substance as propellant shall not be placed on the market | <empty> | <empty> | <empty> | <empty> | <empty> | <empty> | <empty> | <empty> | <empty> | <empty> | <empty> | <empty> | <empty> | <empty> | <empty> | <empty> | <empty> | <empty> | <empty>",,[],,Red,N,2009-12-22T00:00:00.000+0100,1
12,IV,N-(4-Chloro-2-methylphenyl)-4-[(4-chloro-2-methylphenyl)azo]-3-hydroxynaphthalene-2-carboxamide,N-(4-Chloro-2-methylphenyl)-4-[(4-chloro-2-methylphenyl)azo]-3-hydroxynaphthalene-2-carboxamide,,,6471-51-8,229-315-3,,32705,,,Rinse-off products,,<empty>,,[],,Red,N,2009-12-22T00:00:00.000+0100,1
13,IV,"4-[(2,5-Dichlorophenyl)azo]-N-(2,5-dimethoxyphenyl)-3-hydroxynaphthalene-2-carboxamide","4-[(2,5-Dichlorophenyl)azo]-N-(2,5-dimethoxyphenyl)-3-hydroxynaphthalene-2-carboxamide",,,6410-40-8,229-106-7,,32706,,,Rinse-off products,,"<empty> | <empty> | <empty> | <empty> | <empty> | <empty> | <empty> | as a constituent of other substances, or in mixtures, in concentrations equal to, or greater than 0.1% by weight | <empty> | <empty> | <empty> | <empty> | <empty> | <empty> | <empty> | <empty> | Shall not be placed on the market, or used, as substance or in mixtures in concentrations equal to ot greater than 0.1% by weight | <empty> | <empty> | <empty> | <empty> | Shall not be used as propellant in aerosols for any use. Aerosols dispenser containing the substance as propellant shall not be placed on the market | <empty> | <empty> | <empty> | <empty> | <empty> | <empty> | <empty> | <empty> | <empty> | <empty> | <empty> | <empty> | <empty> | <empty> | <empty> | <empty> | <empty> | <empty> | <empty>",,[],,Brown,N,2009-12-22T00:00:00.000+0100,1
14,IV,"N-(5-Chloro-2,4-dimethoxyphenyl)-4-[[5-[(diethylamino)sulphonyl]-2-methoxyphenyl]azo]-3-hydroxynaphthalene-2-carboxamide","N-(5-Chloro-2,4-dimethoxyphenyl)-4-[[5-[(diethylamino)sulphonyl]-2-methoxyphenyl]azo]-3-hydroxynaphthalene-2-carboxamide",,,6410-41-9,229-107-2,,32707 | 36570 | 87711,,,,,"<empty> | <empty> | <empty> | <empty> | <empty> | <empty> | <empty> | as a constituent of other substances, or in mixtures, in concentrations equal to, or greater than 0.1% by weight | <empty> | <empty> | <empty> | <empty> | <empty> | <empty> | <empty> | <empty> | Shall not be placed on the market, or used, as substance or in mixtures in concentrations equal to ot greater than 0.1% by weight | <empty> | <empty> | <empty> | <empty> | Shall not be used as propellant in aerosols for any use. Aerosols dispenser containing the substance as propellant shall not be placed on the market | <empty> | <empty> | <empty> | <empty> | <empty> | <empty> | <empty> | <empty> | <empty> | <empty> | <empty> | <empty> | <empty> | <empty> | <empty>",,[],,Red,N,2009-12-22T00:00:00.000+0100,1
15,IV,"2,4-Dihydro-5-methyl-2-phenyl-4-(phenylazo)-3H-pyrazol-3-one","2,4-Dihydro-5-methyl-2-phenyl-4-(phenylazo)-3H-pyrazol-3-one",,,4314-14-1,224-330-1,,32708,,,Rinse-off products,,"<empty> | <empty> | <empty> | <empty> | <empty> | <empty> | <empty> | as a constituent of other substances, or in mixtures, in concentrations equal to, or greater than 0.1% by weight | <empty> | <empty> | <empty> | <empty> | <empty> | <empty> | <empty> | <empty> | Shall not be placed on the market, or used, as substance or in mixtures in concentrations equal to ot greater than 0.1% by weight | <empty> | <empty> | <empty> | <empty> | Shall not be used as propellant in aerosols for any use. Aerosols dispenser containing the substance as propellant shall not be placed on the market | <empty> | <empty> | <empty> | <empty> | <empty> | <empty> | <empty> | <empty> | <empty> | <empty> | <empty> | <empty> | <empty> | <empty> | <empty> | <empty> | <empty> | <empty> | <empty> | <empty> | <empty> | <empty> | <empty> | <empty> | <empty> | <empty> | <empty> | <empty> | <empty> | <empty> | <empty> | <empty> | <empty> | <empty>",,[],,Yellow,N,2009-12-22T00:00:00.000+0100,1
16,IV,Disodium 2-amino-5-[(4-sulphonatophenyl)azo]benzenesulphonate,Disodium 2-amino-5-[(4-sulphonatophenyl)azo]benzenesulphonate,,,2706-28-7,220-293-0,,32709,,,,,"<empty> | <empty> | <empty> | <empty> | <empty> | <empty> | <empty> | as a constituent of other substances, or in mixtures, in concentrations equal to, or greater than 0.1% by weight | <empty> | <empty> | <empty> | <empty> | <empty> | <empty> | <empty> | <empty> | Shall not be placed on the market, or used, as substance or in mixtures in concentrations equal to ot greater than 0.1% by weight",,[],,Yellow,N,2009-12-22T00:00:00.000+0100,1
17,IV,"Sodium 4-(2,4-dihydroxyphenylazo)benzenesulphonate","Sodium 4-(2,4-dihydroxyphenylazo)benzenesulphonate",,,547-57-9,208-924-8,,31619 | 32710 | 87712,,,,,"<empty> | <empty> | <empty> | <empty> | <empty> | <empty> | <empty> | as a constituent of other substances, or in mixtures, in concentrations equal to, or greater than 0.1% by weight | <empty> | <empty> | <empty> | <empty> | <empty> | <empty> | <empty> | <empty> | Shall not be placed on the market, or used, as substance or in mixtures in concentrations equal to ot greater than 0.1% by weight | <empty> | <empty> | <empty> | <empty> | Shall not be used as propellant in aerosols for any use. Aerosols dispenser containing the substance as propellant shall not be placed on the market | <empty> | <empty> | <empty> | <empty> | <empty> | <empty> | <empty>",,[],,Orange,N,2009-12-22T00:00:00.000+0100,1
18,IV,"Disodium 3-[(2,4-dimethyl-5- sulphonatophenyl)azo]-4- hydroxynaphthalene-1- sulphonate","Disodium 3-[(2,4-dimethyl-5- sulphonatophenyl)azo]-4- hydroxynaphthalene-1- sulphonate",,,4548-53-2,224-909-9,,36917,,,,,"<empty> | <empty> | <empty> | <empty> | <empty> | <empty> | <empty> | as a constituent of other substances, or in mixtures, in concentrations equal to, or greater than 0.1% by weight | <empty> | <empty> | <empty> | <empty> | <empty> | <empty> | <empty> | <empty> | Shall not be placed on the market, or used, as substance or in mixtures in concentrations equal to ot greater than 0.1% by weight | <empty> | <empty> | <empty> | <empty> | Shall not be used as propellant in aerosols for any use. Aerosols dispenser containing the substance as propellant shall not be placed on the market | <empty> | <empty> | <empty> | <empty> | <empty> | <empty> | <empty> | <empty> | <empty> | <empty> | <empty> | <empty> | <empty> | <empty> | <empty> | <empty> | <empty> | <empty> | <empty> | <empty> | <empty> | <empty> | <empty> | <empty> | <empty> | <empty> | <empty> | <empty> | <empty> | <empty> | <empty> | <empty> | <empty> | <empty> | <empty> | <empty> | <empty> | <empty> | <empty> | <empty> | <empty> | <empty> | <empty>",,[],,Red,N,2009-12-22T00:00:00.000+0100,1
19,IV,Disodium 4-hydroxy-3-[(4-sulphonatonaphthyl)azo]naphthalenesulphonate,Disodium 4-hydroxy-3-[(4-sulphonatonaphthyl)azo]naphthalenesulphonate,,,3567-69-9,222-657-4,,32712,,,,,"<empty> | <empty> | <empty> | <empty> | <empty> | <empty> | <empty> | as a constituent of other substances, or in mixtures, in concentrations equal to, or greater than 0.1% by weight | <empty> | <empty> | <empty> | <empty> | <empty> | <empty> | <empty> | <empty> | Shall not be placed on the market, or used, as substance or in mixtures in concentrations equal to ot greater than 0.1% by weight | <empty> | <empty> | <empty> | <empty> | Shall not be used as propellant in aerosols for any use. Aerosols dispenser containing the substance as propellant shall not be placed on the market | <empty> | <empty> | <empty> | <empty> | <empty> | <empty> | <empty>",,[],,Red,N,2009-12-22T00:00:00.000+0100,1
20,IV,"Disodium 6-[(2,4-dimethyl-6-sulphonatophenyl)azo]-5-hydroxynaphthalene-1-sulphonate","Disodium 6-[(2,4-dimethyl-6-sulphonatophenyl)azo]-5-hydroxynaphthalene-1-sulphonate",,,3257-28-1,221-856-3,,32713,,,,,"<empty> | <empty> | <empty> | <empty> | <empty> | <empty> | <empty> | as a constituent of other substances, or in mixtures, in concentrations equal to, or greater than 0.1% by weight | <empty> | <empty> | <empty> | <empty> | <empty> | <empty> | <empty> | <empty> | Shall not be placed on the market, or used, as substance or in mixtures in concentrations equal to ot greater than 0.1% by weight | <empty> | <empty> | <empty> | <empty> | Shall not be used as propellant in aerosols for any use. Aerosols dispenser containing the substance as propellant shall not be placed on the market | <empty> | <empty> | <empty> | <empty> | <empty> | <empty> | <empty> | <empty> | <empty> | <empty> | <empty> | <empty> | <empty> | <empty> | <empty> | <empty> | <empty> | <empty> | <empty> | <empty> | <empty> | <empty> | <empty> | <empty> | <empty> | <empty> | <empty> | <empty> | <empty> | <empty> | <empty> | <empty> | <empty> | <empty>",,[],,Red,N,2009-12-22T00:00:00.000+0100,1
21,IV,"Sodium 4-[(2-hydroxy-1-naphthyl)azo]benzenesulphonate and its unsoluble barium, strontium and zirconium lakes, salts and pigments","Sodium 4-[(2-hydroxy-1-naphthyl)azo]benzenesulphonate and its unsoluble barium, strontium and zirconium lakes, salts and pigments",,,633-96-5,211-199-0,,31620 | 32714,,,Not to be used in eye products,,"<empty> | <empty> | <empty> | <empty> | <empty> | <empty> | <empty> | as a constituent of other substances, or in mixtures, in concentrations equal to, or greater than 0.1% by weight | <empty> | <empty> | <empty> | <empty> | <empty> | <empty> | <empty> | <empty> | Shall not be placed on the market, or used, as substance or in mixtures in concentrations equal to ot greater than 0.1% by weight | <empty> | <empty> | <empty> | <empty> | Shall not be used as propellant in aerosols for any use. Aerosols dispenser containing the substance as propellant shall not be placed on the market | <empty> | <empty> | <empty> | <empty> | <empty> | <empty> | <empty>",,[],,Orange,N,2009-12-22T00:00:00.000+0100,1
22,IV,Calcium disodium bis[2-chloro-5-[(2-hydroxy-1-naphthyl)azo]-4-sulphonatobenzoate],Calcium disodium bis[2-chloro-5-[(2-hydroxy-1-naphthyl)azo]-4-sulphonatobenzoate],,,5850-80-6,227-456-5,,32715,,,,,"<empty> | <empty> | <empty> | <empty> | <empty> | <empty> | <empty> | as a constituent of other substances, or in mixtures, in concentrations equal to, or greater than 0.1% by weight | <empty> | <empty> | <empty> | <empty>",,[],,Red,N,2009-12-22T00:00:00.000+0100,1
23,IV,Barium bis[4-[(2-hydroxy-1-naphthyl)azo]-2-methylbenzenesulphonate],Barium bis[4-[(2-hydroxy-1-naphthyl)azo]-2-methylbenzenesulphonate],,,5850-87-3,227-459-1,,32716,,,,,"<empty> | <empty> | <empty> | <empty> | <empty> | <empty> | <empty> | as a constituent of other substances, or in mixtures, in concentrations equal to, or greater than 0.1% by weight | <empty> | <empty> | <empty> | <empty> | <empty> | <empty> | <empty> | <empty> | Shall not be placed on the market, or used, as substance or in mixtures in concentrations equal to ot greater than 0.1% by weight | <empty> | <empty> | <empty> | <empty> | Shall not be used as propellant in aerosols for any use. Aerosols dispenser containing the substance as propellant shall not be placed on the market | <empty> | <empty> | <empty> | <empty> | <empty> | <empty> | <empty> | <empty>",,[],,Red,N,2009-12-22T00:00:00.000+0100,1
24,IV,Sodium 4-[(2-Hydroxy-1-naphthyl)azo]naphthalenesulphonate,Sodium 4-[(2-Hydroxy-1-naphthyl)azo]naphthalenesulphonate,,,1658-56-6,216-760-3,,32717,,,Rinse-off products,,<empty> | <empty> | <empty> | <empty> | <empty> | <empty> | <empty>,,[],,Red,N,2009-12-22T00:00:00.000+0100,1
25,IV,"Sodium 2-[(2-hydroxynaphthyl)azo]naphthalenesulphonate and its insoluble barium, strontium and zirconium lakes, salts and pigments","Sodium 2-[(2-hydroxynaphthyl)azo]naphthalenesulphonate and its insoluble barium, strontium and zirconium lakes, salts and pigments",,,1248-18-6,214-998-2,,32718,,,,,"<empty> | <empty> | <empty> | <empty> | <empty> | <empty> | <empty> | as a constituent of other substances, or in mixtures, in concentrations equal to, or greater than 0.1% by weight | <empty> | <empty> | <empty> | <empty> | <empty> | <empty> | <empty> | <empty> | Shall not be placed on the market, or used, as substance or in mixtures in concentrations equal to ot greater than 0.1% by weight | <empty>",,[],,Red,N,2009-12-22T00:00:00.000+0100,1
26,IV,Calcium bis[3-hydroxy-4-(phenylazo)-2-naphthoate],Calcium bis[3-hydroxy-4-(phenylazo)-2-naphthoate],,,6371-76-2,228-899-7,,32719 | 87695,,,Not to be used in products applied on mucous membranes,,"<empty> | <empty> | <empty> | <empty> | <empty> | <empty> | <empty> | as a constituent of other substances, or in mixtures, in concentrations equal to, or greater than 0.1% by weight | <empty> | <empty> | <empty> | <empty> | <empty> | <empty> | <empty> | <empty> | Shall not be placed on the market, or used, as substance or in mixtures in concentrations equal to ot greater than 0.1% by weight",,[],,Red,N,2009-12-22T00:00:00.000+0100,1
27,IV,"Disodium 3-hydroxy-4-[(4-methyl-2-sulphonatophenyl)azo]-2-naphthoate and its insoluble barium, strontium and zirconium lakes, salts  and pigments","Disodium 3-hydroxy-4-[(4-methyl-2-sulphonatophenyl)azo]-2-naphthoate and its insoluble barium, strontium and zirconium lakes, salts  and pigments",,,,226-109-5,,32720 | 36571 | 79819,,,,,"<empty> | <empty> | <empty> | <empty> | <empty> | <empty> | <empty> | as a constituent of other substances, or in mixtures, in concentrations equal to, or greater than 0.1% by weight | <empty> | <empty> | <empty> | <empty> | <empty> | <empty> | <empty> | <empty> | Shall not be placed on the market, or used, as substance or in mixtures in concentrations equal to ot greater than 0.1% by weight | <empty> | <empty> | <empty> | <empty> | Shall not be used as propellant in aerosols for any use. Aerosols dispenser containing the substance as propellant shall not be placed on the market | <empty> | <empty> | <empty> | <empty> | <empty> | <empty> | <empty> | <empty> | <empty> | <empty> | <empty> | <empty> | <empty> | <empty> | <empty> | <empty> | <empty>",,[],,Red,N,2009-12-22T00:00:00.000+0100,1
28,IV,"Disodium 4-[(5-chloro-4-methyl-2-sulphonatophenyl)azo]-3-hydroxy-2-naphthoate and its insoluble barium, strontium and zirconium lakes, salts  and pigments","Disodium 4-[(5-chloro-4-methyl-2-sulphonatophenyl)azo]-3-hydroxy-2-naphthoate and its insoluble barium, strontium and zirconium lakes, salts  and pigments",226-102-7,,3564-21-4; 5280-66-0,222-642-2,,32721 | 36569 | 87672,,,,,"<empty> | <empty> | <empty> | <empty> | <empty> | <empty> | <empty> | as a constituent of other substances, or in mixtures, in concentrations equal to, or greater than 0.1% by weight | <empty> | <empty> | <empty> | <empty> | <empty> | <empty> | <empty> | <empty> | Shall not be placed on the market, or used, as substance or in mixtures in concentrations equal to ot greater than 0.1% by weight | <empty> | <empty> | <empty> | <empty> | Shall not be used as propellant in aerosols for any use. Aerosols dispenser containing the substance as propellant shall not be placed on the market | <empty> | <empty> | <empty> | <empty> | <empty> | <empty> | <empty> | <empty> | <empty> | <empty> | <empty> | <empty> | <empty> | <empty> | <empty>",,[],,Red,N,2009-12-22T00:00:00.000+0100,1
29,IV,Calcium 3-hydroxy-4-[(1-sulphonato-2-naphthyl)azo]-2-naphthoate,Calcium 3-hydroxy-4-[(1-sulphonato-2-naphthyl)azo]-2-naphthoate,,,6417-83-0,229-142-3,,32722 | 36573 | 87713,,,,,"<empty> | <empty> | <empty> | <empty> | <empty> | <empty> | <empty> | as a constituent of other substances, or in mixtures, in concentrations equal to, or greater than 0.1% by weight | <empty> | <empty> | <empty> | <empty> | <empty> | <empty> | <empty> | <empty> | Shall not be placed on the market, or used, as substance or in mixtures in concentrations equal to ot greater than 0.1% by weight | <empty>",,[],,Red,N,2009-12-22T00:00:00.000+0100,1
30,IV,Disodium 6-hydroxy-5-[(3-sulphonatophenyl)azo]naphthalene-2-sulphonate,Disodium 6-hydroxy-5-[(3-sulphonatophenyl)azo]naphthalene-2-sulphonate,,,2347-72-0,219-073-7,,32723,,,,,"<empty> | <empty> | <empty> | <empty> | <empty> | <empty> | <empty> | as a constituent of other substances, or in mixtures, in concentrations equal to, or greater than 0.1% by weight | <empty> | <empty> | <empty> | <empty> | <empty> | <empty> | <empty> | <empty> | Shall not be placed on the market, or used, as substance or in mixtures in concentrations equal to ot greater than 0.1% by weight | <empty> | <empty> | <empty> | <empty> | Shall not be used as propellant in aerosols for any use. Aerosols dispenser containing the substance as propellant shall not be placed on the market | <empty>",,[],,Orange,N,2009-12-22T00:00:00.000+0100,1
31,IV,"Disodium 6-hydroxy-5-[(4-sulphonatophenyl)azo]naphthalene-2-sulphonate and its insoluble barium, strontium and zirconium lakes, salts and pigments",Disodium 6-hydroxy-5-((4-sulphonatophenyl)azo)naphthalene-2-sulphonate,,,2783-94-0,220-491-7,,32724,,,,,"<empty> | <empty> | <empty> | <empty> | <empty> | <empty> | <empty> | as a constituent of other substances, or in mixtures, in concentrations equal to, or greater than 0.1% by weight | <empty> | <empty> | <empty> | <empty> | <empty> | <empty> | <empty> | <empty> | Shall not be placed on the market, or used, as substance or in mixtures in concentrations equal to ot greater than 0.1% by weight | <empty> | <empty> | <empty> | <empty> | Shall not be used as propellant in aerosols for any use. Aerosols dispenser containing the substance as propellant shall not be placed on the market | <empty>",,[],,Yellow,N,2009-12-22T00:00:00.000+0100,1
32,IV,Disodium 6-hydroxy-5-[(2-methoxy-4-sulphonato-m-tolyl)azo]naphthalene-2-sulphonate,Disodium 6-hydroxy-5-[(2-methoxy-4-sulphonato-m-tolyl)azo]naphthalene-2-sulphonate,,,25956-17-6,247-368-0,,32725 | 33088 | 87675,,,,,"<empty> | <empty> | <empty> | <empty> | <empty> | <empty> | <empty> | as a constituent of other substances, or in mixtures, in concentrations equal to, or greater than 0.1% by weight | <empty> | <empty> | <empty> | <empty> | <empty> | <empty> | <empty> | <empty>",,[],,Red,N,2009-12-22T00:00:00.000+0100,1
33,IV,"Trisodium 3-hydroxy-4-(4'-sulphonatonaphthylazo)naphthalene-2,7-disulphonate","Trisodium 3-hydroxy-4-(4'-sulphonatonaphthylazo)naphthalene-2,7-disulphonate",,,642-59-1; 915-67-3,211-385-1; 213-022-2,,31626 | 32726 | 54160 | 87674,,,,,"<empty> | <empty> | <empty> | <empty> | <empty> | <empty> | <empty> | as a constituent of other substances, or in mixtures, in concentrations equal to, or greater than 0.1% by weight | <empty> | <empty> | <empty> | <empty> | <empty> | <empty> | <empty> | <empty> | Shall not be placed on the market, or used, as substance or in mixtures in concentrations equal to ot greater than 0.1% by weight | <empty> | <empty> | <empty> | <empty> | Shall not be used as propellant in aerosols for any use. Aerosols dispenser containing the substance as propellant shall not be placed on the market | <empty> | <empty> | <empty> | <empty> | <empty>",,[],,Red,N,2009-12-22T00:00:00.000+0100,1
34,IV,"Disodium 7-hydroxy-8-(phenylazo)naphthalene-1,3-disulphonate","Disodium 7-hydroxy-8-(phenylazo)naphthalene-1,3-disulphonate",,,1936-15-8,217-705-6,,32727,,,Not to be used in products applied on mucous membranes,,"<empty> | <empty> | <empty> | <empty> | <empty> | <empty> | <empty> | as a constituent of other substances, or in mixtures, in concentrations equal to, or greater than 0.1% by weight | <empty> | <empty> | <empty> | <empty> | <empty> | <empty> | <empty> | <empty> | Shall not be placed on the market, or used, as substance or in mixtures in concentrations equal to ot greater than 0.1% by weight | <empty> | <empty> | <empty> | <empty> | Shall not be used as propellant in aerosols for any use. Aerosols dispenser containing the substance as propellant shall not be placed on the market | <empty> | <empty> | <empty> | <empty> | <empty> | <empty> | <empty>",,[],,Orange,N,2009-12-22T00:00:00.000+0100,1
35,IV,"Trisodium 1-(1-naphthylazo)-2-hydroxynaphthalene-4',6,8-trisulphonate and its insoluble barium, strontium and zirconium lakes, salts and pigments","Trisodium 1-(1-naphthylazo)-2-hydroxynaphthalene-4',6,8-trisulphonate and its insoluble barium, strontium and zirconium lakes, salts and pigments",,,2611-82-7,220-036-2,,31623 | 31624 | 32728 | 87673,,,,,"<empty> | <empty> | <empty> | <empty> | <empty> | <empty> | <empty> | as a constituent of other substances, or in mixtures, in concentrations equal to, or greater than 0.1% by weight | <empty> | <empty> | <empty> | <empty> | <empty> | <empty> | <empty> | <empty> | Shall not be placed on the market, or used, as substance or in mixtures in concentrations equal to ot greater than 0.1% by weight | <empty> | <empty> | <empty> | <empty> | Shall not be used as propellant in aerosols for any use. Aerosols dispenser containing the substance as propellant shall not be placed on the market | <empty> | <empty> | <empty> | <empty> | <empty> | <empty> | <empty> | <empty> | <empty> | <empty> | <empty> | <empty> | <empty> | <empty> | <empty> | <empty> | <empty>",,[],,Red,N,2009-12-22T00:00:00.000+0100,1
36,IV,"Tetrasodium 7-hydroxy-8-[(4-sulphonato-1-naphthyl)azo]naphthalene-1,3,6-trisulphonate","Tetrasodium 7-hydroxy-8-[(4-sulphonato-1-naphthyl)azo]naphthalene-1,3,6-trisulphonate",,,5850-44-2,227-454-4,,32729,,,,,<empty> | <empty> | <empty> | <empty> | <empty> | <empty> | <empty>,,[],,Red,N,2009-12-22T00:00:00.000+0100,1
37,IV,"Disodium 5-amino-4-hydroxy-3-(phenylazo)naphthalene-2,7-disulphonate and its unsoluble barium, strontium and zirconium lakes, salts and pigments","Disodium 5-amino-4-hydroxy-3-(phenylazo)naphthalene-2,7-disulphonate and its unsoluble barium, strontium and zirconium lakes, salts and pigments",,,3567-66-6,222-656-9,,31627 | 32730 | 82173,,,,,"<empty> | <empty> | <empty> | <empty> | <empty> | <empty> | <empty> | as a constituent of other substances, or in mixtures, in concentrations equal to, or greater than 0.1% by weight | <empty> | <empty> | <empty> | <empty> | <empty> | <empty> | <empty> | <empty> | Shall not be placed on the market, or used, as substance or in mixtures in concentrations equal to ot greater than 0.1% by weight | <empty> | <empty> | <empty> | <empty> | Shall not be used as propellant in aerosols for any use. Aerosols dispenser containing the substance as propellant shall not be placed on the market | <empty> | <empty>",,[],,Red,N,2009-12-22T00:00:00.000+0100,1
38,IV,"Disodium 5-acetylamino-4-hydroxy-3-(phenylazo)naphthalene-2,7-disulphonate","Disodium 5-acetylamino-4-hydroxy-3-(phenylazo)naphthalene-2,7-disulphonate",,,3734-67-6,223-098-9,,32731,,,Not to be used in products applied on mucous membranes,,"<empty> | <empty> | <empty> | <empty> | <empty> | <empty> | <empty> | as a constituent of other substances, or in mixtures, in concentrations equal to, or greater than 0.1% by weight | <empty> | <empty> | <empty> | <empty> | <empty> | <empty> | <empty> | <empty> | Shall not be placed on the market, or used, as substance or in mixtures in concentrations equal to ot greater than 0.1% by weight | <empty> | <empty> | <empty> | <empty> | Shall not be used as propellant in aerosols for any use. Aerosols dispenser containing the substance as propellant shall not be placed on the market | <empty> | <empty> | <empty> | <empty> | <empty> | <empty> | <empty> | <empty> | <empty> | <empty> | <empty> | <empty> | <empty> | <empty> | <empty> | <empty> | <empty> | <empty> | <empty> | <empty> | <empty> | <empty> | <empty> | <empty> | <empty> | <empty> | <empty> | <empty> | <empty> | <empty> | <empty> | <empty> | <empty> | <empty>",,[],,Red,N,2009-12-22T00:00:00.000+0100,1
39,IV,"2,7-Naphthalenedisulfonic acid, 3-((4-cyclohexyl-2-methylphenyl)azo)-4-hydroxy-5-(((4-methylphenyl)sulfonyl)amino)-, disodium salt","2,7-Naphthalenedisulfonic acid, 3-((4-cyclohexyl-2-methylphenyl)azo)-4-hydroxy-5-(((4-methylphenyl)sulfonyl)amino)-, disodium salt",,,10236-37-0,,,32732,,,Rinse-off products,,"<empty> | <empty> | <empty> | <empty> | <empty> | <empty> | <empty> | as a constituent of other substances, or in mixtures, in concentrations equal to, or greater than 0.1% by weight | <empty> | <empty> | <empty> | <empty> | <empty> | <empty> | <empty> | <empty> | Shall not be placed on the market, or used, as substance or in mixtures in concentrations equal to ot greater than 0.1% by weight | <empty> | <empty> | <empty> | <empty> | Shall not be used as propellant in aerosols for any use. Aerosols dispenser containing the substance as propellant shall not be placed on the market | <empty> | <empty> | <empty> | <empty> | <empty> | <empty> | <empty> | <empty> | <empty> | <empty> | <empty> | <empty> | <empty> | <empty> | <empty> | <empty> | <empty> | <empty> | <empty> | <empty> | <empty> | <empty> | <empty> | <empty> | <empty> | <empty> | <empty> | <empty> | <empty> | <empty> | <empty> | <empty> | <empty> | <empty>",,[],,Red,N,2009-12-22T00:00:00.000+0100,1
40,IV,"Hydrogen bis[2-[(4,5-dihydro-3-methyl-5-oxo-1-phenyl-1H-pyrazol-4-yl)azo]benzoato(2-)]chromate(1-)","Hydrogen bis[2-[(4,5-dihydro-3-methyl-5-oxo-1-phenyl-1H-pyrazol-4-yl)azo]benzoato(2-)]chromate(1-)",,,5601-29-6,227-022-5,,32733,,,Rinse-off products,,"<empty> | <empty> | <empty> | <empty> | <empty> | <empty> | <empty> | as a constituent of other substances, or in mixtures, in concentrations equal to, or greater than 0.1% by weight | <empty> | <empty> | <empty> | <empty> | <empty> | <empty> | <empty> | <empty> | Shall not be placed on the market, or used, as substance or in mixtures in concentrations equal to ot greater than 0.1% by weight | <empty> | <empty> | <empty> | <empty> | Shall not be used as propellant in aerosols for any use. Aerosols dispenser containing the substance as propellant shall not be placed on the market | <empty> | <empty> | <empty> | <empty>",,[],,Yellow,N,2009-12-22T00:00:00.000+0100,1
41,IV,"Disodium hydrogen bis[5-chloro-3-[(4,5-dihydro-3-methyl-5-oxo-1-phenyl-1H-pyrazol-4-yl)azo]-2-hydroxybenzenesulphonato(3-)]chromate(3-)","Disodium hydrogen bis[5-chloro-3-[(4,5-dihydro-3-methyl-5-oxo-1-phenyl-1H-pyrazol-4-yl)azo]-2-hydroxybenzenesulphonato(3-)]chromate(3-)",,,6408-26-0,229-051-9,,32734,,,Rinse-off products,,<empty> | <empty> | <empty> | <empty> | <empty> | <empty> | <empty>,,[],,Red,N,2009-12-22T00:00:00.000+0100,1
42,IV,Sodium 4-(3-hydroxy-5-methyl-4-phenylazopyrazol-2-yl)benzenesulphonate,Sodium 4-(3-hydroxy-5-methyl-4-phenylazopyrazol-2-yl)benzenesulphonate,,,6359-82-6,228-808-0,,32735,,,Rinse-off products,,"<empty> | <empty> | <empty> | <empty> | <empty> | <empty> | <empty> | as a constituent of other substances, or in mixtures, in concentrations equal to, or greater than 0.1% by weight | <empty> | <empty> | <empty> | <empty> | <empty> | <empty> | <empty> | <empty> | Shall not be placed on the market, or used, as substance or in mixtures in concentrations equal to ot greater than 0.1% by weight | <empty> | <empty> | <empty> | <empty> | Shall not be used as propellant in aerosols for any use. Aerosols dispenser containing the substance as propellant shall not be placed on the market | <empty> | <empty> | <empty> | <empty> | <empty> | <empty> | <empty>",,[],,Yellow,N,2009-12-22T00:00:00.000+0100,1
43,IV,"Disodium 2,5-dichloro-4-(5-hydroxy-3-methyl-4-((sulphophenyl)azo)pyrazol-1-yl)benzenesulphonate","Disodium 2,5-dichloro-4-(5-hydroxy-3-methyl-4-((sulphophenyl)azo)pyrazol-1-yl)benzenesulphonate",,,6359-98-4,228-819-0,,32736,,,,,<empty> | <empty> | <empty> | <empty> | <empty> | <empty> | <empty>,,[],,Yellow,N,2009-12-22T00:00:00.000+0100,1
44,IV,"Trisodium 5-hydroxy-1-(4-sulphophenyl)-4-((4-sulphophenyl)azo)pyrazole-3-carboxylate and its insoluble barium, strontium and zirconium lakes, salts and pigments","Trisodium 5-hydroxy-1-(4-sulphophenyl)-4-((4-sulphophenyl)azo)pyrazole-3-carboxylate and its insoluble barium, strontium and zirconium lakes, salts and pigments",,,12225-21-7; 1934-21-0,235-428-9; 217-699-5,,32737 | 54161 | 87676 | 31637,,,,,"<empty> | <empty> | <empty> | <empty> | <empty> | <empty> | <empty> | as a constituent of other substances, or in mixtures, in concentrations equal to, or greater than 0.1% by weight | <empty> | <empty> | <empty> | <empty> | <empty> | <empty> | <empty> | <empty> | Shall not be placed on the market, or used, as substance or in mixtures in concentrations equal to ot greater than 0.1% by weight | <empty> | <empty> | <empty> | <empty> | Shall not be used as propellant in aerosols for any use. Aerosols dispenser containing the substance as propellant shall not be placed on the market | <empty> | <empty> | <empty> | <empty> | <empty> | <empty> | <empty> | <empty> | <empty> | <empty> | <empty> | <empty> | <empty> | <empty> | <empty> | <empty> | <empty> | <empty> | <empty> | <empty> | <empty> | <empty> | <empty> | <empty> | <empty> | <empty> | <empty> | <empty>",,[],,Yellow,N,2009-12-22T00:00:00.000+0100,1
45,IV,"N,N'-(3,3'-Dimethyl[1,1'-biphenyl]-4,4'-diyl)bis[2-[(2,4-dichlorophenyl)azo]-3-oxobutyramide]","N,N'-(3,3'-Dimethyl[1,1'-biphenyl]-4,4'-diyl)bis[2-[(2,4-dichlorophenyl)azo]-3-oxobutyramide]",,,5979-28-2,227-783-3,,32738,,,Rinse-off products,,"<empty> | <empty> | <empty> | <empty> | <empty> | <empty> | <empty> | as a constituent of other substances, or in mixtures, in concentrations equal to, or greater than 0.1% by weight | <empty> | <empty> | <empty> | <empty> | <empty> | <empty> | <empty> | <empty> | Shall not be placed on the market, or used, as substance or in mixtures in concentrations equal to ot greater than 0.1% by weight | <empty>",,[],,Yellow,N,2009-12-22T00:00:00.000+0100,1
46,IV,"Sodium 4-amino-5-hydroxy-3-[(4-nitrophenyl)azo]-6-(phenylazo)naphthalene-2,7-disulphonate","Sodium 4-amino-5-hydroxy-3-[(4-nitrophenyl)azo]-6-(phenylazo)naphthalene-2,7-disulphonate",,,1064-48-8,213-903-1,,32739,,,Rinse-off products,,"<empty> | <empty> | <empty> | <empty> | <empty> | <empty> | <empty> | as a constituent of other substances, or in mixtures, in concentrations equal to, or greater than 0.1% by weight | <empty> | <empty> | <empty> | <empty> | <empty> | <empty> | <empty> | <empty> | Shall not be placed on the market, or used, as substance or in mixtures in concentrations equal to ot greater than 0.1% by weight | <empty> | <empty> | <empty> | <empty> | Shall not be used as propellant in aerosols for any use. Aerosols dispenser containing the substance as propellant shall not be placed on the market | <empty> | <empty> | <empty> | <empty> | <empty> | <empty> | <empty> | <empty> | <empty> | <empty> | <empty> | <empty> | <empty> | <empty> | <empty> | <empty> | <empty> | <empty> | <empty> | <empty> | <empty> | <empty> | <empty> | <empty> | <empty> | <empty> | <empty> | <empty>",,[],,Black,N,2009-12-22T00:00:00.000+0100,1
47,IV,"2,2'-[(3,3'-Dichloro[1,1'-biphenyl]-4,4'-diyl)bis(azo)]bis[N-(2,4-dimethylphenyl)-3-oxobutyramide]","2,2'-[(3,3'-Dichloro[1,1'-biphenyl]-4,4'-diyl)bis(azo)]bis[N-(2,4-dimethylphenyl)-3-oxobutyramide]",,,5102-83-0,225-822-9,,32740 | 36580 | 87677,,,Rinse-off products,,"<empty> | <empty> | <empty> | <empty> | <empty> | <empty> | <empty> | as a constituent of other substances, or in mixtures, in concentrations equal to, or greater than 0.1% by weight | <empty> | <empty> | <empty> | <empty> | <empty> | <empty> | <empty> | <empty> | Shall not be placed on the market, or used, as substance or in mixtures in concentrations equal to ot greater than 0.1% by weight | <empty> | <empty> | <empty> | <empty> | Shall not be used as propellant in aerosols for any use. Aerosols dispenser containing the substance as propellant shall not be placed on the market | <empty> | <empty> | <empty> | <empty> | <empty> | <empty> | <empty> | <empty> | <empty> | <empty> | <empty> | <empty> | <empty> | <empty> | <empty> | <empty> | <empty> | <empty> | <empty> | <empty> | <empty> | <empty> | <empty> | <empty> | <empty> | <empty> | <empty> | <empty> | <empty>",,[],,Yellow,N,2009-12-22T00:00:00.000+0100,1
48,IV,"2,2'-[(3,3'-Dichloro[1,1'-biphenyl]-4,4'-diyl)bis(azo)]bis[N-(4-chloro-2,5-dimethoxyphenyl)-3-oxobutyramide]","2,2'-[(3,3'-Dichloro[1,1'-biphenyl]-4,4'-diyl)bis(azo)]bis[N-(4-chloro-2,5-dimethoxyphenyl)-3-oxobutyramide]",,,5567-15-7,226-939-8,,32741,,,Rinse-off products,,"<empty> | <empty> | <empty> | <empty> | <empty> | <empty> | <empty> | as a constituent of other substances, or in mixtures, in concentrations equal to, or greater than 0.1% by weight | <empty> | <empty>",,[],,Yellow,N,2009-12-22T00:00:00.000+0100,1
49,IV,"2,2'-[Cyclohexylidenebis[(2-methyl-4,1-phenylene)azo]]bis[4-cyclohexylphenol]","2,2'-[Cyclohexylidenebis[(2-methyl-4,1-phenylene)azo]]bis[4-cyclohexylphenol]",,,6706-82-7,229-754-0,,32742 | 38160 | 87678,,,Not to be used in products applied on mucous membranes,,"<empty> | <empty> | <empty> | <empty> | <empty> | <empty> | <empty> | as a constituent of other substances, or in mixtures, in concentrations equal to, or greater than 0.1% by weight | <empty> | <empty> | <empty> | <empty> | <empty> | <empty> | <empty> | <empty> | Shall not be placed on the market, or used, as substance or in mixtures in concentrations equal to ot greater than 0.1% by weight | <empty> | <empty> | <empty> | <empty> | Shall not be used as propellant in aerosols for any use. Aerosols dispenser containing the substance as propellant shall not be placed on the market | <empty> | <empty> | <empty> | <empty> | <empty> | <empty> | <empty> | <empty> | <empty> | <empty> | <empty> | <empty> | <empty> | <empty> | <empty> | <empty> | <empty> | <empty> | <empty> | <empty> | <empty> | <empty> | <empty> | <empty> | <empty> | <empty> | <empty> | <empty>",,[],,Yellow,N,2009-12-22T00:00:00.000+0100,1
50,IV,"Disodium 4,6-dihydroxy-3-[[4-[1-[4-[[1-hydroxy-7-[(phenylsulphonyl)oxy]-3-sulphonato-2-naphthyl]azo]phenyl]cyclohexyl]phenyl]azo]naphthalene-2-sulphonate","Disodium 4,6-dihydroxy-3-[[4-[1-[4-[[1-hydroxy-7-[(phenylsulphonyl)oxy]-3-sulphonato-2-naphthyl]azo]phenyl]cyclohexyl]phenyl]azo]naphthalene-2-sulphonate",,,13421-53-9,236-531-1,,32743,,,Rinse-off products,,"<empty> | <empty> | <empty> | <empty> | <empty> | <empty> | <empty> | as a constituent of other substances, or in mixtures, in concentrations equal to, or greater than 0.1% by weight | <empty> | <empty> | <empty> | <empty> | <empty> | <empty> | <empty> | <empty> | Shall not be placed on the market, or used, as substance or in mixtures in concentrations equal to ot greater than 0.1% by weight | <empty> | <empty> | <empty> | <empty> | Shall not be used as propellant in aerosols for any use. Aerosols dispenser containing the substance as propellant shall not be placed on the market | <empty> | <empty> | <empty> | <empty> | <empty> | <empty> | <empty> | <empty> | <empty> | <empty> | <empty> | <empty> | <empty> | <empty> | <empty> | <empty> | <empty> | <empty> | <empty> | <empty> | <empty> | <empty> | <empty> | <empty> | <empty> | <empty> | <empty> | <empty> | <empty> | <empty> | <empty> | <empty> | <empty> | <empty>",,[],,Red,N,2009-12-22T00:00:00.000+0100,1
51,IV,1-(4-(Phenylazo)phenylazo)-2-naphthol,1-(4-(Phenylazo)phenylazo)-2-naphthol,,,85-86-9,201-638-4,,32744 | 38153,,,Not to be used in products applied on mucous membranes,,"<empty> | <empty> | <empty> | <empty> | <empty> | <empty> | <empty> | as a constituent of other substances, or in mixtures, in concentrations equal to, or greater than 0.1% by weight | <empty> | <empty> | <empty> | <empty> | <empty> | <empty> | <empty> | <empty> | Shall not be placed on the market, or used, as substance or in mixtures in concentrations equal to ot greater than 0.1% by weight | <empty> | <empty> | <empty> | <empty> | Shall not be used as propellant in aerosols for any use. Aerosols dispenser containing the substance as propellant shall not be placed on the market | <empty> | <empty> | <empty> | <empty> | <empty> | <empty> | <empty> | <empty> | <empty> | <empty> | <empty> | <empty> | <empty> | <empty>",,[],,Red,N,2009-12-22T00:00:00.000+0100,1
52,IV,"Tetrasodium 6-amino-4-hydroxy-3-[[7-sulphonato-4-[(4-sulphonatophenyl)azo]-1-naphthyl]azo]naphthalene-2,7-disulphonate","Tetrasodium 6-amino-4-hydroxy-3-[[7-sulphonato-4-[(4-sulphonatophenyl)azo]-1-naphthyl]azo]naphthalene-2,7-disulphonate",,,2118-39-0,218-326-9,,32745 | 87680,,,,,"<empty> | <empty> | <empty> | <empty> | <empty> | <empty> | <empty> | as a constituent of other substances, or in mixtures, in concentrations equal to, or greater than 0.1% by weight | <empty> | <empty> | <empty> | <empty> | <empty> | <empty> | <empty> | <empty> | Shall not be placed on the market, or used, as substance or in mixtures in concentrations equal to ot greater than 0.1% by weight | <empty> | <empty> | <empty> | <empty> | Shall not be used as propellant in aerosols for any use. Aerosols dispenser containing the substance as propellant shall not be placed on the market | <empty> | <empty> | <empty> | <empty> | <empty> | <empty> | <empty>",,[],,Black,N,2009-12-22T00:00:00.000+0100,1
53,IV,"Tetrasodium 1-acetamido-2-hydroxy-3-(4-((4-sulphonatophenylazo)-7-sulphonato-1-naphthylazo))naphthalene-4,6-disulphonate","Tetrasodium 1-acetamido-2-hydroxy-3-(4-((4-sulphonatophenylazo)-7-sulphonato-1-naphthylazo))naphthalene-4,6-disulphonate",,,2519-30-4,219-746-5,,32746,,,,,"<empty> | <empty> | <empty> | <empty> | <empty> | <empty> | <empty> | as a constituent of other substances, or in mixtures, in concentrations equal to, or greater than 0.1% by weight | <empty> | <empty> | <empty> | <empty> | <empty> | <empty> | <empty> | <empty> | Shall not be placed on the market, or used, as substance or in mixtures in concentrations equal to ot greater than 0.1% by weight | <empty> | <empty> | <empty> | <empty> | Shall not be used as propellant in aerosols for any use. Aerosols dispenser containing the substance as propellant shall not be placed on the market | <empty>",,[],,Black,N,2009-12-22T00:00:00.000+0100,1
54,IV,"Benzenesulfonic acid, 2,2'-(1,2-ethenediyl)bis-5-nitro-, disodium salt, reaction products with 4-[(4-aminophenyl)azo]benzenesulfonic acid, sodium salts","Benzenesulfonic acid, 2,2'-(1,2-ethenediyl)bis-5-nitro-, disodium salt, reaction products with 4-[(4-aminophenyl)azo]benzenesulfonic acid, sodium salts",,,1325-54-8,215-397-8,,32747,,,Rinse-off products,,"<empty> | <empty> | <empty> | <empty> | <empty> | <empty> | <empty> | as a constituent of other substances, or in mixtures, in concentrations equal to, or greater than 0.1% by weight | <empty> | <empty> | <empty> | <empty> | <empty> | <empty> | <empty> | <empty> | Shall not be placed on the market, or used, as substance or in mixtures in concentrations equal to ot greater than 0.1% by weight | <empty> | <empty> | <empty> | <empty> | Shall not be used as propellant in aerosols for any use. Aerosols dispenser containing the substance as propellant shall not be placed on the market | <empty>",,[],,Orange,N,2009-12-22T00:00:00.000+0100,1
55,IV,beta Carotene,beta Carotene,,,116-32-5; 31797-85-0; 7235-40-7,230-636-6,,32748 | 32173,,,,,"<empty> | <empty> | <empty> | <empty> | <empty> | <empty> | <empty> | as a constituent of other substances, or in mixtures, in concentrations equal to, or greater than 0.1% by weight | <empty> | <empty> | <empty> | <empty> | <empty> | <empty> | <empty> | <empty> | Shall not be placed on the market, or used, as substance or in mixtures in concentrations equal to ot greater than 0.1% by weight | <empty> | <empty> | <empty> | <empty> | Shall not be used as propellant in aerosols for any use. Aerosols dispenser containing the substance as propellant shall not be placed on the market | <empty> | <empty> | <empty> | <empty> | <empty> | <empty> | <empty> | <empty> | <empty> | <empty> | <empty> | <empty> | <empty> | <empty> | <empty> | <empty> | <empty>",,[],,Orange,N,2009-12-22T00:00:00.000+0100,1
56,IV,8'-apo-.beta.-Caroten-8'-al,8'-apo-.beta.-Caroten-8'-al,,,1962-15-8,214-171-6,,32749,,,,,"<empty> | <empty> | <empty> | <empty> | <empty> | <empty> | <empty> | as a constituent of other substances, or in mixtures, in concentrations equal to, or greater than 0.1% by weight | <empty> | <empty> | <empty> | <empty> | <empty> | <empty> | <empty> | <empty> | Shall not be placed on the market, or used, as substance or in mixtures in concentrations equal to ot greater than 0.1% by weight | <empty> | <empty> | <empty> | <empty> | Shall not be used as propellant in aerosols for any use. Aerosols dispenser containing the substance as propellant shall not be placed on the market | <empty> | <empty> | <empty> | <empty> | <empty> | <empty> | <empty> | <empty>",,[],,Orange,N,2009-12-22T00:00:00.000+0100,1
57,IV,Ethyl 8'-apo-.beta.-caroten-8'-oate,Ethyl 8'-apo-.beta.-caroten-8'-oate; CI 40825,,,1109-11-1,214-173-7,,32750,,,,,"<empty> | <empty> | <empty> | <empty> | <empty> | <empty> | <empty> | as a constituent of other substances, or in mixtures, in concentrations equal to, or greater than 0.1% by weight | <empty> | <empty> | <empty> | <empty> | <empty> | <empty> | <empty> | <empty> | Shall not be placed on the market, or used, as substance or in mixtures in concentrations equal to ot greater than 0.1% by weight | <empty> | <empty> | <empty> | <empty> | Shall not be used as propellant in aerosols for any use. Aerosols dispenser containing the substance as propellant shall not be placed on the market | <empty> | <empty> | <empty> | <empty> | <empty> | <empty> | <empty>",,[],,Orange,N,2009-12-22T00:00:00.000+0100,1
58,IV,Canthaxanthin,Canthaxanthin,,,514-78-3,208-187-2,,32751,,,,,<empty> | <empty> | <empty> | <empty> | <empty> | <empty> | <empty>,,[],,Orange,N,2009-12-22T00:00:00.000+0100,1
59,IV,"Ammonium, (4-(alpha-(p-(diethylamino)phenyl)-2,4-disulfobenzylidene)-2,5-cyclohexadien-1-ylidene)diethyl-, hydroxide, monosodium salt","Ammonium, (4-(alpha-(p-(diethylamino)phenyl)-2,4-disulfobenzylidene)-2,5-cyclohexadien-1-ylidene)diethyl-, hydroxide, monosodium salt",,,129-17-9,204-934-1,,31609 | 32752,,,Not to be used in products applied on mucous membranes,,<empty> | <empty> | <empty> | <empty> | <empty> | <empty> | <empty>,,[],,Blue,N,2009-12-22T00:00:00.000+0100,1
60,IV,"Ethanaminium, N-(4-((4-(diethylamino)phenyl)(5-hydroxy-2,4-disulfophenyl)methylene)-2,5-cyclohexadien-1-ylidene)-N-ethylhydroxide, inner salt, calcium salt (2:1) and its insoluble barium, strontium and zirconium lakes, salts and pigments","Ethanaminium, N-(4-((4-(diethylamino)phenyl)(5-hydroxy-2,4-disulfophenyl)methylene)-2,5-cyclohexadien-1-ylidene)-N-ethylhydroxide, inner salt, calcium salt (2:1) and its insoluble barium, strontium and zirconium lakes, salts and pigments",,,3536-49-0,222-573-8,,31610 | 32753 | 87682,,,,,<empty> | <empty> | <empty>,,[],,Blue,N,2009-12-22T00:00:00.000+0100,1
61,IV,"Benzene-methanaminium, N-ethyl-N-(4-((4-(ethyl((3-sulfophenyl)methyl)amino)phenyl)(4-hydroxy-2-sulfophenyl)methylene)-2,5-cyclohexadien-1-ylidene)-3-sulfo-, hydroxide, inner salt, disodium salt","Benzene-methanaminium, N-ethyl-N-(4-((4-(ethyl((3-sulfophenyl)methyl)amino)phenyl)(4-hydroxy-2-sulfophenyl)methylene)-2,5-cyclohexadien-1-ylidene)-3-sulfo-, hydroxide, inner salt, disodium salt",,,2353-45-9,219-091-5,,32754 | 33923 | 87683,,,,,<empty> | <empty> | <empty> | <empty> | <empty> | <empty> | <empty>,,[],,Green,N,2009-12-22T00:00:00.000+0100,1
62,IV,"Hydrogen (benzyl)[4-[[4-[benzylethylamino]phenyl](2,4-disulphonatophenyl)methylene]cyclohexa-2,5-dien-1-ylidene](ethyl)ammonium, sodium salt","Hydrogen (benzyl)[4-[[4-[benzylethylamino]phenyl](2,4-disulphonatophenyl)methylene]cyclohexa-2,5-dien-1-ylidene](ethyl)ammonium, sodium salt",,,3486-30-4,222-476-0,,32755,,,Rinse-off products,,"<empty> | <empty> | <empty> | <empty> | <empty> | <empty> | <empty> | as a constituent of other substances, or in mixtures, in concentrations equal to, or greater than 0.1% by weight | <empty> | <empty> | <empty> | <empty> | <empty> | <empty> | <empty> | <empty>",,[],,Blue,N,2009-12-22T00:00:00.000+0100,1
63,IV,"Benzenemethanaminium, N-ethyl-N-(4-((4-(ethyl((3-sulfophenyl)methyl)amino)phenyl)(2-sulfophenyl)methylene)-2,5-cyclohexadien-1-ylidene)-3-sulfo-, hydroxide, inner salt, disodium salt","Benzenemethanaminium, N-ethyl-N-(4-((4-(ethyl((3-sulfophenyl)methyl)amino)phenyl)(2-sulfophenyl)methylene)-2,5-cyclohexadien-1-ylidene)-3-sulfo-, hydroxide, inner salt, disodium salt",,,2650-18-2; 37307-56-5; 3844-45-9,223-339-8,,31613 | 32756 | 54157 | 54158,,,,,"<empty> | <empty> | <empty> | <empty> | <empty> | <empty> | <empty> | as a constituent of other substances, or in mixtures, in concentrations equal to, or greater than 0.1% by weight | <empty> | <empty> | <empty> | <empty> | <empty> | <empty> | <empty> | <empty> | Shall not be placed on the market, or used, as substance or in mixtures in concentrations equal to ot greater than 0.1% by weight | <empty>",,[],,Blue,N,2009-12-22T00:00:00.000+0100,1
64,IV,"Hydrogen [4-[(2-chlorophenyl)[4-[ethyl(3-sulphonatobenzyl)amino]phenyl]methylene]cyclohexa-2,5-dien-1-ylidene](ethyl)(3-sulphonatobenzyl)ammonium, sodium salt","Hydrogen [4-[(2-chlorophenyl)[4-[ethyl(3-sulphonatobenzyl)amino]phenyl]methylene]cyclohexa-2,5-dien-1-ylidene](ethyl)(3-sulphonatobenzyl)ammonium, sodium salt",,,4857-81-2,225-458-0,,32757,,,Rinse-off products,,"<empty> | <empty> | <empty> | <empty> | <empty> | <empty> | <empty> | as a constituent of other substances, or in mixtures, in concentrations equal to, or greater than 0.1% by weight | <empty> | <empty> | <empty> | <empty> | <empty> | <empty> | <empty> | <empty> | Shall not be placed on the market, or used, as substance or in mixtures in concentrations equal to ot greater than 0.1% by weight | <empty>",,[],,Green,N,2009-12-22T00:00:00.000+0100,1
65,IV,"Hydrogen [4-[(2-chlorophenyl)[4-[ethyl(3-sulphonatobenzyl)amino]-o-tolyl]methylene]-3-methylcyclohexa-2,5-dien-1-ylidene](ethyl)(3-sulphonatobenzyl)ammonium, sodium salt","Hydrogen [4-[(2-chlorophenyl)[4-[ethyl(3-sulphonatobenzyl)amino]-o-tolyl]methylene]-3-methylcyclohexa-2,5-dien-1-ylidene](ethyl)(3-sulphonatobenzyl)ammonium, sodium salt",,,5863-51-4,227-513-4,,32758,,,Rinse-off products,,"<empty> | <empty> | <empty> | <empty> | <empty> | <empty> | <empty> | as a constituent of other substances, or in mixtures, in concentrations equal to, or greater than 0.1% by weight | <empty> | <empty> | <empty> | <empty> | <empty> | <empty> | <empty> | <empty> | Shall not be placed on the market, or used, as substance or in mixtures in concentrations equal to ot greater than 0.1% by weight",,[],,Green,N,2009-12-22T00:00:00.000+0100,1
66,IV,"(4-(4-Aminophenyl)(4-iminocyclohexa-2,5-dienylidene)methyl)-2-methylaniline hydrochloride","Benzenamine, 4-((4-aminophenyl)(4-imino-2,5-cyclohexadien-1-ylidene)methyl)-2-methyl-, hydrochloride (1:1)",,,632-99-5,211-189-6,,32081 | 32759 | 87670,,,Not to be used in products applied on mucous membranes,,"<empty> | <empty> | <empty> | <empty> | <empty> | <empty> | <empty> | as a constituent of other substances, or in mixtures, in concentrations equal to, or greater than 0.1% by weight | <empty> | <empty> | <empty> | <empty> | <empty> | <empty> | <empty> | <empty> | Shall not be placed on the market, or used, as substance or in mixtures in concentrations equal to ot greater than 0.1% by weight | <empty> | <empty> | <empty> | <empty> | Shall not be used as propellant in aerosols for any use. Aerosols dispenser containing the substance as propellant shall not be placed on the market | <empty> | <empty> | <empty> | <empty> | <empty> | <empty> | <empty>",,[],,Violet,N,2009-12-22T00:00:00.000+0100,1
67,IV,"4-[(4-Amino-m-tolyl)(4-imino-3-methylcyclohexa-2,5-dien-1-ylidene)methyl]-o-toluidine monohydrochloride","4-[(4-Amino-m-tolyl)(4-imino-3-methylcyclohexa-2,5-dien-1-ylidene)methyl]-o-toluidine monohydrochloride",,,3248-91-7,221-831-7,,32760 | 54825,,,Rinse-off products,,"<empty> | <empty> | <empty> | <empty> | <empty> | <empty> | <empty> | as a constituent of other substances, or in mixtures, in concentrations equal to, or greater than 0.1% by weight | <empty> | <empty> | <empty> | <empty> | <empty> | <empty> | <empty> | <empty> | Shall not be placed on the market, or used, as substance or in mixtures in concentrations equal to ot greater than 0.1% by weight | <empty> | <empty> | <empty> | <empty> | Shall not be used as propellant in aerosols for any use. Aerosols dispenser containing the substance as propellant shall not be placed on the market | <empty> | <empty> | <empty> | <empty> | <empty> | <empty> | <empty> | <empty> | <empty> | <empty> | <empty>",,[],,Violet,N,2009-12-22T00:00:00.000+0100,1
68,IV,"Hydrogen [4-[[4-(diethylamino)phenyl][4-[ethyl[(3-sulphonatobenzyl)amino]-o-tolyl]methylene]-3-methylcyclohexa-2,5-dien-1-ylidene](ethyl)(3-sulphonatobenzyl)ammonium, sodium salt","Hydrogen [4-[[4-(diethylamino)phenyl][4-[ethyl[(3-sulphonatobenzyl)amino]-o-tolyl]methylene]-3-methylcyclohexa-2,5-dien-1-ylidene](ethyl)(3-sulphonatobenzyl)ammonium, sodium salt",,,6505-30-2,229-390-2,,32761,,,Not to be used in products applied on mucous membranes,,"<empty> | <empty> | <empty> | <empty> | <empty> | <empty> | <empty> | as a constituent of other substances, or in mixtures, in concentrations equal to, or greater than 0.1% by weight | <empty> | <empty> | <empty> | <empty> | <empty> | <empty> | <empty> | <empty> | Shall not be placed on the market, or used, as substance or in mixtures in concentrations equal to ot greater than 0.1% by weight | <empty> | <empty> | <empty> | <empty> | Shall not be used as propellant in aerosols for any use. Aerosols dispenser containing the substance as propellant shall not be placed on the market | <empty> | <empty> | <empty> | <empty> | <empty> | <empty> | <empty> | <empty> | <empty> | <empty> | <empty> | <empty>",,[],,Blue,N,2009-12-22T00:00:00.000+0100,1
69,IV,"[4-[[4-Anilino-1-naphthyl][4-(dimethylamino)phenyl]methylene]cyclohexa-2,5-dien-1-ylidene]dimethylammonium chloride","[4-[[4-Anilino-1-naphthyl][4-(dimethylamino)phenyl]methylene]cyclohexa-2,5-dien-1-ylidene]dimethylammonium chloride",,,2580-56-5,219-943-6,,32762 | 32062 | 87664,,,Not to be used in products applied on the mucous membranes,,"<empty> | <empty> | <empty> | <empty> | <empty> | <empty> | <empty> | as a constituent of other substances, or in mixtures, in concentrations equal to, or greater than 0.1% by weight | <empty> | <empty> | <empty> | <empty> | <empty> | <empty> | <empty> | <empty> | Shall not be placed on the market, or used, as substance or in mixtures in concentrations equal to ot greater than 0.1% by weight",,[],,Blue,N,2009-12-22T00:00:00.000+0100,1
70,IV,"Hydrogen [4-[4-(dimethylamino)-.alpha.-(2-hydroxy-3,6-disulphonato-1-naphthyl)benzylidene]cyclohexa-2,5-dien-1-ylidene]dimethylammonium, monosodium salt","Hydrogen [4-[4-(dimethylamino)-.alpha.-(2-hydroxy-3,6-disulphonato-1-naphthyl)benzylidene]cyclohexa-2,5-dien-1-ylidene]dimethylammonium, monosodium salt",,,3087-16-9,221-409-2,,32763,,,,,<empty> | <empty> | <empty> | <empty> | <empty> | <empty> | <empty>,,[],,Green,N,2009-12-22T00:00:00.000+0100,1
71,IV,"Hydrogen 3,6-bis(diethylamino)-9-(2,4-disulphonatophenyl)xanthylium, sodium salt","Hydrogen 3,6-bis(diethylamino)-9-(2,4-disulphonatophenyl)xanthylium, sodium salt",,,3520-42-1,222-529-8,,31630 | 32764 | 87685,,,Rinse-off products,,"<empty> | <empty> | <empty> | <empty> | <empty> | <empty> | <empty> | as a constituent of other substances, or in mixtures, in concentrations equal to, or greater than 0.1% by weight | <empty> | <empty> | <empty> | <empty> | <empty> | <empty> | <empty> | <empty> | Shall not be placed on the market, or used, as substance or in mixtures in concentrations equal to ot greater than 0.1% by weight | <empty> | <empty> | <empty> | <empty> | Shall not be used as propellant in aerosols for any use. Aerosols dispenser containing the substance as propellant shall not be placed on the market | <empty> | <empty> | <empty> | <empty> | <empty> | <empty> | <empty> | <empty> | <empty> | <empty> | <empty> | <empty> | <empty> | <empty> | <empty> | <empty> | <empty> | <empty> | <empty> | <empty> | <empty> | <empty> | <empty> | <empty> | <empty> | <empty> | <empty> | <empty>",,[],,Red,N,2009-12-22T00:00:00.000+0100,1
72,IV,"Hydrogen 9-(2-carboxylatophenyl)-3-(2-methylanilino)-6-(2-methyl-4-sulphoanilino)xanthylium, monosodium salt","Hydrogen 9-(2-carboxylatophenyl)-3-(2-methylanilino)-6-(2-methyl-4-sulphoanilino)xanthylium, monosodium salt",,,6252-76-2,228-377-9,,31635 | 32765 | 87686,,,Rinse-off products,,<empty> | <empty>,,[],,Violet,N,2009-12-22T00:00:00.000+0100,1
73,IV,"Hydrogen 9-(2,4-disulphonatophenyl)-3,6-bis(ethylamino)-2,7-dimethylxanthylium, monosodium salt","Hydrogen 9-(2,4-disulphonatophenyl)-3,6-bis(ethylamino)-2,7-dimethylxanthylium, monosodium salt",,,5873-16-5,227-528-6,,32766,,,Rinse-off products,,"<empty> | <empty> | <empty> | <empty> | <empty> | <empty> | <empty> | as a constituent of other substances, or in mixtures, in concentrations equal to, or greater than 0.1% by weight | <empty> | <empty> | <empty> | <empty> | <empty> | <empty> | <empty> | <empty> | Shall not be placed on the market, or used, as substance or in mixtures in concentrations equal to ot greater than 0.1% by weight | <empty> | <empty> | <empty> | <empty> | Shall not be used as propellant in aerosols for any use. Aerosols dispenser containing the substance as propellant shall not be placed on the market | <empty> | <empty> | <empty> | <empty> | <empty> | <empty> | <empty>",,[],,Red,N,2009-12-22T00:00:00.000+0100,1
74,IV,Disodium 2-(3-oxo-6-oxidoxanthen-9-yl)benzoate,Disodium 2-(3-oxo-6-oxidoxanthen-9-yl)benzoate,,,518-45-6; 518-47-8,-; 208-253-0,,31639 | 32767 | 54164 | 87687,,,,,"<empty> | <empty> | <empty> | <empty> | <empty> | <empty> | <empty> | as a constituent of other substances, or in mixtures, in concentrations equal to, or greater than 0.1% by weight | <empty> | <empty> | <empty> | <empty> | <empty> | <empty> | <empty> | <empty> | Shall not be placed on the market, or used, as substance or in mixtures in concentrations equal to ot greater than 0.1% by weight",,[],,Yellow,N,2009-12-22T00:00:00.000+0100,1
75,IV,"4',5'-Dibromo-3',6'-dihydroxyspiro[isobenzofuran-1(3H),9'-[9H]xanthene]-3-one and its insoluble barium, strontium and zirconium lakes, salts and pigments","4',5'-Dibromo-3',6'-dihydroxyspiro[isobenzofuran-1(3H),9'-[9H]xanthene]-3-one and its insoluble barium, strontium and zirconium lakes, salts and pigments",,,596-03-2; 4372-02-5,209-876-0; 224-468-2,,32768 | 78541 | 81387 | 81388 | 87688,,,,,<empty> | <empty> | <empty>,,[],,Orange,N,2009-12-22T00:00:00.000+0100,1
76,IV,"Disodium 2-(2,4,5,7-tetrabromo-6-oxido-3-oxoxanthen-9-yl)benzoate and its insoluble barium, strontium and zirconium lakes, salts and pigments","Disodium 2-(2,4,5,7-tetrabromo-6-oxido-3-oxoxanthen-9-yl)benzoate and its insoluble barium, strontium and zirconium lakes, salts and pigments",,,17372-87-1 / 548-26-5 / 15876-39-8 / 15086-94-9 / 94021-89-3,241-409-6 / - / 240-005-7 / 239-138-3 / 301-481-2,,31631 | 32769 | 36576 | 81389 | 81390 | 87689,,,,,"<empty> | <empty> | <empty> | <empty> | <empty> | <empty> | <empty> | as a constituent of other substances, or in mixtures, in concentrations equal to, or greater than 0.1% by weight | <empty> | <empty> | <empty> | <empty> | <empty> | <empty> | <empty> | <empty> | Shall not be placed on the market, or used, as substance or in mixtures in concentrations equal to ot greater than 0.1% by weight | <empty> | <empty> | <empty> | <empty> | Shall not be used as propellant in aerosols for any use. Aerosols dispenser containing the substance as propellant shall not be placed on the market | <empty> | <empty> | <empty>",,[],,Red,N,2009-12-22T00:00:00.000+0100,1
77,IV,"3',6'-Dihydroxy-4',5'-dinitrospiro[isobenzofuran-1(3H),9'-[9H]xanthene]-3-one","3',6'-Dihydroxy-4',5'-dinitrospiro[isobenzofuran-1(3H),9'-[9H]xanthene]-3-one",,,24545-86-6,246-308-0,,32770,,,,,"<empty> | <empty> | <empty> | <empty> | <empty> | <empty> | <empty> | as a constituent of other substances, or in mixtures, in concentrations equal to, or greater than 0.1% by weight | <empty> | <empty> | <empty> | <empty> | <empty> | <empty> | <empty> | <empty> | Shall not be placed on the market, or used, as substance or in mixtures in concentrations equal to ot greater than 0.1% by weight",,[],,Orange,N,2009-12-22T00:00:00.000+0100,1
78,IV,"Dipotassium 3,6-dichloro-2-(2,4,5,7-tetrabromo-6-oxido-3-oxoxanthen-9-yl)benzoate","Dipotassium 3,6-dichloro-2-(2,4,5,7-tetrabromo-6-oxido-3-oxoxanthen-9-yl)benzoate",,,6441-77-6,229-225-4,,32771,,,Not to be used in eye products,,"<empty> | <empty> | <empty> | <empty> | <empty> | <empty> | <empty> | as a constituent of other substances, or in mixtures, in concentrations equal to, or greater than 0.1% by weight | <empty> | <empty> | <empty> | <empty> | <empty> | <empty> | <empty> | <empty> | Shall not be placed on the market, or used, as substance or in mixtures in concentrations equal to ot greater than 0.1% by weight | <empty>",,[],,Red,N,2009-12-22T00:00:00.000+0100,1
79,IV,"3,4,5,6-Tetrachloro-2-(1,4,5,8-tetrabromo-6-hydroxy-3-oxoxanthen-9-yl)benzoic acid and its insoluble barium, strontium and zirconium lakes, salts and pigments","3,4,5,6-Tetrachloro-2-(1,4,5,8-tetrabromo-6-hydroxy-3-oxoxanthen-9-yl)benzoic acid and its soluble barium, strontium and zirconium lakes, salts and pigments",,,18472-87-2,242-355-6,,31632 | 32772 | 91091,,,,,,,[],,Red,N,2009-12-22T00:00:00.000+0100,1
80,IV,"Disodium 2-(2,4,5,7-tetraiodo-6-oxido-3-oxoxanthen-9-yl)benzoate and its insoluble barium, strontium and zirconium lakes, salts and pigments","Disodium 2-(2,4,5,7-tetraiodo-6-oxido-3-oxoxanthen-9-yl)benzoate and its insoluble barium, strontium and zirconium lakes, salts and pigments",erythrosine,,12227-78-0,240-474-8,,31629 | 32774 | 36567 | 87690,,,,,"<empty> | <empty> | <empty> | <empty> | <empty> | <empty> | <empty> | as a constituent of other substances, or in mixtures, in concentrations equal to, or greater than 0.1% by weight | <empty> | <empty> | <empty> | <empty> | <empty> | <empty> | <empty> | <empty>",,[],,Red,N,2009-12-22T00:00:00.000+0100,1
81,IV,"1,3-Isobenzofurandione, reaction products with methylquinoline and quinoline","1,3-Isobenzofurandione, reaction products with methylquinoline and quinoline",,,8003-22-3,232-318-2,,32775 | 38161 | 87691,,,Not to be used in products applied on mucous membranes,,<empty> | <empty>,,[],,Yellow,N,2009-12-22T00:00:00.000+0100,1
82,IV,"1H-Indene-1,3(2H)-dione, 2-(2-quinolinyl)-, sulfonated, sodium salts","1H-Indene-1,3(2H)-dione, 2-(2-quinolinyl)-, sulfonated, sodium salts",,,38615-46-2 ; 8004-92-0; 95193-83-2,-; -; 305-897-5,,32776 | 81391 | 81392,,,,,"<empty> | <empty> | <empty> | <empty> | <empty> | <empty> | <empty> | as a constituent of other substances, or in mixtures, in concentrations equal to, or greater than 0.1% by weight | <empty> | <empty> | <empty> | <empty> | <empty> | <empty> | <empty> | <empty> | Shall not be placed on the market, or used, as substance or in mixtures in concentrations equal to ot greater than 0.1% by weight | <empty> | <empty> | <empty> | <empty> | Shall not be used as propellant in aerosols for any use. Aerosols dispenser containing the substance as propellant shall not be placed on the market | <empty> | <empty> | <empty> | <empty> | <empty> | <empty> | <empty> | <empty> | <empty> | <empty> | <empty> | <empty> | <empty> | <empty> | <empty> | <empty> | <empty>",,[],,Yellow,N,2009-12-22T00:00:00.000+0100,1
83,IV,"Hydrogen 9-[(3-methoxyphenyl)amino]-7-phenyl-5-(phenylamino)-4,10-disulphonatobenzo[a]phenazinium, sodium salt","Hydrogen 9-[(3-methoxyphenyl)amino]-7-phenyl-5-(phenylamino)-4,10-disulphonatobenzo[a]phenazinium, sodium salt",,,6837-46-3; 6856-08-2,-; 229-951-1,,32777,,,Rinse-off products,,<empty> | <empty> | <empty> | <empty> | <empty> | <empty> | <empty>,,[],,Violet,N,2009-12-22T00:00:00.000+0100,1
84,IV,Sulfonated nigrosine color,Sulfonated nigrosine color,,,8005-03-6,-,,32778 | 87692,,,Not to be used in products applied on the mucous membranes,,"<empty> | <empty> | <empty> | <empty> | <empty> | <empty> | <empty> | as a constituent of other substances, or in mixtures, in concentrations equal to, or greater than 0.1% by weight | <empty> | <empty> | <empty> | <empty> | <empty> | <empty> | <empty> | <empty> | Shall not be placed on the market, or used, as substance or in mixtures in concentrations equal to ot greater than 0.1% by weight | <empty>",,[],,Black,N,2009-12-22T00:00:00.000+0100,1
85,IV,"8,18-Dichloro-5,15-diethyl-5,15-dihydrodiindolo[3,2-b:3',2'-m]triphenodioxazine","8,18-Dichloro-5,15-diethyl-5,15-dihydrodiindolo[3,2-b:3',2'-m]triphenodioxazine",,,6358-30-1,228-767-9,,32779 | 36578 | 87693,,,Rinse-off products,,,,[],,Violet,N,2009-12-22T00:00:00.000+0100,1
86,IV,"1,2-Dihydroxyanthraquinone","1,2-Dihydroxyanthraquinone",,,72-48-0,200-782-5,,32780 | 36575 | 87694,,,,,<empty> | <empty>,,[],,Red,N,2009-12-22T00:00:00.000+0100,1
87,IV,"Trisodium 8-hydroxypyrene-1,3,6-trisulphonate","Trisodium 8-hydroxypyrene-1,3,6-trisulphonate",,,6358-69-6,228-783-6,,32781 | 38151 | 87696,,,Not to be used in products applied on the mucous membranes,,"<empty> | <empty> | <empty> | <empty> | <empty> | <empty> | <empty> | as a constituent of other substances, or in mixtures, in concentrations equal to, or greater than 0.1% by weight | <empty> | <empty> | <empty> | <empty> | <empty> | <empty> | <empty> | <empty> | Shall not be placed on the market, or used, as substance or in mixtures in concentrations equal to ot greater than 0.1% by weight",,[],,Green,N,2009-12-22T00:00:00.000+0100,1
88,IV,1-Anilino-4-hydroxyanthraquinone,1-Anilino-4-hydroxyanthraquinone,,,19286-75-0,242-939-0,,32782,,,Rinse-off products,,"<empty> | <empty> | <empty> | <empty> | <empty> | <empty> | <empty> | as a constituent of other substances, or in mixtures, in concentrations equal to, or greater than 0.1% by weight | <empty> | <empty> | <empty> | <empty> | <empty> | <empty> | <empty> | <empty> | Shall not be placed on the market, or used, as substance or in mixtures in concentrations equal to ot greater than 0.1% by weight | <empty> | <empty> | <empty> | <empty> | Shall not be used as propellant in aerosols for any use. Aerosols dispenser containing the substance as propellant shall not be placed on the market | <empty> | <empty> | <empty> | <empty> | <empty> | <empty> | <empty> | <empty> | <empty> | <empty> | <empty> | <empty> | <empty> | <empty>",,[],,Violet,N,2009-12-22T00:00:00.000+0100,1
89,IV,1-Hydroxy-4-(p-toluidino)anthraquinone,1-hydroxy-4-(p-toluidino)anthraquinone,,,81-48-1,201-353-5,,32783 | 38159 | 87697,,,,,"<empty> | <empty> | <empty> | <empty> | <empty> | <empty> | <empty> | as a constituent of other substances, or in mixtures, in concentrations equal to, or greater than 0.1% by weight | <empty> | <empty> | <empty> | <empty> | <empty> | <empty> | <empty> | <empty> | Shall not be placed on the market, or used, as substance or in mixtures in concentrations equal to ot greater than 0.1% by weight | <empty> | <empty> | <empty> | <empty> | Shall not be used as propellant in aerosols for any use. Aerosols dispenser containing the substance as propellant shall not be placed on the market | <empty> | <empty> | <empty> | <empty> | <empty> | <empty> | <empty> | <empty> | <empty> | <empty> | <empty> | <empty> | <empty> | <empty>",,[],,Violet,N,2009-12-22T00:00:00.000+0100,1
90,IV,"Sodium 4-[(9,10-dihydro-4-hydroxy-9,10-dioxo-1-anthryl)amino]toluene-3-sulphonate","Sodium 4-[(9,10-dihydro-4-hydroxy-9,10-dioxo-1-anthryl)amino]toluene-3-sulphonate",,,4430-18-6,224-618-7,,31634 | 32784,,,Not to be used in products applied on the mucous membranes,,"<empty> | <empty> | <empty> | <empty> | <empty> | <empty> | <empty> | as a constituent of other substances, or in mixtures, in concentrations equal to, or greater than 0.1% by weight | <empty>",,[],,Violet,N,2009-12-22T00:00:00.000+0100,1
91,IV,"1,4-bis(p-Tolylamino)anthraquinone","1,4-bis(p-Tolylamino)anthraquinone",,,128-80-3,204-909-5,,32785 | 38150 | 87698,,,,,"<empty> | <empty> | <empty> | <empty> | <empty> | <empty> | <empty> | as a constituent of other substances, or in mixtures, in concentrations equal to, or greater than 0.1% by weight | <empty> | <empty> | <empty> | <empty> | <empty> | <empty> | <empty> | <empty> | Shall not be placed on the market, or used, as substance or in mixtures in concentrations equal to ot greater than 0.1% by weight",,[],,Green,N,2009-12-22T00:00:00.000+0100,1
92,IV,"Disodium 2,2'-(9,10-dioxoanthracene-1,4-diyldiimino)bis(5-methylsulphonate)","Disodium 2,2'-(9,10-dioxoanthracene-1,4-diyldiimino)bis(5-methylsulphonate)",,,4403-90-1,224-546-6,,32786,,,,,<empty> | <empty> | <empty> | <empty> | <empty> | <empty> | <empty>,,[],,Green,N,2009-12-22T00:00:00.000+0100,1
93,IV,"Sodium 3,3'-(9,10-dioxoanthracene-1,4-diyldiimino)bis(2,4,6-trimethylbenzenesulphonate)","Sodium 3,3'-(9,10-dioxoanthracene-1,4-diyldiimino)bis(2,4,6-trimethylbenzenesulphonate)",,,4474-24-2,224-748-4,,32787,,,Rinse-off products,,"<empty> | <empty> | <empty> | <empty> | <empty> | <empty> | <empty> | as a constituent of other substances, or in mixtures, in concentrations equal to, or greater than 0.1% by weight | <empty>",,[],,Blue,N,2009-12-22T00:00:00.000+0100,1
94,IV,"Sodium 1-amino-4-(cyclohexylamino)-9,10-dihydro-9,10-dioxoanthracene-2-sulphonate","Sodium 1-amino-4-(cyclohexylamino)-9,10-dihydro-9,10-dioxoanthracene-2-sulphonate",,,4368-56-3,224-460-9,,31611 | 32788,,,Rinse-off products,,"<empty> | <empty> | <empty> | <empty> | <empty> | <empty> | <empty> | as a constituent of other substances, or in mixtures, in concentrations equal to, or greater than 0.1% by weight | <empty> | <empty> | <empty> | <empty> | <empty> | <empty> | <empty> | <empty> | Shall not be placed on the market, or used, as substance or in mixtures in concentrations equal to ot greater than 0.1% by weight | <empty> | <empty> | <empty> | <empty> | Shall not be used as propellant in aerosols for any use. Aerosols dispenser containing the substance as propellant shall not be placed on the market | <empty> | <empty> | <empty> | <empty> | <empty> | <empty> | <empty> | <empty> | <empty> | <empty> | <empty> | <empty> | <empty> | <empty> | <empty> | <empty> | <empty> | <empty> | <empty> | <empty> | <empty> | <empty> | <empty> | <empty> | <empty> | <empty> | <empty> | <empty>",,[],,Blue,N,2009-12-22T00:00:00.000+0100,1
95,IV,"6,15-Dihydroanthrazine-5,9,14,18-tetrone","6,15-Dihydroanthrazine-5,9,14,18-tetrone",,,81-77-6,201-375-5,,32789,,,,,"<empty> | <empty> | <empty> | <empty> | <empty> | <empty> | <empty> | as a constituent of other substances, or in mixtures, in concentrations equal to, or greater than 0.1% by weight | <empty> | <empty> | <empty> | <empty> | <empty> | <empty> | <empty> | <empty> | Shall not be placed on the market, or used, as substance or in mixtures in concentrations equal to ot greater than 0.1% by weight | <empty> | <empty> | <empty> | <empty> | Shall not be used as propellant in aerosols for any use. Aerosols dispenser containing the substance as propellant shall not be placed on the market | <empty> | <empty> | <empty> | <empty> | <empty> | <empty> | <empty> | <empty> | <empty> | <empty> | <empty> | <empty> | <empty> | <empty>",,[],,Blue,N,2009-12-22T00:00:00.000+0100,1
96,IV,"7,16-Dichloro-6,15-dihydroanthrazine-5,9,14,18-tetrone","7,16-Dichloro-6,15-dihydroanthrazine-5,9,14,18-tetrone",,,130-20-1,240-980-2,,32790,,,,,"<empty> | <empty> | <empty> | <empty> | <empty> | <empty> | <empty> | as a constituent of other substances, or in mixtures, in concentrations equal to, or greater than 0.1% by weight | <empty> | <empty> | <empty> | <empty> | <empty> | <empty> | <empty> | <empty> | Shall not be placed on the market, or used, as substance or in mixtures in concentrations equal to ot greater than 0.1% by weight",,[],,Blue,N,2009-12-22T00:00:00.000+0100,1
97,IV,"Bisbenzimidazo[2,1-b:2',1'-i]benzo[lmn][3,8]phenanthroline-8,17-dione","Bisbenzimidazo[2,1-b:2',1'-i]benzo[lmn][3,8]phenanthroline-8,17-dione",,,4424-06-0,224-597-4,,32791,,,Not to be used in products applied on mucous membranes,,<empty> | <empty> | <empty> | <empty> | <empty> | <empty> | <empty>,,[],,Orange,N,2009-12-22T00:00:00.000+0100,1
98,IV,"2-(1,3-Dihydro-3-oxo-2H-indazol-2-ylidene)-1,2-dihydro-3H-indol-3-one","2-(1,3-Dihydro-3-oxo-2H-indazol-2-ylidene)-1,2-dihydro-3H-indol-3-one",,,482-89-3,207-586-9,,32792,,,,,"<empty> | <empty> | <empty> | <empty> | <empty> | <empty> | <empty> | as a constituent of other substances, or in mixtures, in concentrations equal to, or greater than 0.1% by weight | <empty> | <empty> | <empty> | <empty> | <empty> | <empty> | <empty> | <empty> | Shall not be placed on the market, or used, as substance or in mixtures in concentrations equal to ot greater than 0.1% by weight",,[],,Blue,N,2009-12-22T00:00:00.000+0100,1
99,IV,"Disodium 5,5'-(2-(1,3-dihydro-3-oxo-2H-indazol-2-ylidene)-1,2-dihydro-3H-indol-3-one)disulphonate","Disodium 5,5'-(2-(1,3-dihydro-3-oxo-2H-indazol-2-ylidene)-1,2-dihydro-3H-indol-3-one)disulphonate",,,860-22-0,212-728-8,,31612 | 32793 | 54156,,,,,"<empty> | <empty> | <empty> | <empty> | <empty> | <empty> | <empty> | as a constituent of other substances, or in mixtures, in concentrations equal to, or greater than 0.1% by weight | <empty> | <empty> | <empty> | <empty> | <empty> | <empty> | <empty> | <empty> | Shall not be placed on the market, or used, as substance or in mixtures in concentrations equal to ot greater than 0.1% by weight | <empty> | <empty> | <empty> | <empty> | Shall not be used as propellant in aerosols for any use. Aerosols dispenser containing the substance as propellant shall not be placed on the market | <empty> | <empty> | <empty> | <empty>",,[],,Blue,N,2009-12-22T00:00:00.000+0100,1
100,IV,6-Chloro-2-(6-chloro-4-methyl-3-oxobenzo[b]thien-2(3H)-ylidene)-4-methylbenzo[b]thiophene-3(2H)-one,6-Chloro-2-(6-chloro-4-methyl-3-oxobenzo[b]thien-2(3H)-ylidene)-4-methylbenzo[b]thiophene-3(2H)-one,,,2379-74-0,219-163-6,,32794 | 87701,,,,,<empty> | <empty> | <empty>,,[],,Red,N,2009-12-22T00:00:00.000+0100,1
101,IV,5-Chloro-2-(5-chloro-7-methyl-3-oxobenzo[b]thien-2(3H)-ylidene)-7-methylbenzo[b]thiophene-3(2H)-one,5-Chloro-2-(5-chloro-7-methyl-3-oxobenzo[b]thien-2(3H)-ylidene)-7-methylbenzo[b]thiophene-3(2H)-one,,,5462-29-3,226-750-0,,32795,,,,,"<empty> | <empty> | <empty> | <empty> | <empty> | <empty> | <empty> | as a constituent of other substances, or in mixtures, in concentrations equal to, or greater than 0.1% by weight | <empty> | <empty> | <empty> | <empty> | <empty> | <empty> | <empty> | <empty> | Shall not be placed on the market, or used, as substance or in mixtures in concentrations equal to ot greater than 0.1% by weight | <empty> | <empty> | <empty>",,[],,Violet,N,2009-12-22T00:00:00.000+0100,1
102,IV,"5,12-Dihydroquino[2,3-b]acridine-7,14-dione","5,12-Dihydroquino[2,3-b]acridine-7,14-dione",,,1047-16-1,213-879-2,,32796 | 36577 | 87702,,,Rinse-off products,,"<empty> | <empty> | <empty> | <empty> | <empty> | <empty> | <empty> | as a constituent of other substances, or in mixtures, in concentrations equal to, or greater than 0.1% by weight | <empty>",,[],,Violet,N,2009-12-22T00:00:00.000+0100,1
103,IV,"5,12-Dihydro-2,9-dimethylquino[2,3-b]acridine-7,14-dione","5,12-Dihydro-2,9-dimethylquino[2,3-b]acridine-7,14-dione",,,16043-40-6; 980-26-7,-; 213-561-3,,32797,,,Rinse-off products,,<empty> | <empty> | <empty> | <empty> | <empty> | <empty> | <empty>,,[],,Red,N,2009-12-22T00:00:00.000+0100,1
104,IV,"29H,31H-Phthalocyanine","29H,31H-Phthalocyanine",,,574-93-6,209-378-3,,32798,,,Rinse-off products,,"<empty> | <empty> | <empty> | <empty> | <empty> | <empty> | <empty> | as a constituent of other substances, or in mixtures, in concentrations equal to, or greater than 0.1% by weight | <empty> | <empty> | <empty> | <empty> | <empty> | <empty> | <empty> | <empty> | Shall not be placed on the market, or used, as substance or in mixtures in concentrations equal to ot greater than 0.1% by weight | <empty> | <empty> | <empty> | <empty> | Shall not be used as propellant in aerosols for any use. Aerosols dispenser containing the substance as propellant shall not be placed on the market | <empty> | <empty> | <empty> | <empty> | <empty> | <empty> | <empty>",,[],,Blue,N,2009-12-22T00:00:00.000+0100,1
105,IV,"(29H,31H-Phthalocyaninato(2-)-N29,N30,N31,N32)copper","(29H,31H-Phthalocyaninato(2-)-N29,N30,N31,N32)copper",,,147-14-8,205-685-1,,32799 | 36564 | 87703,,,,,"<empty> | <empty> | <empty> | <empty> | <empty> | <empty> | <empty> | as a constituent of other substances, or in mixtures, in concentrations equal to, or greater than 0.1% by weight | <empty> | <empty> | <empty> | <empty> | <empty> | <empty> | <empty> | <empty> | Shall not be placed on the market, or used, as substance or in mixtures in concentrations equal to ot greater than 0.1% by weight | <empty> | <empty> | <empty> | <empty>",,[],,Blue,N,2009-12-22T00:00:00.000+0100,1
106,IV,"Disodium [29H,31H-phthalocyaninedisulphonato(4-)-N29,N30,N31,N32]cuprate(2-)","Disodium [29H,31H-phthalocyaninedisulphonato(4-)-N29,N30,N31,N32]cuprate(2-)",,,1330-38-7,215-537-8,,32800 | 75747 | 87704,,,Rinse-off products,,"<empty> | <empty> | <empty> | <empty> | <empty> | <empty> | <empty> | as a constituent of other substances, or in mixtures, in concentrations equal to, or greater than 0.1% by weight | <empty> | <empty> | <empty> | <empty> | <empty> | <empty> | <empty> | <empty> | Shall not be placed on the market, or used, as substance or in mixtures in concentrations equal to ot greater than 0.1% by weight | <empty> | <empty> | <empty> | <empty> | Shall not be used as propellant in aerosols for any use. Aerosols dispenser containing the substance as propellant shall not be placed on the market | <empty> | <empty> | <empty> | <empty> | <empty> | <empty> | <empty> | <empty> | <empty> | <empty> | <empty> | <empty> | <empty> | <empty> | <empty> | <empty> | <empty> | <empty> | <empty> | <empty> | <empty> | <empty> | <empty> | <empty> | <empty> | <empty> | <empty> | <empty>",,[],,Blue,N,2009-12-22T00:00:00.000+0100,1
107,IV,Polychloro copper phthalocyanine,Polychloro copper phthalocyanine,,,1328-53-6,215-524-7,,32801 | 36565 | 87705,,,Not to be used in eye products,,"<empty> | <empty> | <empty> | <empty> | <empty> | <empty> | <empty> | as a constituent of other substances, or in mixtures, in concentrations equal to, or greater than 0.1% by weight | <empty> | <empty> | <empty> | <empty> | <empty> | <empty> | <empty> | <empty> | Shall not be placed on the market, or used, as substance or in mixtures in concentrations equal to ot greater than 0.1% by weight | <empty> | <empty> | <empty>",,[],,Green,N,2009-12-22T00:00:00.000+0100,1
108,IV,"8,8'-diapo-.psi.,.psi.-Carotenedioic acid","8,8'-diapo-.psi.,.psi.-Carotenedioic acid",,,27876-94-4; 89382-88-7,248-708-0;,,32802,,,,,"<empty> | <empty> | <empty> | <empty> | <empty> | <empty> | <empty> | as a constituent of other substances, or in mixtures, in concentrations equal to, or greater than 0.1% by weight | <empty> | <empty> | <empty> | <empty> | <empty> | <empty> | <empty> | <empty> | Shall not be placed on the market, or used, as substance or in mixtures in concentrations equal to ot greater than 0.1% by weight | <empty> | <empty> | <empty> | <empty> | Shall not be used as propellant in aerosols for any use. Aerosols dispenser containing the substance as propellant shall not be placed on the market | <empty> | <empty>",,[],,Yellow,N,2009-12-22T00:00:00.000+0100,1
109,IV,Annatto,"6,6'-Diapo-psi.,psi.-carotenedioic acid",,,1393-63-1; 542-40-5; 6983-79-5,215-735-4; 208-810-8; 230-248-7,,32803 | 81393 | 81394,,,,,"<empty> | <empty> | <empty> | <empty> | <empty> | <empty> | <empty> | as a constituent of other substances, or in mixtures, in concentrations equal to, or greater than 0.1% by weight | <empty> | <empty> | <empty> | <empty> | <empty> | <empty> | <empty> | <empty> | Shall not be placed on the market, or used, as substance or in mixtures in concentrations equal to ot greater than 0.1% by weight | <empty> | <empty> | <empty>",,[],,Orange,N,2009-12-22T00:00:00.000+0100,1
110,IV,Lycopene,Lycopene,,,502-65-8,-,,32804 | 57466,,,,,"<empty> | <empty> | <empty> | <empty> | <empty> | <empty> | <empty> | as a constituent of other substances, or in mixtures, in concentrations equal to, or greater than 0.1% by weight | <empty> | <empty> | <empty> | <empty> | <empty> | <empty> | <empty> | <empty> | Shall not be placed on the market, or used, as substance or in mixtures in concentrations equal to ot greater than 0.1% by weight | <empty> | <empty> | <empty> | <empty> | Shall not be used as propellant in aerosols for any use. Aerosols dispenser containing the substance as propellant shall not be placed on the market | <empty> | <empty> | <empty> | <empty> | <empty> | <empty> | <empty> | <empty> | <empty> | <empty> | <empty> | <empty> | <empty> | <empty> | <empty> | <empty> | <empty> | <empty> | <empty> | <empty> | <empty> | <empty> | <empty> | <empty> | <empty> | <empty> | <empty> | <empty> | <empty> | <empty> | <empty> | <empty> | <empty> | <empty> | <empty> | <empty> | <empty> | <empty> | <empty> | <empty> | <empty> | <empty> | <empty> | <empty> | <empty> | <empty>",,[],,Yellow,N,2009-12-22T00:00:00.000+0100,1
111,IV,CI Food Orange 5,CI Food Orange 5,,,116-32-5; 31797-85-0; 7235-40-7; -,-; -; 230-636-6; 214-171-6,,32173 | 32805,,,,,"<empty> | <empty> | <empty> | <empty> | <empty> | <empty> | <empty> | as a constituent of other substances, or in mixtures, in concentrations equal to, or greater than 0.1% by weight | <empty> | <empty> | <empty> | <empty> | <empty> | <empty>",,[],,Orange,N,2009-12-22T00:00:00.000+0100,1
112,IV,(3R)-beta-4-Caroten-3-ol,(3R)-beta-4-Caroten-3-ol,,,3763-55-1,-,,32806,,,,,"<empty> | <empty> | <empty> | <empty> | <empty> | <empty> | <empty> | as a constituent of other substances, or in mixtures, in concentrations equal to, or greater than 0.1% by weight | <empty> | <empty> | <empty> | <empty> | <empty> | <empty> | <empty> | <empty> | Shall not be placed on the market, or used, as substance or in mixtures in concentrations equal to ot greater than 0.1% by weight | <empty> | <empty> | <empty> | <empty> | Shall not be used as propellant in aerosols for any use. Aerosols dispenser containing the substance as propellant shall not be placed on the market | <empty> | <empty>",,[],,Yellow,N,2009-12-22T00:00:00.000+0100,1
113,IV,"2-Amino-1,7-dihydro-6H-purin-6-one","2-Amino-1,7-dihydro-6H-purin-6-one",,,73-40-5,200-799-8,,32807 | 34175,,,,,"<empty> | <empty> | <empty> | <empty> | <empty> | <empty> | <empty> | as a constituent of other substances, or in mixtures, in concentrations equal to, or greater than 0.1% by weight | <empty> | <empty> | <empty> | <empty> | <empty> | <empty> | <empty> | <empty> | Shall not be placed on the market, or used, as substance or in mixtures in concentrations equal to ot greater than 0.1% by weight | <empty> | <empty> | <empty> | <empty> | Shall not be used as propellant in aerosols for any use. Aerosols dispenser containing the substance as propellant shall not be placed on the market | <empty> | <empty>",,[],,White,N,2009-12-22T00:00:00.000+0100,1
114,IV,Curcumins,Curcumins,,,458-37-7; 94875-80-6,207-280-5; -,,32808 | 55538,,,,,"<empty> | <empty> | <empty> | <empty> | <empty> | <empty> | <empty> | as a constituent of other substances, or in mixtures, in concentrations equal to, or greater than 0.1% by weight | <empty> | <empty> | <empty> | <empty> | <empty> | <empty> | <empty> | <empty> | Shall not be placed on the market, or used, as substance or in mixtures in concentrations equal to ot greater than 0.1% by weight | <empty> | <empty> | <empty> | <empty> | Shall not be used as propellant in aerosols for any use. Aerosols dispenser containing the substance as propellant shall not be placed on the market | <empty> | <empty> | <empty> | <empty> | <empty> | <empty> | <empty> | <empty> | <empty> | <empty> | <empty> | <empty> | <empty> | <empty>",,[],,Yellow,N,2009-12-22T00:00:00.000+0100,1
115,IV,Carmines,Carmines,,,1260-17-9; 1343-78-8; -,215-724-4; 215-680-6; 215-023-3,,32809 | 55405,,,,,<empty> | <empty> | <empty> | <empty> | <empty> | <empty> | <empty>,,[],,Red,N,2009-12-22T00:00:00.000+0100,1
116,IV,"Trisodium (2S-trans)-[18-carboxy-20-(carboxymethyl)-13-ethyl-2,3-dihydro-3,7,12,17-tetramethyl-8-vinyl-21H,23H-porphine-2-propionato(5-)-N21,N22,N23,N24]cuprate(3-) (Chlorophylls)","Trisodium (2S-trans)-[18-carboxy-20-(carboxymethyl)-13-ethyl-2,3-dihydro-3,7,12,17-tetramethyl-8-vinyl-21H,23H-porphine-2-propionato(5-)-N21,N22,N23,N24]cuprate(3-) (Chlorophylls)",,,11006-34-1; 8049-84-1,234-242-5; 232-471-5 ; 215-800-7 / 207-536-6 / 208-272-4 / 287-483-3 / 239-830-5 / 246-020-5,,32810,,,,,<empty> | <empty> | <empty>,,[],,Green,N,2009-12-22T00:00:00.000+0100,1
117,IV,Aluminium,Aluminium,,,7429-90-5,231-072-3,,32811,,,,,"<empty> | <empty> | <empty> | <empty> | <empty> | <empty> | <empty> | as a constituent of other substances, or in mixtures, in concentrations equal to, or greater than 0.1% by weight | <empty> | <empty> | <empty> | <empty> | <empty> | <empty> | <empty> | <empty> | Shall not be placed on the market, or used, as substance or in mixtures in concentrations equal to ot greater than 0.1% by weight | <empty> | <empty> | <empty> | <empty> | Shall not be used as propellant in aerosols for any use. Aerosols dispenser containing the substance as propellant shall not be placed on the market | <empty> | <empty> | <empty> | <empty> | <empty> | <empty> | <empty> | <empty> | <empty> | <empty> | <empty> | <empty> | <empty> | <empty>",,[],,White,N,2009-12-22T00:00:00.000+0100,1
118,IV,Aluminium hydroxide sulphate,Aluminium hydroxide sulphate,,,1332-73-6; 21645-51-2; 8011-94-7,215-573-4; 244-492-7; -,,32812,,,,,<empty> | <empty> | <empty>,,[],,White,N,2009-12-22T00:00:00.000+0100,1
119,IV,"Natural hydrated aluminium silicate, Al2O3.2SiO2.2H2O, containing calcium, magnesium or iron carbonates, ferric hydroxide, quartz-sand, mica, etc. as impurities","Natural hydrated aluminium silicate, Al2O3.2SiO2.2H2O, containing calcium, magnesium or iron carbonates, ferric hydroxide, quartz-sand, mica, etc. as impurities",,,1302-78-9,215-108-5,,32125 | 32813 | 34795 | 74232,,,,,"<empty> | <empty> | <empty> | <empty> | <empty> | <empty> | <empty> | as a constituent of other substances, or in mixtures, in concentrations equal to, or greater than 0.1% by weight | <empty> | <empty> | <empty> | <empty> | <empty> | <empty> | <empty> | <empty> | Shall not be placed on the market, or used, as substance or in mixtures in concentrations equal to ot greater than 0.1% by weight | <empty> | <empty> | <empty> | <empty> | Shall not be used as propellant in aerosols for any use. Aerosols dispenser containing the substance as propellant shall not be placed on the market | <empty>",,[],,White,N,2009-12-22T00:00:00.000+0100,1
120,IV,Lazurite,Lazurite,,,12769-96-9; 1317-97-1; 57455-37-5,235-811-0; -; -;,,32814 | 80486,,,,,"<empty> | <empty> | <empty> | <empty> | <empty> | <empty> | <empty> | as a constituent of other substances, or in mixtures, in concentrations equal to, or greater than 0.1% by weight | <empty> | <empty> | <empty> | <empty> | <empty> | <empty> | <empty> | <empty> | Shall not be placed on the market, or used, as substance or in mixtures in concentrations equal to ot greater than 0.1% by weight | <empty> | <empty> | <empty> | <empty> | Shall not be used as propellant in aerosols for any use. Aerosols dispenser containing the substance as propellant shall not be placed on the market | <empty>",,[],,Blue,N,2009-12-22T00:00:00.000+0100,1
121,IV,Aluminum silicate coloured with ferric oxide,Aluminum silicate coloured with ferric oxide,,,1309-37-1/1332-25-8,- / 310-127-6,,32815,,,,,<empty> | <empty> | <empty>,,[],,Red,N,2009-12-22T00:00:00.000+0100,1
122,IV,Barium sulfate,Barium sulfate,,,7727-43-7,231-784-4,,32059 | 32816,,,,,"<empty> | <empty> | <empty> | <empty> | <empty> | <empty> | <empty> | as a constituent of other substances, or in mixtures, in concentrations equal to, or greater than 0.1% by weight | <empty> | <empty> | <empty> | <empty> | <empty> | <empty> | <empty> | <empty> | Shall not be placed on the market, or used, as substance or in mixtures in concentrations equal to ot greater than 0.1% by weight | <empty> | <empty> | <empty> | <empty> | Shall not be used as propellant in aerosols for any use. Aerosols dispenser containing the substance as propellant shall not be placed on the market | <empty>",,[],,White,N,2009-12-22T00:00:00.000+0100,1
123,IV,Bismuth chloride oxide,Bismuth chloride oxide,,,7787-59-9,232-122-7,,32817,,,,,"<empty> | <empty> | <empty> | <empty> | <empty> | <empty> | <empty> | as a constituent of other substances, or in mixtures, in concentrations equal to, or greater than 0.1% by weight | <empty> | <empty> | <empty> | <empty> | <empty> | <empty> | <empty> | <empty> | Shall not be placed on the market, or used, as substance or in mixtures in concentrations equal to ot greater than 0.1% by weight | <empty> | <empty> | <empty> | <empty> | Shall not be used as propellant in aerosols for any use. Aerosols dispenser containing the substance as propellant shall not be placed on the market | <empty> | <empty> | <empty> | <empty> | <empty> | <empty> | <empty> | <empty>",,[],,White,N,2009-12-22T00:00:00.000+0100,1
124,IV,Calcium carbonate,Calcium carbonate,,,471-34-1,207-439-9 / 215-279-6,,32314 | 32818,,,,,"<empty> | <empty> | <empty> | <empty> | <empty> | <empty> | <empty> | as a constituent of other substances, or in mixtures, in concentrations equal to, or greater than 0.1% by weight | <empty> | <empty> | <empty> | <empty> | <empty> | <empty> | <empty> | <empty> | Shall not be placed on the market, or used, as substance or in mixtures in concentrations equal to ot greater than 0.1% by weight | <empty> | <empty> | <empty> | <empty> | Shall not be used as propellant in aerosols for any use. Aerosols dispenser containing the substance as propellant shall not be placed on the market | <empty> | <empty> | <empty> | <empty> | <empty> | <empty> | <empty> | <empty> | <empty> | <empty> | <empty> | <empty>",,[],,White,N,2009-12-22T00:00:00.000+0100,1
125,IV,Calcium sulfate,Calcium sulfate,,,,,,32349 | 32819 | 81398 | 81399,,,,,,,[],,White,N,2009-12-22T00:00:00.000+0100,1
126,IV,Carbon black,Carbon black,,,1333-86-4,215-609-9,,98573,,,,,"<empty> | <empty> | <empty> | <empty> | <empty> | <empty> | <empty> | as a constituent of other substances, or in mixtures, in concentrations equal to, or greater than 0.1% by weight | <empty> | <empty> | <empty> | <empty> | <empty> | <empty> | <empty> | <empty> | Shall not be placed on the market, or used, as substance or in mixtures in concentrations equal to ot greater than 0.1% by weight | <empty> | <empty> | <empty> | <empty> | Shall not be used as propellant in aerosols for any use. Aerosols dispenser containing the substance as propellant shall not be placed on the market | <empty> | <empty> | <empty> | <empty> | <empty> | <empty> | <empty> | <empty> | <empty> | <empty> | <empty> | <empty> | <empty> | <empty> | <empty> | <empty>",,[],,Black,N,2016-07-12T00:00:00.000+0200,1
126a,IV,carbon black (nano),carbon black (nano),,,1333-86-4,215-609-9,,98573,,,,,"<empty> | <empty> | <empty> | <empty> | <empty> | <empty> | <empty> | as a constituent of other substances, or in mixtures, in concentrations equal to, or greater than 0.1% by weight | <empty> | <empty> | <empty> | <empty> | <empty> | <empty> | <empty> | <empty> | Shall not be placed on the market, or used, as substance or in mixtures in concentrations equal to ot greater than 0.1% by weight | <empty> | <empty> | <empty> | <empty> | Shall not be used as propellant in aerosols for any use. Aerosols dispenser containing the substance as propellant shall not be placed on the market | <empty> | <empty> | <empty> | <empty> | <empty> | <empty> | <empty> | <empty> | <empty> | <empty> | <empty> | <empty> | <empty> | <empty> | <empty> | <empty> | <empty> | <empty> | <empty> | <empty> | <empty> | <empty> | <empty> | <empty> | <empty> | <empty> | <empty> | <empty> | <empty> | <empty> | <empty> | <empty> | <empty> | <empty> | <empty> | <empty> | <empty> | <empty> | <empty> | <empty> | <empty> | <empty> | <empty> | <empty> | <empty>",,[],,Black,N,2016-07-12T00:00:00.000+0200,1
127,IV,"Charcoal, bone. A fine black powder obtained by burning animal bones in a closed container. It consists primarily of calcium phosphate and carbon",Charcoal,,,8021-99-6,232-421-2,,32821,,,,,"<empty> | <empty> | <empty> | <empty> | <empty> | <empty> | <empty> | as a constituent of other substances, or in mixtures, in concentrations equal to, or greater than 0.1% by weight | <empty> | <empty> | <empty> | <empty> | <empty> | <empty> | <empty> | <empty> | Shall not be placed on the market, or used, as substance or in mixtures in concentrations equal to ot greater than 0.1% by weight | <empty> | <empty> | <empty> | <empty> | Shall not be used as propellant in aerosols for any use. Aerosols dispenser containing the substance as propellant shall not be placed on the market | <empty> | <empty> | <empty>",,[],,Black,N,2009-12-22T00:00:00.000+0100,1
128,IV,Coke black,Coke black,,,7440-44-0; 1339-82-8,231-153-3; 215-669-6,,32822,,,,,"<empty> | <empty> | <empty> | <empty> | <empty> | <empty> | <empty> | as a constituent of other substances, or in mixtures, in concentrations equal to, or greater than 0.1% by weight | <empty> | <empty> | <empty> | <empty> | <empty> | <empty> | <empty> | <empty> | Shall not be placed on the market, or used, as substance or in mixtures in concentrations equal to ot greater than 0.1% by weight | <empty> | <empty> | <empty> | <empty> | Shall not be used as propellant in aerosols for any use. Aerosols dispenser containing the substance as propellant shall not be placed on the market | <empty> | <empty> | <empty> | <empty> | <empty> | <empty> | <empty> | <empty> | <empty> | <empty> | <empty> | <empty> | <empty> | <empty> | <empty> | <empty> | <empty>",,[],,Black,N,2009-12-22T00:00:00.000+0100,1
129,IV,Chromium (III) oxide,Chromium (III) oxide,,,1308-38-9,215-160-9,,32823,,,,,"<empty> | <empty> | <empty> | <empty> | <empty> | <empty> | <empty> | as a constituent of other substances, or in mixtures, in concentrations equal to, or greater than 0.1% by weight | <empty> | <empty>",,[],,Green,N,2009-12-22T00:00:00.000+0100,1
130,IV,Chromium (III) hydroxide,Chromium (III) hydroxide,,,12001-99-9,-,,32824,,,,,"<empty> | <empty> | <empty> | <empty> | <empty> | <empty> | <empty> | as a constituent of other substances, or in mixtures, in concentrations equal to, or greater than 0.1% by weight | <empty> | <empty> | <empty> | <empty> | <empty> | <empty> | <empty> | <empty> | Shall not be placed on the market, or used, as substance or in mixtures in concentrations equal to ot greater than 0.1% by weight | <empty> | <empty> | <empty> | <empty> | Shall not be used as propellant in aerosols for any use. Aerosols dispenser containing the substance as propellant shall not be placed on the market | <empty> | <empty> | <empty> | <empty> | <empty> | <empty> | <empty> | <empty> | <empty> | <empty> | <empty> | <empty> | <empty> | <empty>",,[],,Green,N,2009-12-22T00:00:00.000+0100,1
131,IV,Cobalt Aluminum Oxide,Cobalt Aluminum Oxide,,,1345-16-0,-,,32825,,,,,"<empty> | <empty> | <empty> | <empty> | <empty> | <empty> | <empty> | as a constituent of other substances, or in mixtures, in concentrations equal to, or greater than 0.1% by weight | <empty> | <empty> | <empty> | <empty> | <empty> | <empty> | <empty> | <empty> | Shall not be placed on the market, or used, as substance or in mixtures in concentrations equal to ot greater than 0.1% by weight | <empty>",,[],,Green,N,2009-12-22T00:00:00.000+0100,1
132,IV,Copper,Copper,,,7440-50-8,231-159-6,,32826,,,,,"<empty> | <empty> | <empty> | <empty> | <empty> | <empty> | <empty> | as a constituent of other substances, or in mixtures, in concentrations equal to, or greater than 0.1% by weight | <empty> | <empty> | <empty> | <empty> | <empty> | <empty> | <empty> | <empty> | Shall not be placed on the market, or used, as substance or in mixtures in concentrations equal to ot greater than 0.1% by weight | <empty>",,[],,Brown,N,2009-12-22T00:00:00.000+0100,1
133,IV,Gold,Gold,,,7440-57-5,231-165-9,,32827 | 56471,,,,,<empty> | <empty> | <empty> | <empty> | <empty> | <empty> | <empty>,,[],,Brown,N,2009-12-22T00:00:00.000+0100,1
134,IV,Iron oxide,Iron oxide,,,1345-25-1,215-721-8,,32828 | 81404,,,,,"<empty> | <empty> | <empty> | <empty> | <empty> | <empty> | <empty> | as a constituent of other substances, or in mixtures, in concentrations equal to, or greater than 0.1% by weight | <empty> | <empty> | <empty> | <empty> | <empty> | <empty> | <empty> | <empty> | Shall not be placed on the market, or used, as substance or in mixtures in concentrations equal to ot greater than 0.1% by weight",,[],,Orange,N,2009-12-22T00:00:00.000+0100,1
135,IV,Iron Oxide red,Iron Oxide red,,,1345-25-1; 1345-27-3; 1309-37-1; 1317-61-9; 52357-70-7,-; 215-722-3; 215-168-2; -; 257-870-1,,32829 | 81400 | 81401 | 81402 | 81403 | 81404,,,,,"<empty> | <empty> | <empty> | <empty> | <empty> | <empty> | <empty> | as a constituent of other substances, or in mixtures, in concentrations equal to, or greater than 0.1% by weight | <empty> | <empty> | <empty> | <empty> | <empty> | <empty> | <empty> | <empty> | Shall not be placed on the market, or used, as substance or in mixtures in concentrations equal to ot greater than 0.1% by weight | <empty> | <empty> | <empty> | <empty> | Shall not be used as propellant in aerosols for any use. Aerosols dispenser containing the substance as propellant shall not be placed on the market | <empty> | <empty> | <empty> | <empty> | <empty> | <empty> | <empty> | <empty> | <empty> | <empty> | <empty> | <empty> | <empty> | <empty> | <empty> | <empty> | <empty> | <empty> | <empty> | <empty> | <empty> | <empty> | <empty> | <empty> | <empty> | <empty> | <empty> | <empty> | <empty> | <empty> | <empty> | <empty> | <empty> | <empty>",,[],,Red,N,2009-12-22T00:00:00.000+0100,1
136,IV,Iron Oxide Yellow,Iron Oxide Yellow,,,51274-00-1,257-098-5,,32830 | 81402 | 81403 | 81405 | 81407,,,,,<empty> | <empty> | <empty> | <empty>,,[],,Yellow,N,2009-12-22T00:00:00.000+0100,1
137,IV,Iron Oxide Black,Iron Oxide Black,,,12227-89-3; 1309-37-1; 1317-61-9; 1345-25-1; 1345-27-3; 52357-70-7,235-442-5; 215-168-2; 215-277-5; 215-721-8; 215-722-3; 257-870-1,,32831,,,,,,,[],,Black,N,2009-12-22T00:00:00.000+0100,1
138,IV,Ferric Ammonium Ferrocyanide,Ferric Ammonium Ferrocyanide/Prussian blue/CI 77510,,,25869-00-5,237-875-5,,32832 | 81416 | 81417,,,,,"<empty> | <empty> | <empty> | <empty> | <empty> | <empty> | <empty> | as a constituent of other substances, or in mixtures, in concentrations equal to, or greater than 0.1% by weight | <empty> | <empty> | <empty> | <empty> | <empty> | <empty> | <empty> | <empty> | Shall not be placed on the market, or used, as substance or in mixtures in concentrations equal to ot greater than 0.1% by weight | <empty> | <empty> | <empty> | <empty> | Shall not be used as propellant in aerosols for any use. Aerosols dispenser containing the substance as propellant shall not be placed on the market | <empty> | <empty> | <empty> | <empty> | <empty> | <empty> | <empty> | <empty>",,[],,Blue,N,2009-12-22T00:00:00.000+0100,1
139,IV,Magnesium carbonate,Magnesium carbonate,,,546-93-0; 7757-69-9,208-915-9; 231-817-2,,32833 | 77618,,,,,"<empty> | <empty> | <empty> | <empty> | <empty> | <empty> | <empty> | as a constituent of other substances, or in mixtures, in concentrations equal to, or greater than 0.1% by weight | <empty> | <empty> | <empty> | <empty> | <empty> | <empty> | <empty> | <empty> | Shall not be placed on the market, or used, as substance or in mixtures in concentrations equal to ot greater than 0.1% by weight | <empty> | <empty> | <empty> | <empty> | Shall not be used as propellant in aerosols for any use. Aerosols dispenser containing the substance as propellant shall not be placed on the market | <empty> | <empty> | <empty> | <empty> | <empty>",,[],,White,N,2009-12-22T00:00:00.000+0100,1
140,IV,Ammonium manganese(3+) diphosphate,Ammonium manganese(3+) diphosphate,,,10101-66-3,233-257-4,,32834,,,,,"<empty> | <empty> | <empty> | <empty> | <empty> | <empty> | <empty> | as a constituent of other substances, or in mixtures, in concentrations equal to, or greater than 0.1% by weight | <empty> | <empty> | <empty> | <empty> | <empty> | <empty> | <empty> | <empty> | Shall not be placed on the market, or used, as substance or in mixtures in concentrations equal to ot greater than 0.1% by weight",,[],,Violet,N,2009-12-22T00:00:00.000+0100,1
141,IV,Trimanganese bis(orthophosphate),Trimanganese bis(orthophosphate),,,10124-54-6,233-341-0,,32835,,,,,"<empty> | <empty> | <empty> | <empty> | <empty> | <empty> | <empty> | as a constituent of other substances, or in mixtures, in concentrations equal to, or greater than 0.1% by weight | <empty> | <empty> | <empty> | <empty> | <empty> | <empty> | <empty> | <empty> | Shall not be placed on the market, or used, as substance or in mixtures in concentrations equal to ot greater than 0.1% by weight | <empty> | <empty> | <empty> | <empty> | Shall not be used as propellant in aerosols for any use. Aerosols dispenser containing the substance as propellant shall not be placed on the market | <empty> | <empty> | <empty>",,[],,Red,N,2009-12-22T00:00:00.000+0100,1
142,IV,Silver (powder) [100 nm < particle diameter < 1 mm],,,,7440-22-4,231-131-3,,32836,,,"For (a) and (b): 0,2 %’","(a) Lip products

(b) Eye shadow",,,[],,White,N,2026-01-13T00:00:00.000+0100,1
143,IV,Titanium Dioxide/CI 77891,Titanium Dioxide,,,13463-67-7,236-675-5,,,COLORANT,,,,"<empty> | <empty> | <empty> | <empty> | <empty> | <empty> | <empty> | as a constituent of other substances, or in mixtures, in concentrations equal to, or greater than 0.1% by weight | <empty> | <empty> | <empty> | <empty> | <empty> | <empty> | <empty> | <empty> | Shall not be placed on the market, or used, as substance or in mixtures in concentrations equal to ot greater than 0.1% by weight | <empty> | <empty> | <empty> | <empty> | Shall not be used as propellant in aerosols for any use. Aerosols dispenser containing the substance as propellant shall not be placed on the market | <empty> | <empty> | <empty> | <empty> | <empty> | <empty> | <empty> | <empty> | <empty> | <empty> | <empty> | <empty> | <empty> | <empty> | <empty> | <empty> | <empty> | <empty> | <empty> | <empty> | <empty> | <empty> | <empty> | <empty> | <empty> | <empty> | <empty> | <empty> | <empty> | <empty> | <empty> | <empty> | <empty> | <empty> | <empty> | <empty> | <empty> | <empty> | <empty> | <empty> | <empty> | <empty> | <empty> | <empty> | <empty>",,[],,White,N,2009-12-22T00:00:00.000+0100,1
144,IV,Zinc oxide,Zinc oxide,,,1314-13-2,215-222-5,,38968 | 98572,COLORANT,,,,"<empty> | <empty> | <empty> | <empty> | <empty> | <empty> | <empty> | as a constituent of other substances, or in mixtures, in concentrations equal to, or greater than 0.1% by weight | <empty> | <empty> | <empty> | <empty> | <empty> | <empty> | <empty> | <empty> | Shall not be placed on the market, or used, as substance or in mixtures in concentrations equal to ot greater than 0.1% by weight | <empty> | <empty> | <empty> | <empty> | Shall not be used as propellant in aerosols for any use. Aerosols dispenser containing the substance as propellant shall not be placed on the market | <empty> | <empty> | <empty> | <empty> | <empty> | <empty> | <empty> | <empty> | <empty> | <empty> | <empty> | <empty> | <empty> | <empty> | <empty> | <empty> | <empty> | <empty> | <empty> | <empty> | <empty> | <empty> | <empty> | <empty> | <empty> | <empty> | <empty> | <empty> | <empty> | <empty> | <empty> | <empty> | <empty> | <empty> | <empty> | <empty> | <empty> | <empty> | <empty> | <empty> | <empty> | <empty> | <empty> | <empty> | <empty>",,[],,White,N,2017-08-04T00:00:00.000+0200,1
145,IV,Riboflavin,"1-deoxy-1-(7,8-dimethyl-2,4-dioxo-3,4-dihydrobenzo[g]pteridin-10(2H)-yl)-D-ribitol",,,,201-507-1 / 204-988-6,,34829 | 37498,,,,,"<empty> | <empty> | <empty> | <empty> | <empty> | <empty> | <empty> | as a constituent of other substances, or in mixtures, in concentrations equal to, or greater than 0.1% by weight | <empty> | <empty> | <empty> | <empty> | <empty> | <empty> | <empty> | <empty>",,[],,Yellow,N,2009-12-22T00:00:00.000+0100,1
146,IV,Caramel,Caramel,,,,232-435-9,,32434,,,,,"<empty> | <empty> | <empty> | <empty> | <empty> | <empty> | <empty> | as a constituent of other substances, or in mixtures, in concentrations equal to, or greater than 0.1% by weight | <empty> | <empty> | <empty> | <empty> | <empty> | <empty> | <empty> | <empty> | Shall not be placed on the market, or used, as substance or in mixtures in concentrations equal to ot greater than 0.1% by weight | <empty> | <empty> | <empty> | <empty> | Shall not be used as propellant in aerosols for any use. Aerosols dispenser containing the substance as propellant shall not be placed on the market | <empty> | <empty> | <empty> | <empty> | <empty> | <empty>",,[],,Brown,N,2009-12-22T00:00:00.000+0100,1
147,IV,"Paprika extract, Capsanthin, capsorubin","Paprika extract, Capsanthin, capsorubin",,,,207-364-1 / 207-425-2,,32428,,,,,<empty> | <empty> | <empty> | <empty> | <empty> | <empty> | <empty>,,[],,Orange,N,2009-12-22T00:00:00.000+0100,1
148,IV,Beetroot red,Beetroot red,,,7659-95-2; 89957-88-0; 89957-89-1,231-628-5; 289-609-2; 289-610-8,,98571,,,,,"<empty> | <empty> | <empty> | <empty> | <empty> | <empty> | <empty> | as a constituent of other substances, or in mixtures, in concentrations equal to, or greater than 0.1% by weight | <empty> | <empty> | <empty> | <empty> | <empty> | <empty> | <empty> | <empty> | Shall not be placed on the market, or used, as substance or in mixtures in concentrations equal to ot greater than 0.1% by weight | <empty> | <empty> | <empty> | <empty> | Shall not be used as propellant in aerosols for any use. Aerosols dispenser containing the substance as propellant shall not be placed on the market | <empty> | <empty> | <empty>",,[],,Red,N,2009-12-22T00:00:00.000+0100,1
149,IV,"Anthocyanins (Cyanidin, Peonidin, Malvidin, Delphinidin, Petunidin, Pelargonidin)","3,5,7-trihydroxy-2-(4-hydroxy-3,5-dimethoxyphenyl)-1-benzopyrylium chloride",,,528-58-5 / 134-01-0 / 528-53-0 / 643-84-5 / 134-04-3,208-438-6 / 205-125-6 / 211-403-8 / 208-437-0 / - / 205-127-7,,31949,,,,,"<empty> | <empty> | <empty> | <empty> | <empty> | <empty> | <empty> | as a constituent of other substances, or in mixtures, in concentrations equal to, or greater than 0.1% by weight | <empty> | <empty> | <empty> | <empty> | <empty> | <empty> | <empty> | <empty> | Shall not be placed on the market, or used, as substance or in mixtures in concentrations equal to ot greater than 0.1% by weight | <empty> | <empty> | <empty> | <empty> | Shall not be used as propellant in aerosols for any use. Aerosols dispenser containing the substance as propellant shall not be placed on the market | <empty> | <empty> | <empty> | <empty> | <empty> | <empty> | <empty>",,[],,Red,N,2009-12-22T00:00:00.000+0100,1
150,IV,"Aluminium, zinc, magnesium and calcium stearates",,,,7047-84-9 / 557-05-1 /557-04-0 / 1592-23-0,230-325-5 / 209-151-9 / 209-150-3 / 216-472-8,,31810 | 32347 | 35120 | 38977,,,,,"<empty> | <empty> | <empty> | <empty> | <empty> | <empty> | <empty> | as a constituent of other substances, or in mixtures, in concentrations equal to, or greater than 0.1% by weight | <empty> | <empty> | <empty> | <empty> | <empty> | <empty> | <empty> | <empty> | Shall not be placed on the market, or used, as substance or in mixtures in concentrations equal to ot greater than 0.1% by weight | <empty> | <empty> | <empty> | <empty> | Shall not be used as propellant in aerosols for any use. Aerosols dispenser containing the substance as propellant shall not be placed on the market | <empty> | <empty> | <empty> | <empty> | <empty> | <empty> | <empty> | <empty> | <empty> | <empty> | <empty> | <empty> | <empty> | <empty> | <empty> | <empty> | <empty> | <empty> | <empty> | <empty> | <empty> | <empty> | <empty> | <empty> | <empty> | <empty> | <empty> | <empty> | <empty> | <empty> | <empty> | <empty> | <empty> | <empty> | <empty> | <empty> | <empty>",,[],,White,N,2009-12-22T00:00:00.000+0100,1
151,IV,"Phenol, 4,4'-(3H-2,1-benzoxathiol-3-ylidene)bis[2-bromo-3-methyl-6-(1-methylethyl)-, S,S-dioxide","Phenol, 4,4'-(3H-2,1-benzoxathiol-3-ylidene)bis[2-bromo-3-methyl-6-(1-methylethyl)-, S,S-dioxide",,,76-59-5,200-971-2,,32229,,,Rinse-off products,,"<empty> | <empty> | <empty> | <empty> | <empty> | <empty> | <empty> | as a constituent of other substances, or in mixtures, in concentrations equal to, or greater than 0.1% by weight | <empty> | <empty> | <empty> | <empty> | <empty> | <empty> | <empty> | <empty> | Shall not be placed on the market, or used, as substance or in mixtures in concentrations equal to ot greater than 0.1% by weight",,[],,Blue,N,2009-12-22T00:00:00.000+0100,1
152,IV,"Phenol, 4,4'-(3H-2,1-benzoxathiol-3-ylidene)bis[2,6-dibromo-3-methyl-,S,S-dioxide","Phenol, 4,4'-(3H-2,1-benzoxathiol-3-ylidene)bis[2,6-dibromo-3-methyl-,S,S-dioxide",,,76-60-8,200-972-8,,32228,,,Rinse-off products,,<empty> | <empty>,,[],,Green,N,2009-12-22T00:00:00.000+0100,1
153,IV,"Sodium 4-[(4,5-dihydro-3-methyl-5-oxo-1-phenyl-1H-pyrazol-4-yl)azo]-3-hydroxynaphthalene-1-sulphonate","Sodium 4-[(4,5-dihydro-3-methyl-5-oxo-1-phenyl-1H-pyrazol-4-yl)azo]-3-hydroxynaphthalene-1-sulphonate",,,12220-24-5,-,,31625,,,Not to be used in products applied on mucous membranes,,<empty> | <empty>,,[],,Red,N,2009-12-22T00:00:00.000+0100,1
