refNo,annexNo,inciName,chemicalName,innName,phEurName,casNo,ecNo,chemicalDescription,identifiedIngredient,functionName,cosmeticRestriction,maximumConcentration,productTypeBodyParts,otherRestrictions,otherRegulations,classificationInformation,note,colour,perfuming,publicationDate,currentVersion
2a,III,Thioglycolic acid and its salts,Thioglycolic acid and its salts,,,68-11-1,200-677-4,,31902 | 32352 | 33800 | 35124 | 37035 | 38102 | 38358 | 38587 | 82345,,,"(a) (i) 8%    (ii) 11% 

(b) 5% 

(c) 2%
 
(d) 11% The abovementioned percentages are calculated as thioglycollic acid","(a) Hair products

(b) Depilatories

(c) Hair rinse-off products 

(d) Products intended for eyelash waving","<empty> | <empty> | <empty> | <empty> | <empty> | <empty> | <empty> | as a constituent of other substances, or in mixtures, in concentrations equal to, or greater than 0.1% by weight | <empty> | <empty>",,[],,,N,2015-07-21T00:00:00.000+0200,1
2b,III,Thioglycolic acid esters,,,,,,,31719 | 33850 | 34112 | 34671 | 34707 | 35328,,,"(a) 8% 
(b) 11% 
The abovementioned percentages are calculated as thioglycollic acid",Hair waving or straightening products,"<empty> | <empty> | <empty> | <empty> | <empty> | <empty> | <empty> | as a constituent of other substances, or in mixtures, in concentrations equal to, or greater than 0.1% by weight | <empty> | <empty> | <empty> | <empty> | <empty> | <empty> | <empty> | <empty> | Shall not be placed on the market, or used, as substance or in mixtures in concentrations equal to ot greater than 0.1% by weight | <empty> | <empty> | <empty> | <empty> | Shall not be used as propellant in aerosols for any use. Aerosols dispenser containing the substance as propellant shall not be placed on the market | <empty> | <empty> | <empty> | <empty> | <empty> | <empty> | <empty> | <empty> | <empty> | <empty> | <empty> | <empty> | <empty> | <empty> | <empty> | <empty> | <empty> | <empty> | <empty> | <empty> | <empty> | <empty> | <empty> | <empty> | <empty> | <empty>",,[],,,N,2009-12-22T00:00:00.000+0100,1
3,III,"Oxalic acid, its esters and alkaline salts",,,,144-62-7,205-634-3,,33231 | 33280 | 33369 | 33377 | 33400 | 33482 | 33555 | 33558 | 35766 | 38007,,,5%,Hair products,"<empty> | <empty> | <empty> | <empty> | <empty> | <empty> | <empty> | as a constituent of other substances, or in mixtures, in concentrations equal to, or greater than 0.1% by weight | <empty> | <empty> | <empty> | <empty> | <empty> | <empty> | <empty> | <empty>",,[],,,N,2009-12-22T00:00:00.000+0100,1
4,III,Ammonia,,,,7664-41-7 / 1336-21-6,231-635-3 / 215-647-6,,31839 | 31870,,,6% (as NH3),,"<empty> | <empty> | <empty> | <empty> | <empty> | <empty> | <empty> | as a constituent of other substances, or in mixtures, in concentrations equal to, or greater than 0.1% by weight | <empty> | <empty> | <empty> | <empty> | <empty> | <empty> | <empty> | <empty> | Shall not be placed on the market, or used, as substance or in mixtures in concentrations equal to ot greater than 0.1% by weight | <empty> | <empty> | <empty> | <empty> | Shall not be used as propellant in aerosols for any use. Aerosols dispenser containing the substance as propellant shall not be placed on the market | <empty> | <empty> | <empty> | <empty> | <empty> | <empty> | <empty> | <empty> | <empty> | <empty> | <empty> | <empty> | <empty> | <empty> | <empty> | <empty> | <empty> | <empty> | <empty> | <empty> | <empty> | <empty> | <empty> | <empty> | <empty> | <empty> | <empty> | <empty> | <empty> | <empty> | <empty> | <empty> | <empty> | <empty> | <empty> | <empty> | <empty> | <empty> | <empty> | <empty> | <empty> | <empty> | <empty> | <empty> | <empty> | <empty>",,[],,,N,2009-12-22T00:00:00.000+0100,1
5,III,Tosylchloramide sodium (INN),"Benzenesulfonamide, N-chloro-4-methyl-, sodium salt (1:1)",tosylchloramide sodium,,127-65-1,204-854-7,,55258,,,0.2%,,<empty> | <empty> | <empty>,,[],,,N,2009-12-22T00:00:00.000+0100,1
6,III,Chlorates of alkali metals,,,,3811-04-9 / 7775-09-9,223-289-7 / 231-887-4,,36947 | 37812,,,"(a) 5%
(b) 3%","(a) Toothpaste
(b) Other products","<empty> | <empty> | <empty> | <empty> | <empty> | <empty> | <empty> | as a constituent of other substances, or in mixtures, in concentrations equal to, or greater than 0.1% by weight | <empty> | <empty> | <empty> | <empty> | <empty> | <empty> | <empty> | <empty> | Shall not be placed on the market, or used, as substance or in mixtures in concentrations equal to ot greater than 0.1% by weight | <empty> | <empty> | <empty> | <empty> | Shall not be used as propellant in aerosols for any use. Aerosols dispenser containing the substance as propellant shall not be placed on the market | <empty> | <empty> | <empty> | <empty> | <empty> | <empty> | <empty> | <empty> | <empty> | <empty> | <empty> | <empty> | <empty> | <empty>",,[],,,N,2009-12-22T00:00:00.000+0100,1
8,III,"N-substituted derivatives of p- Phenylenediamine and their salts; N- substituted derivatives of o-Phenylenediamine (1 ), with exception of those derivatives listed elsewhere in this Annex and under reference numbers 1309, 1311, and 1312 in Annex II",,,,,,,35561 | 35562 | 35563 | 57209 | 87457,,,"(a) General use
(b) Professional use 
For (a) and (b): After mixing under oxidative conditions the maximum concentration applied to hair must not exceed 3 % calculated as free base",Hair dye substance in oxidative hair dye products,"<empty> | <empty> | <empty> | <empty> | <empty> | <empty> | <empty> | as a constituent of other substances, or in mixtures, in concentrations equal to, or greater than 0.1% by weight | <empty> | <empty> | <empty> | <empty> | <empty> | <empty> | <empty> | <empty> | Shall not be placed on the market, or used, as substance or in mixtures in concentrations equal to ot greater than 0.1% by weight | <empty> | <empty> | <empty> | <empty> | Shall not be used as propellant in aerosols for any use. Aerosols dispenser containing the substance as propellant shall not be placed on the market | <empty> | <empty> | <empty> | <empty> | <empty> | <empty> | <empty> | <empty> | <empty> | <empty> | <empty> | <empty> | <empty> | <empty> | <empty> | <empty> | <empty> | <empty> | <empty> | <empty> | <empty> | <empty> | <empty> | <empty> | <empty> | <empty> | <empty> | <empty> | <empty> | <empty> | <empty> | <empty> | <empty> | <empty>",,[],,,N,2013-04-25T00:00:00.000+0200,2
8a,III,p-Phenylenediamine and its salts,p-Phenylenediamine; p-Phenylenediamine HCl; p-Phenylenediamine Sulphate,,,106-50-3 / 624-18-0 / 16245-77-5,203-404-7 / 210-834-9 / 240-357-1,,,,,,Hair dye substance in oxidative hair dye products,"<empty> | <empty> | <empty> | <empty> | <empty> | <empty> | <empty> | as a constituent of other substances, or in mixtures, in concentrations equal to, or greater than 0.1% by weight | <empty> | <empty> | <empty> | <empty> | <empty> | <empty> | <empty> | <empty> | Shall not be placed on the market, or used, as substance or in mixtures in concentrations equal to ot greater than 0.1% by weight | <empty> | <empty> | <empty> | <empty> | Shall not be used as propellant in aerosols for any use. Aerosols dispenser containing the substance as propellant shall not be placed on the market | <empty> | <empty> | <empty> | <empty> | <empty> | <empty> | <empty> | <empty> | <empty> | <empty> | <empty> | <empty> | <empty> | <empty> | <empty> | <empty> | <empty> | <empty> | <empty> | <empty> | <empty> | <empty> | <empty> | <empty> | <empty> | <empty> | <empty> | <empty> | <empty> | <empty> | <empty> | <empty> | <empty> | <empty> | <empty> | <empty> | <empty> | <empty> | <empty> | <empty> | <empty> | <empty> | <empty>",,[],,,N,2013-04-25T00:00:00.000+0200,1
8b,III,p- Phenylene-diamine and its salts,p- Phenylene-diamine and its salts,,,106-50-3 / 624-18-0 / 16245-77-5,203-404-7 / 210-834-9 / 240-357-1,,37250 | 37251,,,,Products intended for colouring eyelashes,"<empty> | <empty> | <empty> | <empty> | <empty> | <empty> | <empty> | as a constituent of other substances, or in mixtures, in concentrations equal to, or greater than 0.1% by weight | <empty> | <empty> | <empty> | <empty>",,[],,,N,2013-11-25T00:00:00.000+0100,1
8c,III,"Ethanol, 2,2′-[(2-nitro-1,4-phenylene)diimino]bis-(9CI)","Ethanol, 2,2′-[(2-nitro-1,4-phenylene)diimino]bis-(9CI)",,,84041-77-0;,281-856-4;,,35473,HAIR DYEING,,"(b) As from 3 September   2017: 1,5 %","(a) Hair dye substance in oxidative hair dye products  

(b) Hair dye substance in non-oxidative hair dye products","<empty> | <empty> | <empty> | <empty> | <empty> | <empty> | <empty> | as a constituent of other substances, or in mixtures, in concentrations equal to, or greater than 0.1% by weight | <empty> | <empty> | <empty> | <empty> | <empty> | <empty> | <empty> | <empty> | Shall not be placed on the market, or used, as substance or in mixtures in concentrations equal to ot greater than 0.1% by weight | <empty> | <empty> | <empty> | <empty> | Shall not be used as propellant in aerosols for any use. Aerosols dispenser containing the substance as propellant shall not be placed on the market | <empty> | <empty> | <empty> | <empty> | <empty> | <empty> | <empty> | <empty> | <empty> | <empty> | <empty> | <empty> | <empty> | <empty> | <empty> | <empty> | <empty> | <empty> | <empty> | <empty> | <empty> | <empty> | <empty> | <empty> | <empty> | <empty> | <empty> | <empty> | <empty> | <empty> | <empty> | <empty> | <empty> | <empty> | <empty> | <empty> | <empty> | <empty> | <empty> | <empty> | <empty> | <empty> | <empty> | <empty> | <empty>",,[],,,N,2009-12-22T00:00:00.000+0100,1
9,III,"Methylphenylenediamines, their N-substituted derivatives and their salts (1) with the exception of the substance under reference number 9a in this annex and substances under reference numbers 364, 1310 and 1313 in Annex II",,,,,,,54186,,,"(a) General use
(b) Professional use
For (a) and (b): After mixing under oxidative conditions the maximum concentration applied to hair must not exceed 5 % calculated as free base",Hair dye substance in oxidative hair dye products,"<empty> | <empty> | <empty> | <empty> | <empty> | <empty> | <empty> | as a constituent of other substances, or in mixtures, in concentrations equal to, or greater than 0.1% by weight | <empty> | <empty> | <empty> | <empty> | <empty> | <empty> | <empty> | <empty> | Shall not be placed on the market, or used, as substance or in mixtures in concentrations equal to ot greater than 0.1% by weight | <empty> | <empty> | <empty> | <empty> | Shall not be used as propellant in aerosols for any use. Aerosols dispenser containing the substance as propellant shall not be placed on the market | <empty> | <empty> | <empty> | <empty> | <empty> | <empty> | <empty> | <empty> | <empty> | <empty> | <empty> | <empty> | <empty> | <empty> | <empty> | <empty> | <empty> | <empty> | <empty> | <empty> | <empty> | <empty> | <empty> | <empty> | <empty> | <empty> | <empty> | <empty> | <empty> | <empty> | <empty> | <empty> | <empty> | <empty>",,[],,,N,2013-04-25T00:00:00.000+0200,2
9,III,"Methylphenylenediamines, their N- substituted derivatives and their salts (1), with the exception of the substance listed under reference numbers 9 a and 9 b of this Annex and the substances listed under reference numbers 364, 413, 1144, 1310, 1313 and 1507 of Annex II","Methylphenylenediamines, their N- substituted derivatives and their salts (1), with the exception of the substance listed under reference numbers 9 a and 9 b of this Annex and the substances listed under reference numbers 364, 413, 1144, 1310, 1313 and 1507 of Annex II",,,,,,,,,,Hair dye substance in oxidative hair dye products,"<empty> | <empty> | <empty> | <empty> | <empty> | <empty> | <empty> | as a constituent of other substances, or in mixtures, in concentrations equal to, or greater than 0.1% by weight | <empty> | <empty> | <empty> | <empty> | <empty> | <empty> | <empty> | <empty> | Shall not be placed on the market, or used, as substance or in mixtures in concentrations equal to ot greater than 0.1% by weight | <empty> | <empty> | <empty> | <empty> | Shall not be used as propellant in aerosols for any use. Aerosols dispenser containing the substance as propellant shall not be placed on the market | <empty> | <empty> | <empty> | <empty> | <empty> | <empty> | <empty> | <empty> | <empty> | <empty> | <empty> | <empty> | <empty> | <empty> | <empty> | <empty> | <empty> | <empty> | <empty> | <empty> | <empty> | <empty> | <empty> | <empty> | <empty> | <empty> | <empty> | <empty> | <empty> | <empty> | <empty> | <empty> | <empty> | <empty> | <empty> | <empty> | <empty> | <empty> | <empty> | <empty> | <empty> | <empty> | <empty> | <empty> | <empty>",,[],,,N,2009-12-22T00:00:00.000+0100,1
9a,III,"Toluene-2,5-diamine 
Toluene-2,5-diamine sulphate","1,4-Benzenediamine, 2-methyl-

2,5-Diaminotoluene sulphate",,,95-70-5 / 615-50-9,202-442-1 / 210-431-8,,38635 | 38636,,,,"(a) Products intended for colouring eyelashes

(b) Products intended for colouring eyelashes","<empty> | <empty> | <empty> | <empty> | <empty> | <empty> | <empty> | as a constituent of other substances, or in mixtures, in concentrations equal to, or greater than 0.1% by weight | <empty> | <empty> | <empty> | <empty> | <empty> | <empty> | <empty> | <empty> | Shall not be placed on the market, or used, as substance or in mixtures in concentrations equal to ot greater than 0.1% by weight | <empty> | <empty> | <empty> | <empty> | Shall not be used as propellant in aerosols for any use. Aerosols dispenser containing the substance as propellant shall not be placed on the market | <empty> | <empty> | <empty> | <empty> | <empty> | <empty> | <empty> | <empty> | <empty> | <empty> | <empty> | <empty> | <empty> | <empty> | <empty> | <empty> | <empty> | <empty> | <empty> | <empty> | <empty> | <empty> | <empty> | <empty> | <empty> | <empty> | <empty> | <empty> | <empty> | <empty> | <empty> | <empty> | <empty> | <empty>",,[],,,N,2013-11-25T00:00:00.000+0100,2
9b,III,"1-Methyl-2,6-bis-(2-hydroxyethylamino)-benzene","1-Methyl-2,6-bis-(2-hydroxyethylamino)-benzene",,,149330-25-6;,443-210-1;,,,HAIR DYEING,,,Hair dye substance in oxidative hair dye products,"<empty> | <empty> | <empty> | <empty> | <empty> | <empty> | <empty> | as a constituent of other substances, or in mixtures, in concentrations equal to, or greater than 0.1% by weight | <empty> | <empty> | <empty> | <empty> | <empty> | <empty> | <empty> | <empty> | Shall not be placed on the market, or used, as substance or in mixtures in concentrations equal to ot greater than 0.1% by weight | <empty> | <empty> | <empty> | <empty> | Shall not be used as propellant in aerosols for any use. Aerosols dispenser containing the substance as propellant shall not be placed on the market | <empty> | <empty> | <empty> | <empty> | <empty> | <empty> | <empty> | <empty> | <empty> | <empty> | <empty> | <empty> | <empty> | <empty> | <empty> | <empty> | <empty> | <empty> | <empty> | <empty> | <empty> | <empty> | <empty> | <empty> | <empty> | <empty> | <empty> | <empty> | <empty> | <empty> | <empty> | <empty> | <empty> | <empty> | <empty> | <empty> | <empty> | <empty> | <empty> | <empty> | <empty> | <empty> | <empty> | <empty> | <empty>",,[],,,N,2009-12-22T00:00:00.000+0100,1
10,III,Diaminophenols (1),,,,,,,,,,10% (as free base),Oxidising colouring agents for hair dyeing,"<empty> | <empty> | <empty> | <empty> | <empty> | <empty> | <empty> | as a constituent of other substances, or in mixtures, in concentrations equal to, or greater than 0.1% by weight | <empty> | <empty> | <empty> | <empty> | <empty> | <empty> | <empty> | <empty> | Shall not be placed on the market, or used, as substance or in mixtures in concentrations equal to ot greater than 0.1% by weight | <empty> | <empty> | <empty> | <empty> | Shall not be used as propellant in aerosols for any use. Aerosols dispenser containing the substance as propellant shall not be placed on the market | <empty> | <empty> | <empty> | <empty> | <empty> | <empty> | <empty> | <empty> | <empty> | <empty> | <empty> | <empty> | <empty> | <empty> | <empty> | <empty> | <empty> | <empty> | <empty> | <empty> | <empty> | <empty> | <empty> | <empty> | <empty> | <empty> | <empty> | <empty> | <empty> | <empty> | <empty> | <empty> | <empty> | <empty> | <empty> | <empty> | <empty> | <empty>",,[],III (1) These substances may be used singly or in combination provided that the sum of the ratios of the levels of each of them in the cosmetic product expressed with reference to the maximum level authorised for each of them does not exceed 1,,N,2009-12-22T00:00:00.000+0100,1
11,III,Dichlorophen,,dichlorophene,,97-23-4,202-567-1,,33262,,,0.5%,,"<empty> | <empty> | <empty> | <empty> | <empty> | <empty> | <empty> | as a constituent of other substances, or in mixtures, in concentrations equal to, or greater than 0.1% by weight | <empty> | <empty> | <empty> | <empty> | <empty> | <empty> | <empty> | <empty> | Shall not be placed on the market, or used, as substance or in mixtures in concentrations equal to ot greater than 0.1% by weight",,[],,,N,2009-12-22T00:00:00.000+0100,1
12,III,"Hydrogen peroxide and other compounds or mixtures that release hydrogen peroxide, including carbamide peroxide and zinc peroxide,  with the exception of  the following substances in Annex II: No 1397, 1398, 1399","Hydrogen peroxide and other compounds or mixtures that release hydrogen peroxide, including carbamide peroxide and zinc peroxide,  with the exception of  the following substances in Annex II: No 1397, 1398, 1399",,,7722-84-1,231-765-0,,32339 | 34325 | 35114 | 37795 | 38025 | 38356 | 38839 | 38972 | 58778,,,"(a) 12 % of H2O2 (40 volumes), present or released

(b) 4 % of H2O2, present or released

(c) 2 % of H2O2, present or released

(d) ≤ 0,1 % of H2O2, present or released

(e) > 0,1 % ≤ 6 % of H2O2, present or released

(f) 2 % of H2O2, present or released","(a) Hair products

(b) Skin products

(c) Nail hardening products

(d) Oral products, including mouth rinse, tooth paste and tooth whitening or bleaching products

(e) Tooth whitening or bleaching products

(f) Products intended for eyelashes","<empty> | <empty> | <empty> | <empty> | <empty> | <empty> | <empty> | as a constituent of other substances, or in mixtures, in concentrations equal to, or greater than 0.1% by weight | <empty> | <empty> | <empty> | <empty> | <empty> | <empty> | <empty> | <empty> | Shall not be placed on the market, or used, as substance or in mixtures in concentrations equal to ot greater than 0.1% by weight | <empty> | <empty> | <empty> | <empty> | Shall not be used as propellant in aerosols for any use. Aerosols dispenser containing the substance as propellant shall not be placed on the market | <empty> | <empty> | <empty> | <empty> | <empty> | <empty> | <empty> | <empty> | <empty> | <empty> | <empty> | <empty> | <empty> | <empty> | <empty> | <empty> | <empty> | <empty> | <empty> | <empty> | <empty> | <empty> | <empty> | <empty> | <empty> | <empty> | <empty> | <empty> | <empty> | <empty> | <empty> | <empty> | <empty> | <empty> | <empty> | <empty> | <empty> | <empty> | <empty> | <empty> | <empty> | <empty> | <empty>",,[],,,N,2019-05-23T00:00:00.000+0200,1
14,III,Hydroquinone,,,,123-31-9,204-617-8,,76687 | 87716,,,0.02% (after mixing for use),Artificial nail systems,"<empty> | <empty> | <empty> | <empty> | <empty> | <empty> | <empty> | as a constituent of other substances, or in mixtures, in concentrations equal to, or greater than 0.1% by weight | <empty> | <empty> | <empty> | <empty> | <empty> | <empty> | <empty> | <empty> | Shall not be placed on the market, or used, as substance or in mixtures in concentrations equal to ot greater than 0.1% by weight | <empty> | <empty> | <empty> | <empty> | Shall not be used as propellant in aerosols for any use. Aerosols dispenser containing the substance as propellant shall not be placed on the market | <empty> | <empty> | <empty> | <empty> | <empty> | <empty> | <empty> | <empty> | <empty> | <empty> | <empty> | <empty> | <empty> | <empty> | <empty> | <empty> | <empty> | <empty> | <empty> | <empty> | <empty> | <empty> | <empty> | <empty> | <empty> | <empty> | <empty> | <empty> | <empty> | <empty> | <empty> | <empty> | <empty> | <empty>",,"[[""2"",""Carcinogenic"",""""],[""2"",""Mutagenic"",""""]]",,,N,2013-04-25T00:00:00.000+0200,1
15a,III,Potassium or sodium hydroxide,,,,1310-58-3 / 1310-73-2,215-181-3 / 215-185-5,,36981 | 37890,,,"(a) 5%
(b) 2% (General use) and 4.5% (Professional use)
Entry 15d: 1,5%","(a) Nail cuticle solvent
(b) Hair straightener
(c) pH adjuster for depilatories
(d) Other uses as pH adjuster
Callosity softener/remover (entry 15d)",,,[],"III (5) The quantity of sodium, potassium or lithium hydroxide is expressed as weight of sodium hydroxide. In cases of mixtures, the sum should not exceed the limits given ""Maximum concentration in ready for use preparation""",,N,2016-04-22T00:00:00.000+0200,1
15b,III,Lithium hydroxide,,,,1310-65-2,215-183-4,,35038,,,"(a) 
1. 2% (6)
2. 4.5% (6)","(a) Hair straightener
(b) pH ajuster for depilatories
(c) Other uses as pH ajuster (for rinse-off products only)","<empty> | <empty> | <empty> | <empty> | <empty> | <empty> | <empty> | as a constituent of other substances, or in mixtures, in concentrations equal to, or greater than 0.1% by weight | <empty> | <empty> | <empty> | <empty> | <empty> | <empty> | <empty> | <empty> | Shall not be placed on the market, or used, as substance or in mixtures in concentrations equal to ot greater than 0.1% by weight | <empty> | <empty> | <empty> | <empty> | Shall not be used as propellant in aerosols for any use. Aerosols dispenser containing the substance as propellant shall not be placed on the market | <empty> | <empty> | <empty> | <empty> | <empty> | <empty> | <empty> | <empty> | <empty> | <empty> | <empty> | <empty> | <empty> | <empty> | <empty> | <empty> | <empty>",,[],"III (6) The concentration of sodium, potassium or lithium hydroxide is expressed as weight of sodium hydroxide. In case of mixtures, the sum should not exceed the limits given in the column ""Maximum concentration in ready for use preparation""",,N,2009-12-22T00:00:00.000+0100,1
15c,III,Calcium hydroxide,,,,1305-62-0,215-137-3,,32328,,,(a) 7% (as calcium hydroxide),"(a) Hair straighteners containing two components: calcium hydroxide and a guanidine salt
(b) pH ajuster for depilatories
(c) Other uses (e.g. pH adjuster, processing aid)","<empty> | <empty> | <empty> | <empty> | <empty> | <empty> | <empty> | as a constituent of other substances, or in mixtures, in concentrations equal to, or greater than 0.1% by weight | <empty> | <empty> | <empty> | <empty> | <empty> | <empty> | <empty> | <empty> | Shall not be placed on the market, or used, as substance or in mixtures in concentrations equal to ot greater than 0.1% by weight | <empty> | <empty> | <empty> | <empty> | Shall not be used as propellant in aerosols for any use. Aerosols dispenser containing the substance as propellant shall not be placed on the market | <empty> | <empty> | <empty> | <empty> | <empty> | <empty> | <empty> | <empty> | <empty> | <empty> | <empty> | <empty> | <empty> | <empty> | <empty> | <empty> | <empty> | <empty> | <empty> | <empty> | <empty> | <empty> | <empty> | <empty> | <empty> | <empty> | <empty> | <empty> | <empty> | <empty> | <empty> | <empty> | <empty> | <empty>",,[],,,N,2009-12-22T00:00:00.000+0100,1
16,III,1-Naphthol and its salts,,,,90-15-3,201-969-4,,31470 | 81112,,,,Hair dye substance in oxidative hair dye products,"<empty> | <empty> | <empty> | <empty> | <empty> | <empty> | <empty> | as a constituent of other substances, or in mixtures, in concentrations equal to, or greater than 0.1% by weight | <empty> | <empty> | <empty> | <empty> | <empty> | <empty> | <empty> | <empty> | Shall not be placed on the market, or used, as substance or in mixtures in concentrations equal to ot greater than 0.1% by weight | <empty> | <empty> | <empty> | <empty> | Shall not be used as propellant in aerosols for any use. Aerosols dispenser containing the substance as propellant shall not be placed on the market | <empty> | <empty> | <empty> | <empty> | <empty> | <empty> | <empty>",,[],,,N,2013-04-25T00:00:00.000+0200,1
16,III,1- Naphthalenol,1- Naphthalenol,,,90-15-3,201-969-4,,,,,,Hair dye substance in oxidative hair dye products,"<empty> | <empty> | <empty> | <empty> | <empty> | <empty> | <empty> | as a constituent of other substances, or in mixtures, in concentrations equal to, or greater than 0.1% by weight | <empty> | <empty> | <empty> | <empty> | <empty> | <empty> | <empty> | <empty> | Shall not be placed on the market, or used, as substance or in mixtures in concentrations equal to ot greater than 0.1% by weight | <empty> | <empty> | <empty> | <empty> | Shall not be used as propellant in aerosols for any use. Aerosols dispenser containing the substance as propellant shall not be placed on the market | <empty> | <empty> | <empty> | <empty> | <empty> | <empty> | <empty> | <empty> | <empty> | <empty> | <empty> | <empty> | <empty> | <empty> | <empty> | <empty> | <empty> | <empty> | <empty> | <empty> | <empty> | <empty> | <empty> | <empty> | <empty> | <empty> | <empty> | <empty> | <empty> | <empty> | <empty> | <empty> | <empty> | <empty> | <empty> | <empty> | <empty> | <empty> | <empty> | <empty> | <empty> | <empty> | <empty>",,[],,,N,2013-07-11T00:00:00.000+0200,1
17,III,Sodium nitrite,,,,7632-00-0,231-555-9,,37980,,,0.2%,Rust inhibitor,"<empty> | <empty> | <empty> | <empty> | <empty> | <empty> | <empty> | as a constituent of other substances, or in mixtures, in concentrations equal to, or greater than 0.1% by weight | <empty> | <empty> | <empty> | <empty> | <empty> | <empty> | <empty> | <empty> | Shall not be placed on the market, or used, as substance or in mixtures in concentrations equal to ot greater than 0.1% by weight | <empty> | <empty> | <empty> | <empty> | Shall not be used as propellant in aerosols for any use. Aerosols dispenser containing the substance as propellant shall not be placed on the market | <empty> | <empty> | <empty> | <empty> | <empty> | <empty> | <empty> | <empty> | <empty> | <empty> | <empty> | <empty> | <empty> | <empty> | <empty> | <empty> | <empty> | <empty> | <empty> | <empty> | <empty> | <empty> | <empty> | <empty> | <empty> | <empty> | <empty> | <empty> | <empty> | <empty> | <empty> | <empty> | <empty> | <empty>",,[],,,N,2009-12-22T00:00:00.000+0100,1
18,III,Nitromethane,,,,75-52-5,200-876-6,,35508,,,0.3%,Rust inhibitor,"<empty> | <empty> | <empty> | <empty> | <empty> | <empty> | <empty> | as a constituent of other substances, or in mixtures, in concentrations equal to, or greater than 0.1% by weight | <empty> | <empty> | <empty> | <empty> | <empty> | <empty> | <empty> | <empty> | Shall not be placed on the market, or used, as substance or in mixtures in concentrations equal to ot greater than 0.1% by weight | <empty> | <empty> | <empty> | <empty> | Shall not be used as propellant in aerosols for any use. Aerosols dispenser containing the substance as propellant shall not be placed on the market | <empty> | <empty> | <empty> | <empty> | <empty> | <empty> | <empty> | <empty> | <empty> | <empty> | <empty> | <empty> | <empty> | <empty> | <empty> | <empty> | <empty>",,[],,,N,2009-12-22T00:00:00.000+0100,1
19,III,Moved or deleted,,,,,,,,,,,,"<empty> | <empty> | <empty> | <empty> | <empty> | <empty> | <empty> | as a constituent of other substances, or in mixtures, in concentrations equal to, or greater than 0.1% by weight | <empty> | <empty> | <empty> | <empty> | <empty> | <empty> | <empty> | <empty> | Shall not be placed on the market, or used, as substance or in mixtures in concentrations equal to ot greater than 0.1% by weight | <empty> | <empty> | <empty> | <empty> | Shall not be used as propellant in aerosols for any use. Aerosols dispenser containing the substance as propellant shall not be placed on the market | <empty> | <empty> | <empty> | <empty> | <empty> | <empty> | <empty> | <empty> | <empty> | <empty> | <empty> | <empty> | <empty> | <empty> | <empty> | <empty> | <empty> | <empty> | <empty> | <empty> | <empty> | <empty> | <empty> | <empty> | <empty> | <empty> | <empty> | <empty> | <empty> | <empty> | <empty> | <empty> | <empty> | <empty>",,[],,,N,2009-12-22T00:00:00.000+0100,1
21,III,"Cinchonan-9-ol, 6'-methoxy-, (8.alpha.,9R)- its salts","(8S,9R)-6'-Methoxycinchonan-9-ol",Quinine [BAN],,130-95-0,205-003-2,,37459,,,"(a) 0.5% (as quinine base)
(b) 0.2% (as quinine base)","(a) Hair rinse-off products
(b) Hair leave-on products","<empty> | <empty> | <empty> | <empty> | <empty> | <empty> | <empty> | as a constituent of other substances, or in mixtures, in concentrations equal to, or greater than 0.1% by weight | <empty> | <empty> | <empty> | <empty> | <empty> | <empty> | <empty> | <empty> | Shall not be placed on the market, or used, as substance or in mixtures in concentrations equal to ot greater than 0.1% by weight | <empty> | <empty> | <empty> | <empty> | Shall not be used as propellant in aerosols for any use. Aerosols dispenser containing the substance as propellant shall not be placed on the market | <empty> | <empty> | <empty>",,[],,,N,2009-12-22T00:00:00.000+0100,1
22,III,"1,3-benzenediol","1,3-benzenediol",,,108-46-3,203-585-2,,79461,,,"(c) 0,5%","(a) Hair dye substance in oxidative hair dye products
(b) Products intended for colouring eyelashes
(c) Hair lotions and shampoos","<empty> | <empty> | <empty> | <empty> | <empty> | <empty> | <empty> | as a constituent of other substances, or in mixtures, in concentrations equal to, or greater than 0.1% by weight | <empty> | <empty> | <empty> | <empty> | <empty> | <empty> | <empty> | <empty> | Shall not be placed on the market, or used, as substance or in mixtures in concentrations equal to ot greater than 0.1% by weight | <empty> | <empty> | <empty> | <empty> | Shall not be used as propellant in aerosols for any use. Aerosols dispenser containing the substance as propellant shall not be placed on the market | <empty> | <empty> | <empty> | <empty> | <empty> | <empty> | <empty> | <empty> | <empty> | <empty> | <empty> | <empty> | <empty> | <empty> | <empty> | <empty> | <empty> | <empty> | <empty> | <empty> | <empty> | <empty> | <empty> | <empty> | <empty> | <empty> | <empty> | <empty> | <empty> | <empty> | <empty> | <empty> | <empty> | <empty> | <empty> | <empty> | <empty> | <empty> | <empty> | <empty> | <empty> | <empty> | <empty>",,[],,,N,2013-11-25T00:00:00.000+0100,1
23,III,"(a) Alkali sulphides 
(b) Alkaline earth sulphides",,,,,,,32060 | 32350 | 35043 | 35122 | 38094 | 38357 | 79736,,,"(a) 2% (as sulphur)
(b) 6% (as sulphur)","(a) Depilatories 
(b) Depilatories",<empty> | <empty> | <empty> | <empty> | <empty> | <empty> | <empty>,,[],,,N,2009-12-22T00:00:00.000+0100,1
24,III,Water-soluble zinc salts with the exception of zinc 4- hydroxy-benzene sulphonate (entry 25 of Annex III),"Water-soluble zinc salts with the exception of zinc 4- hydroxy-benzenesulphonate (entry 25) and zinc pyrithione (Annex II, entry 1670)",,,557-34-6/ 5970-45-6; 7646-85-7; 4468-02-4; 1949-15-1; 546-46-3; 7733-02-0/ 7446-19-7/ 7446-20-0,209-170-2/ -; 231-592-0; 224-736-9; -; 208-901-2; 231-793-3,,38949 | 38955 | 38961 | 38962 | 38978 | 34817 | 36924 | 38951 | 38952 | 38957 | 38960 | 38964 | 38970 | 38971 | 58023 | 59630 | 59732 | 60269 | 60270 | 60273 | 60274 | 60275 | 60301 | 60303 | 60305 | 60307 | 60308 | 80064 | 80748 | 80779 | 80783 | 88125,,,"(a) 1 % (as zinc)
(b) 0,72 % (as zinc)
(c) 0,1 % (as zinc)
(d) 1 % (as zinc)","(a) Toothpaste intended for users above 1 year of age
(b) Toothpaste intended for children between 6 months and 1 year of age
(c) Mouthwash intended for users above 6 years of age
(d) Other products",,,[],,,N,2026-04-28T00:00:00.000+0200,1
25,III,Zinc 4-hydroxybenzene sulphonate,,,,127-82-2,204-867-8,,38973,,,6% (as % of anhydrous substance),"Deodorants, antiperspirants and astringent lotions","<empty> | <empty> | <empty> | <empty> | <empty> | <empty> | <empty> | as a constituent of other substances, or in mixtures, in concentrations equal to, or greater than 0.1% by weight | <empty> | <empty> | <empty> | <empty>",,[],,,N,2009-12-22T00:00:00.000+0100,1
26,III,Ammonium monofluorophosphate,,,,20859-38-5 -- 66115-19-3,- -- -,,31884,,,"0,15 % calculated as F. 
When mixed with other fluorine compounds permitted under this Annex, total F concentration must not exceed 0,15 %",Oral products,"<empty> | <empty> | <empty> | <empty> | <empty> | <empty> | <empty> | as a constituent of other substances, or in mixtures, in concentrations equal to, or greater than 0.1% by weight | <empty> | <empty> | <empty> | <empty> | <empty> | <empty> | <empty> | <empty> | Shall not be placed on the market, or used, as substance or in mixtures in concentrations equal to ot greater than 0.1% by weight | <empty> | <empty> | <empty> | <empty> | Shall not be used as propellant in aerosols for any use. Aerosols dispenser containing the substance as propellant shall not be placed on the market | <empty> | <empty> | <empty> | <empty> | <empty> | <empty>",,[],,,N,2013-04-25T00:00:00.000+0200,1
27,III,Sodium monofluorophosphate,Disodium fluorophosphate,,,10163-15-2 --  7631-97-2,233-433-0 --  231-552-2,,37971,,,"0.15% calculated as F.
When mixed with other fluorine compounds permitted under this Annex, total F concentration must not exceed 0.15%",Oral products,"<empty> | <empty> | <empty> | <empty> | <empty> | <empty> | <empty> | as a constituent of other substances, or in mixtures, in concentrations equal to, or greater than 0.1% by weight | <empty> | <empty> | <empty> | <empty> | <empty> | <empty> | <empty> | <empty> | Shall not be placed on the market, or used, as substance or in mixtures in concentrations equal to ot greater than 0.1% by weight | <empty> | <empty> | <empty> | <empty> | Shall not be used as propellant in aerosols for any use. Aerosols dispenser containing the substance as propellant shall not be placed on the market | <empty> | <empty> | <empty> | <empty> | <empty> | <empty> | <empty> | <empty> | <empty> | <empty> | <empty> | <empty> | <empty> | <empty> | <empty> | <empty> | <empty> | <empty> | <empty> | <empty> | <empty> | <empty> | <empty> | <empty> | <empty> | <empty> | <empty> | <empty> | <empty> | <empty> | <empty> | <empty> | <empty> | <empty> | <empty> | <empty> | <empty> | <empty>",,[],,,N,2013-04-25T00:00:00.000+0200,2
28,III,Potassium monofluorophosphate,Dipotassium fluorophosphate,,,14104-28-0,237-957-0,,36998,,,"0.15% calculated as F.
When mixed with other fluorine compounds permitted under this Annex, total F concentration must not exceed 0.15%",Oral products,"<empty> | <empty> | <empty> | <empty> | <empty> | <empty> | <empty> | as a constituent of other substances, or in mixtures, in concentrations equal to, or greater than 0.1% by weight | <empty> | <empty> | <empty> | <empty> | <empty> | <empty> | <empty> | <empty> | Shall not be placed on the market, or used, as substance or in mixtures in concentrations equal to ot greater than 0.1% by weight | <empty> | <empty> | <empty> | <empty> | Shall not be used as propellant in aerosols for any use. Aerosols dispenser containing the substance as propellant shall not be placed on the market | <empty> | <empty> | <empty> | <empty> | <empty> | <empty> | <empty> | <empty> | <empty> | <empty> | <empty> | <empty> | <empty> | <empty> | <empty> | <empty> | <empty> | <empty> | <empty> | <empty> | <empty> | <empty> | <empty> | <empty> | <empty> | <empty> | <empty> | <empty> | <empty> | <empty> | <empty> | <empty> | <empty> | <empty> | <empty> | <empty> | <empty> | <empty>",,[],,,N,2013-04-25T00:00:00.000+0200,2
29,III,Calcium monofluorophosphate,Calcium fluorophosphate,,,7789-74-4,232-187-1,,32332,,,"0,15 % calculated as F. 
When mixed with other fluorine compounds permitted under this Annex, total F concentration must not exceed 0,15 %",Oral products,"<empty> | <empty> | <empty> | <empty> | <empty> | <empty> | <empty> | as a constituent of other substances, or in mixtures, in concentrations equal to, or greater than 0.1% by weight | <empty> | <empty> | <empty> | <empty> | <empty> | <empty> | <empty> | <empty> | Shall not be placed on the market, or used, as substance or in mixtures in concentrations equal to ot greater than 0.1% by weight | <empty> | <empty> | <empty> | <empty> | Shall not be used as propellant in aerosols for any use. Aerosols dispenser containing the substance as propellant shall not be placed on the market | <empty> | <empty> | <empty> | <empty> | <empty> | <empty> | <empty> | <empty> | <empty> | <empty> | <empty> | <empty> | <empty> | <empty> | <empty> | <empty> | <empty> | <empty> | <empty> | <empty> | <empty> | <empty> | <empty> | <empty> | <empty> | <empty> | <empty> | <empty> | <empty> | <empty> | <empty> | <empty> | <empty> | <empty> | <empty> | <empty> | <empty> | <empty>",,[],,,N,2013-04-25T00:00:00.000+0200,2
30,III,Calcium fluoride,,,,7789-75-5,232-188-7,,32323,,,"0.15% calculated as F.
When mixed with other fluorine compounds permitted under this Annex, total F concentration must not exceed 0.15%",Oral products,"<empty> | <empty> | <empty> | <empty> | <empty> | <empty> | <empty> | as a constituent of other substances, or in mixtures, in concentrations equal to, or greater than 0.1% by weight | <empty> | <empty> | <empty> | <empty> | <empty> | <empty> | <empty> | <empty> | Shall not be placed on the market, or used, as substance or in mixtures in concentrations equal to ot greater than 0.1% by weight | <empty> | <empty> | <empty> | <empty> | Shall not be used as propellant in aerosols for any use. Aerosols dispenser containing the substance as propellant shall not be placed on the market | <empty> | <empty> | <empty> | <empty> | <empty> | <empty> | <empty> | <empty> | <empty> | <empty> | <empty> | <empty> | <empty> | <empty> | <empty> | <empty> | <empty> | <empty> | <empty> | <empty> | <empty> | <empty> | <empty> | <empty> | <empty> | <empty> | <empty> | <empty> | <empty> | <empty> | <empty> | <empty> | <empty> | <empty> | <empty> | <empty> | <empty> | <empty>",,[],,,N,2013-04-25T00:00:00.000+0200,2
31,III,Sodium fluoride,,,,7681-49-4,231-667-8,,37869,,,"0,15 % calculated as F. 
When mixed with other fluorine compounds permitted under this Annex, total F concentration must not exceed 0,15 %",Oral products,"<empty> | <empty> | <empty> | <empty> | <empty> | <empty> | <empty> | as a constituent of other substances, or in mixtures, in concentrations equal to, or greater than 0.1% by weight | <empty> | <empty> | <empty> | <empty> | <empty> | <empty> | <empty> | <empty> | Shall not be placed on the market, or used, as substance or in mixtures in concentrations equal to ot greater than 0.1% by weight | <empty> | <empty> | <empty> | <empty> | Shall not be used as propellant in aerosols for any use. Aerosols dispenser containing the substance as propellant shall not be placed on the market | <empty> | <empty> | <empty> | <empty> | <empty> | <empty> | <empty> | <empty> | <empty> | <empty> | <empty> | <empty> | <empty> | <empty> | <empty> | <empty> | <empty> | <empty> | <empty> | <empty> | <empty> | <empty> | <empty> | <empty> | <empty> | <empty> | <empty> | <empty> | <empty> | <empty> | <empty> | <empty> | <empty> | <empty> | <empty> | <empty> | <empty> | <empty>",,[],,,N,2013-04-25T00:00:00.000+0200,2
32,III,Potassium fluoride,,,,7789-23-3,232-151-5,,36974,,,"0,15 % calculated as F. 
When mixed with other fluorine compounds permitted under this Annex, total F concentration must not exceed 0,15 %",Oral products,"<empty> | <empty> | <empty> | <empty> | <empty> | <empty> | <empty> | as a constituent of other substances, or in mixtures, in concentrations equal to, or greater than 0.1% by weight | <empty> | <empty> | <empty> | <empty> | <empty> | <empty> | <empty> | <empty> | Shall not be placed on the market, or used, as substance or in mixtures in concentrations equal to ot greater than 0.1% by weight | <empty> | <empty> | <empty> | <empty> | Shall not be used as propellant in aerosols for any use. Aerosols dispenser containing the substance as propellant shall not be placed on the market | <empty> | <empty> | <empty> | <empty> | <empty> | <empty> | <empty> | <empty> | <empty> | <empty> | <empty> | <empty> | <empty> | <empty> | <empty> | <empty> | <empty> | <empty> | <empty> | <empty> | <empty> | <empty> | <empty> | <empty> | <empty> | <empty> | <empty> | <empty> | <empty> | <empty> | <empty> | <empty> | <empty> | <empty>",,[],,,N,2013-04-25T00:00:00.000+0200,2
33,III,Ammonium fluoride,,,,12125-01-8,235-185-9,,31865,,,"0,15 % calculated as F. 
When mixed with other fluorine compounds permitted under this Annex, total F concentration must not exceed 0,15 %",Oral products,"<empty> | <empty> | <empty> | <empty> | <empty> | <empty> | <empty> | as a constituent of other substances, or in mixtures, in concentrations equal to, or greater than 0.1% by weight | <empty> | <empty> | <empty> | <empty> | <empty> | <empty> | <empty> | <empty> | Shall not be placed on the market, or used, as substance or in mixtures in concentrations equal to ot greater than 0.1% by weight | <empty> | <empty> | <empty> | <empty> | Shall not be used as propellant in aerosols for any use. Aerosols dispenser containing the substance as propellant shall not be placed on the market | <empty> | <empty> | <empty> | <empty> | <empty> | <empty> | <empty> | <empty> | <empty> | <empty> | <empty> | <empty> | <empty> | <empty> | <empty> | <empty> | <empty> | <empty> | <empty> | <empty> | <empty> | <empty> | <empty> | <empty> | <empty> | <empty> | <empty> | <empty> | <empty> | <empty> | <empty> | <empty> | <empty> | <empty>",,[],,,N,2013-04-25T00:00:00.000+0200,2
34,III,Aluminium fluoride,,,,7784-18-1,232-051-1,,31668,,,"0,15 % calculated as F. 
When mixed with other fluorine compounds permitted under this Annex, total F concentration must not exceed 0,15 %",Oral  products,"<empty> | <empty> | <empty> | <empty> | <empty> | <empty> | <empty> | as a constituent of other substances, or in mixtures, in concentrations equal to, or greater than 0.1% by weight | <empty> | <empty> | <empty> | <empty> | <empty> | <empty> | <empty> | <empty> | Shall not be placed on the market, or used, as substance or in mixtures in concentrations equal to ot greater than 0.1% by weight | <empty> | <empty> | <empty> | <empty> | Shall not be used as propellant in aerosols for any use. Aerosols dispenser containing the substance as propellant shall not be placed on the market | <empty> | <empty> | <empty> | <empty> | <empty> | <empty> | <empty> | <empty> | <empty> | <empty> | <empty> | <empty> | <empty> | <empty> | <empty> | <empty> | <empty> | <empty> | <empty> | <empty> | <empty> | <empty> | <empty> | <empty> | <empty> | <empty> | <empty> | <empty> | <empty> | <empty> | <empty> | <empty> | <empty> | <empty>",,[],,,N,2013-04-25T00:00:00.000+0200,2
35,III,Stannous Fluoride,Tin difluoride,,,7783-47-3,231-999-3,,38231,,,"0,15 % calculated as F. 
When mixed with other fluorine compounds permitted under this Annex, total F concentration must not exceed 0,15 %",Oral products,"<empty> | <empty> | <empty> | <empty> | <empty> | <empty> | <empty> | as a constituent of other substances, or in mixtures, in concentrations equal to, or greater than 0.1% by weight | <empty> | <empty> | <empty> | <empty> | <empty> | <empty> | <empty> | <empty> | Shall not be placed on the market, or used, as substance or in mixtures in concentrations equal to ot greater than 0.1% by weight | <empty> | <empty> | <empty> | <empty> | Shall not be used as propellant in aerosols for any use. Aerosols dispenser containing the substance as propellant shall not be placed on the market | <empty> | <empty> | <empty> | <empty> | <empty> | <empty> | <empty> | <empty> | <empty> | <empty> | <empty> | <empty> | <empty> | <empty> | <empty> | <empty> | <empty> | <empty> | <empty> | <empty> | <empty> | <empty> | <empty> | <empty> | <empty> | <empty> | <empty> | <empty> | <empty> | <empty> | <empty> | <empty> | <empty> | <empty> | <empty> | <empty> | <empty> | <empty>",,[],,,N,2013-04-25T00:00:00.000+0200,2
36,III,Cetylamine Hydrofluoride,Hexadecyl ammonium fluoride,hetaflur,,3151-59-5,221-588-7,,32622,,,"0,15 % calculated as F. 
When mixed with other fluorine compounds permitted under this Annex, total F concentration must not exceed 0,15 %",Oral products,"<empty> | <empty> | <empty> | <empty> | <empty> | <empty> | <empty> | as a constituent of other substances, or in mixtures, in concentrations equal to, or greater than 0.1% by weight | <empty> | <empty> | <empty> | <empty> | <empty> | <empty> | <empty> | <empty> | Shall not be placed on the market, or used, as substance or in mixtures in concentrations equal to ot greater than 0.1% by weight | <empty> | <empty> | <empty> | <empty> | Shall not be used as propellant in aerosols for any use. Aerosols dispenser containing the substance as propellant shall not be placed on the market | <empty> | <empty> | <empty> | <empty> | <empty> | <empty> | <empty> | <empty> | <empty> | <empty> | <empty> | <empty> | <empty> | <empty> | <empty> | <empty> | <empty> | <empty> | <empty> | <empty> | <empty> | <empty> | <empty> | <empty> | <empty> | <empty> | <empty> | <empty> | <empty> | <empty> | <empty> | <empty> | <empty> | <empty>",,[],,,N,2013-04-25T00:00:00.000+0200,2
37,III,3-(N-Hexadecyl-N-2-hydroxyethylammonio) propylbis (2-hydroxyethyl) ammonium difluoride,,,,-,-,,,,,"0,15 % calculated as F.
 When mixed with other fluorine compounds permitted under this Annex, total F concentration must not exceed 0,15 %",Oral  products,"<empty> | <empty> | <empty> | <empty> | <empty> | <empty> | <empty> | as a constituent of other substances, or in mixtures, in concentrations equal to, or greater than 0.1% by weight | <empty> | <empty> | <empty> | <empty> | <empty> | <empty> | <empty> | <empty> | Shall not be placed on the market, or used, as substance or in mixtures in concentrations equal to ot greater than 0.1% by weight | <empty> | <empty> | <empty> | <empty> | Shall not be used as propellant in aerosols for any use. Aerosols dispenser containing the substance as propellant shall not be placed on the market | <empty> | <empty> | <empty> | <empty> | <empty> | <empty> | <empty> | <empty> | <empty> | <empty> | <empty> | <empty> | <empty> | <empty> | <empty> | <empty> | <empty> | <empty> | <empty> | <empty> | <empty> | <empty> | <empty> | <empty> | <empty> | <empty> | <empty> | <empty> | <empty> | <empty> | <empty> | <empty> | <empty> | <empty>",,[],,,N,2013-04-25T00:00:00.000+0200,2
38,III,"N,N',N'-Tris(polyoxyethylene)-N-hexadecylpropylenediamine dihydrofluoride",,,,,,,,,,"0,15 % calculated as F. 
When mixed with other fluorine compounds permitted under this Annex, total F concentration must not exceed 0,15 %",Oral  products,"<empty> | <empty> | <empty> | <empty> | <empty> | <empty> | <empty> | as a constituent of other substances, or in mixtures, in concentrations equal to, or greater than 0.1% by weight | <empty> | <empty> | <empty> | <empty> | <empty> | <empty> | <empty> | <empty> | Shall not be placed on the market, or used, as substance or in mixtures in concentrations equal to ot greater than 0.1% by weight | <empty> | <empty> | <empty> | <empty> | Shall not be used as propellant in aerosols for any use. Aerosols dispenser containing the substance as propellant shall not be placed on the market | <empty> | <empty> | <empty> | <empty> | <empty> | <empty> | <empty> | <empty> | <empty> | <empty> | <empty> | <empty> | <empty> | <empty> | <empty> | <empty> | <empty> | <empty> | <empty> | <empty> | <empty> | <empty> | <empty> | <empty> | <empty> | <empty> | <empty> | <empty> | <empty> | <empty> | <empty> | <empty> | <empty> | <empty>",,[],,,N,2013-04-25T00:00:00.000+0200,2
39,III,Octadecenyl- Ammonium Fluoride,9-Octadecen-1-amine hydrofluoride,dectaflur,,36505-83-6,-,,35583,,,"0,15 % calculated as F. 
When mixed with other fluorine compounds permitted under this Annex, total F concentration must not exceed 0,15 %",Oral products,,,[],,,N,2013-04-25T00:00:00.000+0200,2
40,III,Sodium Fluorosilicate,Disodium hexafluorosilicate,,,16893-85-9,240-934-8,,37870,,,"0,15 % calculated as F. 
When mixed with other fluorine compounds permitted under this Annex, total F concentration must not exceed 0,15 %",Oral products,"<empty> | <empty> | <empty> | <empty> | <empty> | <empty> | <empty> | as a constituent of other substances, or in mixtures, in concentrations equal to, or greater than 0.1% by weight | <empty> | <empty> | <empty> | <empty> | <empty> | <empty> | <empty> | <empty> | Shall not be placed on the market, or used, as substance or in mixtures in concentrations equal to ot greater than 0.1% by weight | <empty> | <empty> | <empty> | <empty> | Shall not be used as propellant in aerosols for any use. Aerosols dispenser containing the substance as propellant shall not be placed on the market | <empty> | <empty> | <empty> | <empty> | <empty> | <empty> | <empty> | <empty> | <empty> | <empty> | <empty> | <empty> | <empty> | <empty> | <empty> | <empty> | <empty> | <empty> | <empty> | <empty> | <empty> | <empty> | <empty> | <empty> | <empty> | <empty> | <empty> | <empty> | <empty> | <empty> | <empty> | <empty> | <empty> | <empty> | <empty> | <empty> | <empty> | <empty>",,[],,,N,2013-04-25T00:00:00.000+0200,2
41,III,Potassium Fluorosilicate,Dipotassium hexafluorosilicate,,,16871-90-2,240-896-2,,36975,,,"0,15 % calculated as F. 
When mixed with other fluorine compounds permitted under this Annex, total F concentration must not exceed 0,15 %",Oral products,"<empty> | <empty> | <empty> | <empty> | <empty> | <empty> | <empty> | as a constituent of other substances, or in mixtures, in concentrations equal to, or greater than 0.1% by weight | <empty> | <empty> | <empty> | <empty> | <empty> | <empty> | <empty> | <empty> | Shall not be placed on the market, or used, as substance or in mixtures in concentrations equal to ot greater than 0.1% by weight | <empty> | <empty> | <empty> | <empty> | Shall not be used as propellant in aerosols for any use. Aerosols dispenser containing the substance as propellant shall not be placed on the market | <empty> | <empty> | <empty> | <empty> | <empty> | <empty> | <empty> | <empty> | <empty> | <empty> | <empty> | <empty> | <empty> | <empty> | <empty> | <empty> | <empty> | <empty> | <empty> | <empty> | <empty> | <empty> | <empty> | <empty> | <empty> | <empty> | <empty> | <empty> | <empty> | <empty> | <empty> | <empty> | <empty> | <empty> | <empty> | <empty> | <empty> | <empty>",,[],,,N,2013-04-25T00:00:00.000+0200,2
42,III,Ammonium fluorosilicate,Ammonium hexafluorosilicate,,,16919-19-0,240-968-3,,31866,,,"0.15% calculated as F.
When mixed with other fluorine compounds permitted under this Annex, total F concentration must not exceed 0.15%",Oral products,"<empty> | <empty> | <empty> | <empty> | <empty> | <empty> | <empty> | as a constituent of other substances, or in mixtures, in concentrations equal to, or greater than 0.1% by weight | <empty> | <empty> | <empty> | <empty> | <empty> | <empty> | <empty> | <empty> | Shall not be placed on the market, or used, as substance or in mixtures in concentrations equal to ot greater than 0.1% by weight | <empty> | <empty> | <empty> | <empty> | Shall not be used as propellant in aerosols for any use. Aerosols dispenser containing the substance as propellant shall not be placed on the market | <empty> | <empty> | <empty> | <empty> | <empty> | <empty> | <empty> | <empty> | <empty> | <empty> | <empty> | <empty> | <empty> | <empty> | <empty> | <empty> | <empty> | <empty> | <empty> | <empty> | <empty> | <empty> | <empty> | <empty> | <empty> | <empty> | <empty> | <empty> | <empty> | <empty> | <empty> | <empty> | <empty> | <empty> | <empty> | <empty> | <empty>",,[],,,N,2013-04-25T00:00:00.000+0200,2
43,III,Magnesium Fluorosilicate,Magnesium hexafluorosilicate,,,16949-65-8,241-022-2,,35092,,,"0,15 % calculated as F. 
When mixed with other fluorine compounds permitted under this Annex, total F concentration must not exceed 0,15 %",Oral products,"<empty> | <empty> | <empty> | <empty> | <empty> | <empty> | <empty> | as a constituent of other substances, or in mixtures, in concentrations equal to, or greater than 0.1% by weight | <empty> | <empty> | <empty> | <empty> | <empty> | <empty> | <empty> | <empty> | Shall not be placed on the market, or used, as substance or in mixtures in concentrations equal to ot greater than 0.1% by weight | <empty> | <empty> | <empty> | <empty> | Shall not be used as propellant in aerosols for any use. Aerosols dispenser containing the substance as propellant shall not be placed on the market | <empty> | <empty> | <empty> | <empty> | <empty> | <empty> | <empty> | <empty> | <empty> | <empty> | <empty> | <empty> | <empty> | <empty> | <empty> | <empty> | <empty> | <empty> | <empty> | <empty> | <empty> | <empty> | <empty> | <empty> | <empty> | <empty> | <empty> | <empty> | <empty> | <empty> | <empty> | <empty> | <empty> | <empty> | <empty> | <empty> | <empty>",,[],,,N,2013-04-25T00:00:00.000+0200,2
44,III,"1,3-Bis(hydroxymethyl)imidazolidine-2-thione",,,,15534-95-9,239-579-1,,33502,,,"(a) 2%
(b) 2%","(a) Hair products
(b) Nail products","<empty> | <empty> | <empty> | <empty> | <empty> | <empty> | <empty> | as a constituent of other substances, or in mixtures, in concentrations equal to, or greater than 0.1% by weight | <empty> | <empty> | <empty> | <empty> | <empty> | <empty> | <empty> | <empty> | Shall not be placed on the market, or used, as substance or in mixtures in concentrations equal to ot greater than 0.1% by weight | <empty> | <empty> | <empty> | <empty> | Shall not be used as propellant in aerosols for any use. Aerosols dispenser containing the substance as propellant shall not be placed on the market | <empty> | <empty> | <empty> | <empty> | <empty> | <empty> | <empty> | <empty> | <empty> | <empty> | <empty> | <empty> | <empty> | <empty> | <empty> | <empty> | <empty> | <empty> | <empty> | <empty> | <empty> | <empty> | <empty> | <empty> | <empty> | <empty> | <empty> | <empty> | <empty>",,[],,,N,2009-12-22T00:00:00.000+0100,1
45,III,Benzyl Alcohol,Benzyl Alcohol,,,100-51-6,202-859-9,,,,,,"(a) Solvent
(b) Fragrance/ aromatic compositions/ their raw materials",,,[],"III (45) For use as a preservative, see Annex V, No. 34",,N,2023-07-27T00:00:00.000+0200,1
46,III,6-Methylcoumarin,,,,92-48-8,202-158-8,,31542,,,0.003%,Oral products,,,[],,,N,2023-07-27T00:00:00.000+0200,1
47,III,Nicomethanol Hydrofluoride,3-Pyridinemethanol hydrofluoride,,,62756-44-9,-,,,,,"0,15 % calculated as F. 
When mixed with other fluorine compounds permitted under this Annex, total F concentration must not exceed 0,15 %",Oral products,"<empty> | <empty> | <empty> | <empty> | <empty> | <empty> | <empty> | as a constituent of other substances, or in mixtures, in concentrations equal to, or greater than 0.1% by weight | <empty> | <empty> | <empty> | <empty> | <empty> | <empty> | <empty> | <empty> | Shall not be placed on the market, or used, as substance or in mixtures in concentrations equal to ot greater than 0.1% by weight | <empty> | <empty> | <empty> | <empty> | Shall not be used as propellant in aerosols for any use. Aerosols dispenser containing the substance as propellant shall not be placed on the market | <empty> | <empty> | <empty> | <empty> | <empty> | <empty> | <empty> | <empty> | <empty> | <empty> | <empty> | <empty> | <empty> | <empty> | <empty> | <empty> | <empty> | <empty> | <empty> | <empty> | <empty> | <empty> | <empty> | <empty> | <empty> | <empty> | <empty> | <empty> | <empty> | <empty> | <empty> | <empty> | <empty> | <empty>",,[],,,N,2013-04-25T00:00:00.000+0200,2
48,III,Silver nitrate,,,,7761-88-8,231-853-9,,37706,,,4%,Only for colouring eyelashes and eyebrows,"<empty> | <empty> | <empty> | <empty> | <empty> | <empty> | <empty> | as a constituent of other substances, or in mixtures, in concentrations equal to, or greater than 0.1% by weight | <empty> | <empty> | <empty> | <empty>",,[],,,N,2009-12-22T00:00:00.000+0100,1
49,III,Selenium sulfide,,,,7488-56-4,231-303-8,,37650,,,1%,Antidandruff shampoos,"<empty> | <empty> | <empty> | <empty> | <empty> | <empty> | <empty> | as a constituent of other substances, or in mixtures, in concentrations equal to, or greater than 0.1% by weight | <empty> | <empty> | <empty> | <empty>",,[],,,N,2009-12-22T00:00:00.000+0100,1
50,III,Aluminium zirconium chloride hydroxide complexes AlxZr(OH)yClz and the aluminium zirconium chloride hydroxide glycine complexes,,,,,,,31815 | 31816 | 31817 | 31818 | 31819 | 31820 | 31821 | 31822 | 31823 | 31824,,,"20% (as anhydrous aluminium zirconium chloride hydroxide)
5.4% (as zirconium)",Anti-perspirants,"<empty> | <empty> | <empty> | <empty> | <empty> | <empty> | <empty> | as a constituent of other substances, or in mixtures, in concentrations equal to, or greater than 0.1% by weight | <empty> | <empty> | <empty> | <empty> | <empty> | <empty> | <empty> | <empty> | Shall not be placed on the market, or used, as substance or in mixtures in concentrations equal to ot greater than 0.1% by weight | <empty> | <empty> | <empty> | <empty> | Shall not be used as propellant in aerosols for any use. Aerosols dispenser containing the substance as propellant shall not be placed on the market | <empty> | <empty> | <empty> | <empty> | <empty> | <empty> | <empty> | <empty> | <empty> | <empty> | <empty> | <empty> | <empty> | <empty> | <empty> | <empty> | <empty>",,[],,,N,2009-12-22T00:00:00.000+0100,1
51,III,bis(8-hydroxyquinolinium) sulphate,bis(8-hydroxyquinolinium) sulphate,,,134-31-6,205-137-1,,35775,,,"(a) (0,3 % as base)

(b) (0,03 % as base)","(a) Stabilizer for hydrogen peroxide in rinse-off hair products

(b) Stabilizer for hydrogen peroxide in leave-on hair products","<empty> | <empty> | <empty> | <empty> | <empty> | <empty> | <empty> | as a constituent of other substances, or in mixtures, in concentrations equal to, or greater than 0.1% by weight | <empty> | <empty> | <empty> | <empty> | <empty> | <empty> | <empty> | <empty> | Shall not be placed on the market, or used, as substance or in mixtures in concentrations equal to ot greater than 0.1% by weight | <empty> | <empty> | <empty> | <empty> | Shall not be used as propellant in aerosols for any use. Aerosols dispenser containing the substance as propellant shall not be placed on the market | <empty> | <empty> | <empty> | <empty> | <empty> | <empty> | <empty> | <empty> | <empty> | <empty> | <empty> | <empty> | <empty> | <empty> | <empty> | <empty> | <empty> | <empty> | <empty> | <empty> | <empty> | <empty> | <empty> | <empty> | <empty> | <empty> | <empty> | <empty> | <empty> | <empty> | <empty> | <empty> | <empty> | <empty> | <empty> | <empty> | <empty> | <empty> | <empty> | <empty> | <empty> | <empty> | <empty> | <empty> | <empty>",,[],,,N,2019-12-13T00:00:00.000+0100,1
52,III,Methanol,,,,67-56-1,200-659-6,,35275,,,5% (as a % of ethanol and isopropyl alcohol),Denaturant for ethanol and isopropyl alcohol,"<empty> | <empty> | <empty> | <empty> | <empty> | <empty> | <empty> | as a constituent of other substances, or in mixtures, in concentrations equal to, or greater than 0.1% by weight | <empty> | <empty> | <empty> | <empty>",,[],,,N,2009-12-22T00:00:00.000+0100,1
53,III,(1-Hydroxyethylidene)diphosphonic acid and its salts,"Phosphonic acid, (1-hydroxyethylidene)bis-",Etidronic acid [USAN:INN:BAN],,2809-21-4,220-552-8,,33900 | 38566 | 38570 | 55904,,,"(a) 1.5% (as etidronic acid)
(b) 0.2% (as etidronic acid)","(a) Hair product
(b) Soap","<empty> | <empty> | <empty> | <empty> | <empty> | <empty> | <empty> | as a constituent of other substances, or in mixtures, in concentrations equal to, or greater than 0.1% by weight | <empty> | <empty> | <empty> | <empty> | <empty> | <empty> | <empty> | <empty> | Shall not be placed on the market, or used, as substance or in mixtures in concentrations equal to ot greater than 0.1% by weight | <empty> | <empty> | <empty> | <empty> | Shall not be used as propellant in aerosols for any use. Aerosols dispenser containing the substance as propellant shall not be placed on the market | <empty> | <empty> | <empty> | <empty> | <empty> | <empty> | <empty> | <empty> | <empty> | <empty> | <empty> | <empty> | <empty> | <empty> | <empty> | <empty> | <empty> | <empty> | <empty> | <empty> | <empty> | <empty> | <empty> | <empty> | <empty> | <empty> | <empty> | <empty> | <empty>",,[],,,N,2009-12-22T00:00:00.000+0100,1
54,III,1-Phenoxypropan-2-ol (8),,,,770-35-4,212-222-7,,36524,,,2%,"Rinse-off products 
Not to be used in oral products","<empty> | <empty> | <empty> | <empty> | <empty> | <empty> | <empty> | as a constituent of other substances, or in mixtures, in concentrations equal to, or greater than 0.1% by weight | <empty> | <empty> | <empty> | <empty> | <empty> | <empty> | <empty> | <empty> | Shall not be placed on the market, or used, as substance or in mixtures in concentrations equal to ot greater than 0.1% by weight | <empty> | <empty> | <empty> | <empty> | Shall not be used as propellant in aerosols for any use. Aerosols dispenser containing the substance as propellant shall not be placed on the market | <empty> | <empty> | <empty> | <empty> | <empty> | <empty> | <empty> | <empty> | <empty> | <empty> | <empty> | <empty> | <empty> | <empty> | <empty> | <empty> | <empty> | <empty> | <empty> | <empty> | <empty> | <empty> | <empty> | <empty> | <empty> | <empty> | <empty> | <empty> | <empty>",,[],"III (8) For use as a preservative, see Annex V, No. 43",,N,2009-12-22T00:00:00.000+0100,1
55,III,Moved or deleted,,,,,,,,,,,,"<empty> | <empty> | <empty> | <empty> | <empty> | <empty> | <empty> | as a constituent of other substances, or in mixtures, in concentrations equal to, or greater than 0.1% by weight | <empty> | <empty> | <empty> | <empty> | <empty> | <empty> | <empty> | <empty> | Shall not be placed on the market, or used, as substance or in mixtures in concentrations equal to ot greater than 0.1% by weight | <empty> | <empty> | <empty> | <empty> | Shall not be used as propellant in aerosols for any use. Aerosols dispenser containing the substance as propellant shall not be placed on the market | <empty> | <empty> | <empty> | <empty> | <empty> | <empty> | <empty> | <empty> | <empty> | <empty> | <empty> | <empty> | <empty> | <empty> | <empty> | <empty> | <empty> | <empty> | <empty> | <empty> | <empty> | <empty> | <empty> | <empty> | <empty> | <empty> | <empty> | <empty> | <empty> | <empty> | <empty> | <empty> | <empty> | <empty> | <empty> | <empty> | <empty> | <empty>",,[],,,N,2009-12-22T00:00:00.000+0100,1
56,III,Magnesium fluoride,,,,7783-40-6,231-995-1,,35091,,,"0,15 % calculated as F. 
When mixed with other fluorine compounds permitted under this Annex, total F concentration must not exceed 0,15 %",Oral products,"<empty> | <empty> | <empty> | <empty> | <empty> | <empty> | <empty> | as a constituent of other substances, or in mixtures, in concentrations equal to, or greater than 0.1% by weight | <empty> | <empty> | <empty> | <empty> | <empty> | <empty> | <empty> | <empty> | Shall not be placed on the market, or used, as substance or in mixtures in concentrations equal to ot greater than 0.1% by weight | <empty> | <empty> | <empty> | <empty> | Shall not be used as propellant in aerosols for any use. Aerosols dispenser containing the substance as propellant shall not be placed on the market | <empty> | <empty> | <empty> | <empty> | <empty> | <empty> | <empty> | <empty> | <empty> | <empty> | <empty> | <empty> | <empty> | <empty> | <empty> | <empty> | <empty> | <empty> | <empty> | <empty> | <empty> | <empty> | <empty> | <empty> | <empty> | <empty> | <empty> | <empty> | <empty> | <empty> | <empty> | <empty> | <empty> | <empty> | <empty> | <empty> | <empty> | <empty>",,[],,,N,2013-04-25T00:00:00.000+0200,2
57,III,Strontium chloride hexahydrate,,,,10476-85-4,233-971-6,,38354 | 58895,,,"(a) 3.5% (as strontium) 
When mixed with other permitted strontium products the total strontium content must not exceed 3.5%
(b) 2.1% (as strontium)
When mixed with other permitted strontium products the total strontium content must not exceed 2.1%","(a) Oral products
(b) Shampoo and face products",<empty> | <empty> | <empty>,,[],,,N,2009-12-22T00:00:00.000+0100,1
58,III,Strontium acetate hemihydrate,,,,543-94-2,208-854-8,,38353,,,"3.5% (as strontium)
When mixed with other permitted strontium products the total strontium content must not exceed 3.5%",Oral products,"<empty> | <empty> | <empty> | <empty> | <empty> | <empty> | <empty> | as a constituent of other substances, or in mixtures, in concentrations equal to, or greater than 0.1% by weight | <empty> | <empty> | <empty> | <empty> | <empty> | <empty> | <empty> | <empty> | Shall not be placed on the market, or used, as substance or in mixtures in concentrations equal to ot greater than 0.1% by weight | <empty> | <empty> | <empty> | <empty> | Shall not be used as propellant in aerosols for any use. Aerosols dispenser containing the substance as propellant shall not be placed on the market | <empty> | <empty> | <empty> | <empty> | <empty> | <empty>",,[],,,N,2009-12-22T00:00:00.000+0100,1
59,III,Talc: Hydrated magnesium silicate,,,,14807-96-6,238-877-9,,38438,,,,"(a) Powdery products intended to be used for children under 3 years of age
(b) Other products",,,[],,,N,2009-12-22T00:00:00.000+0100,1
60,III,Fatty acid dialkylamides and dialkanolamides,Fatty acid dialkylamides and dialkanolamides,,,,,,31426 | 31956 | 32040 | 32048 | 32095 | 32393 | 32624 | 32625 | 32918 | 34402 | 34717 | 34864 | 34875 | 34878 | 34996 | 35019 | 35370 | 35432 | 35649 | 35721 | 35788 | 35792 | 35797 | 37502 | 37664 | 38202 | 38242 | 38444 | 38457 | 38823 | 38903 | 55701 | 55702 | 55840 | 55917 | 56791 | 57416 | 57841 | 59251 | 82612 | 82613 | 82664 | 82824 | 91560 | 94232,,,Maximum secondary amine content: 0.5%,,,,[],,,N,2009-12-22T00:00:00.000+0100,1
61,III,"Monoalkylamines, monoalkanolamines and their salts",-,,,,,,31912 | 31913 | 32842 | 33796 | 33798 | 33799 | 33800 | 34403 | 34676 | 34677 | 34709 | 34710 | 34885 | 35179 | 35180 | 35181 | 35182 | 35184 | 35186 | 35188 | 35191 | 35192 | 35193 | 35377 | 35380 | 35663 | 36604 | 38209 | 38267 | 54612 | 54613 | 54615 | 54618 | 54619 | 54620 | 54621 | 54786 | 56881 | 57474 | 57758 | 57763 | 59734 | 74075 | 74367 | 74436 | 74442 | 74443 | 74444 | 74445 | 75249 | 75987 | 76975 | 76977 | 76978 | 77984 | 77988 | 77990 | 77991 | 78419 | 80238 | 80438 | 80569 | 57759 | 82846 | 83859,,,Maximum secondary amine content: 0.5%,,"<empty> | <empty> | <empty> | <empty> | <empty> | <empty> | <empty> | as a constituent of other substances, or in mixtures, in concentrations equal to, or greater than 0.1% by weight | <empty> | <empty> | <empty> | <empty> | <empty> | <empty> | <empty> | <empty> | Shall not be placed on the market, or used, as substance or in mixtures in concentrations equal to ot greater than 0.1% by weight | <empty> | <empty> | <empty> | <empty> | Shall not be used as propellant in aerosols for any use. Aerosols dispenser containing the substance as propellant shall not be placed on the market | <empty> | <empty> | <empty> | <empty> | <empty> | <empty> | <empty>",,[],,,N,2009-12-22T00:00:00.000+0100,1
62,III,"Trialkylamines, trialkanolamines and their salts",,,,-,-,,33220 | 33460 | 33462 | 33469 | 33473 | 33475 | 33480 | 33486 | 33489 | 33490 | 33493 | 33711 | 33712 | 34957 | 35127 | 35286 | 38127 | 38128 | 38412 | 38484 | 38485 | 38486 | 38487 | 38490 | 38492 | 38493 | 38495 | 38498 | 38499 | 38504 | 38510 | 38513 | 38514 | 38517 | 38519 | 38521 | 38526 | 38528 | 38529 | 38532 | 38533 | 38534 | 38535 | 38536 | 38537 | 38538 | 38614 | 38702 | 38722 | 38735 | 55977 | 58920 | 58921 | 58922 | 58925 | 59765 | 59766 | 60082 | 60083 | 60084 | 60118 | 60119 | 60120 | 60121 | 60122 | 60123 | 60124 | 60125 | 60126 | 60127 | 60130 | 60131 | 60132 | 60133 | 60134 | 60169 | 60170 | 60171 | 60172 | 75872 | 75874 | 75961 | 78518 | 78519 | 78520 | 78521 | 78522 | 80239 | 80240 | 80241 | 80242 | 80263 | 80264 | 80605 | 80606 | 80626 | 80627 | 80629 | 80632 | 80634 | 80637 | 80638 | 80639 | 80641 | 80642 | 80643 | 80644 | 80645 | 80647 | 80648 | 80663 | 80666 | 80668 | 80670 | 80671 | 80672 | 80673 | 80675 | 80679 | 80687 | 82544 | 85032 | 85199 | 86878 | 87498 | 33337 | 59735 | 75684 | 89070,,,(a) 2.5%,"(a) Leave-on products
(b) Rinse-off products",<empty>,,[],,,N,2009-12-22T00:00:00.000+0100,1
63,III,Strontium hydroxide,,,,18480-07-4,242-367-1,,38355,,,3.5% (as strontium),pH-adjuster for depilatories,"<empty> | <empty> | <empty> | <empty> | <empty> | <empty> | <empty> | as a constituent of other substances, or in mixtures, in concentrations equal to, or greater than 0.1% by weight | <empty> | <empty> | <empty> | <empty>",,[],,,N,2009-12-22T00:00:00.000+0100,1
64,III,Strontium peroxide,,,,1314-18-7,215-224-6,,38356,,,4.5% (as strontium),Rinse-off hair products,"<empty> | <empty> | <empty> | <empty> | <empty> | <empty> | <empty> | as a constituent of other substances, or in mixtures, in concentrations equal to, or greater than 0.1% by weight | <empty> | <empty> | <empty> | <empty> | <empty> | <empty> | <empty> | <empty> | Shall not be placed on the market, or used, as substance or in mixtures in concentrations equal to ot greater than 0.1% by weight | <empty> | <empty> | <empty> | <empty> | Shall not be used as propellant in aerosols for any use. Aerosols dispenser containing the substance as propellant shall not be placed on the market | <empty> | <empty> | <empty> | <empty> | <empty> | <empty> | <empty> | <empty> | <empty> | <empty> | <empty> | <empty> | <empty> | <empty> | <empty> | <empty> | <empty> | <empty> | <empty> | <empty> | <empty> | <empty> | <empty> | <empty> | <empty> | <empty> | <empty> | <empty> | <empty>",,[],,,N,2009-12-22T00:00:00.000+0100,1
65,III,"Benzalkonium chloride, bromide and saccharinate (9)",,,,91080-29-4 / 63449-41-2 / 68391-01-5 / 68424-85-1 / 85409-22-9 / 68989-01-5,293-522-5 / 264-151-6 / 269-919-4 / 270-325-2 / 287-089-1 / 273-545-7,,28801 | 32127 | 32129 | 32130 | 32509 | 32510 | 34401 | 38237 | 38456 | 32955,,,3% (as benzalkonium chloride),Rinse-off hair (head) products,<empty> | <empty> | <empty>,,[],"III (9) For use as a preservative, see Annex V, No. 54",,N,2009-12-22T00:00:00.000+0100,1
66,III,Polyacrylamides,,,,,,,31644 | 31645 | 31650 | 33045 | 33985 | 36687 | 36880 | 36882 | 38234 | 38362 | 54257 | 54258 | 54259 | 54260 | 54261 | 54263 | 54576 | 58234 | 58235 | 58237 | 58244 | 58249 | 58708 | 58714 | 58825 | 58832 | 58842 | 59025 | 79201 | 79202 | 79207 | 82554 | 84996 | 85388 | 85410 | 88821,,,,"(a) Body leave-on products
(b) Other products",<empty> | <empty> | <empty> | <empty> | <empty> | <empty> | <empty>,,[],,,N,2009-12-22T00:00:00.000+0100,1
67,III,2-Benzylideneheptanal,,,,122-40-7,204-541-5,,31923,,,,,<empty> | <empty> | <empty>,,[],,,N,2009-12-22T00:00:00.000+0100,1
69,III,Cinnamyl alcohol,,,,104-54-1,203-212-3,,32853,,,,,"<empty> | <empty> | <empty> | <empty> | <empty> | <empty> | <empty> | as a constituent of other substances, or in mixtures, in concentrations equal to, or greater than 0.1% by weight | <empty> | <empty> | <empty> | <empty> | <empty> | <empty> | <empty> | <empty> | Shall not be placed on the market, or used, as substance or in mixtures in concentrations equal to ot greater than 0.1% by weight | <empty> | <empty> | <empty>",,[],,,N,2009-12-22T00:00:00.000+0100,1
70,III,"3,7-Dimethyl-2,6-octadienal; (E)-3,7- dimethylocta-2,6- dienal; (Z)-3,7- dimethylocta-2,6- dienal","3,7-Dimethyl-2,6-octadienal",,,5392-40-5; 141-27-5; 106-26-3,226-394-6; 205-476-5; 203-379-2,,32857,,,"(a) 0,11 %
(b) 0,032 %
(c) 0,65 %
(d) 0,6 %
(e) 0,15 %
(f) 0,35 %
(g) 1,2 %
(h) 1,2 %
(i) 0,063 %","(a) Lip make-up products, lipstick, lip salves
(b) Deodorants and antiperspirants
(c) Eye products, face make-up and make-up remover
(d) Fragrance products (hydroalcoholic and non-hydroalcoholic, spray and non-spray)
(e) Leave-on skin products (except lip products, deodorants and antiperspirants, fragrance products, eye products, face make-up and make-up remover) and nail products
(f) Oral products
(g) Hair leave-on products
(h) Skin and hair rinse-off products
(i) Leave-on products for the anogenital area (baby wipes and intimate wipes)",,,[],,,N,2026-04-28T00:00:00.000+0200,1
71,III,"Phenol, 2-methoxy-4-(2-propenyl)-",,,,97-53-0,202-589-1,,33910,,,,,"<empty> | <empty> | <empty> | <empty> | <empty> | <empty> | <empty> | as a constituent of other substances, or in mixtures, in concentrations equal to, or greater than 0.1% by weight | <empty> | <empty> | <empty> | <empty> | <empty> | <empty> | <empty> | <empty> | Shall not be placed on the market, or used, as substance or in mixtures in concentrations equal to ot greater than 0.1% by weight | <empty> | <empty> | <empty> | <empty> | Shall not be used as propellant in aerosols for any use. Aerosols dispenser containing the substance as propellant shall not be placed on the market | <empty> | <empty> | <empty> | <empty> | <empty> | <empty> | <empty>",,[],,,N,2009-12-22T00:00:00.000+0100,1
72,III,Hydroxycitronellal,7-Hydroxycitronellal,,,107-75-5,203-518-7,,34491,,,"(b) 1,0 %","(a) Oral products
(b) Other products","<empty> | <empty> | <empty> | <empty> | <empty> | <empty> | <empty> | as a constituent of other substances, or in mixtures, in concentrations equal to, or greater than 0.1% by weight | <empty> | <empty> | <empty> | <empty> | <empty> | <empty> | <empty> | <empty> | Shall not be placed on the market, or used, as substance or in mixtures in concentrations equal to ot greater than 0.1% by weight | <empty> | <empty> | <empty> | <empty> | Shall not be used as propellant in aerosols for any use. Aerosols dispenser containing the substance as propellant shall not be placed on the market | <empty> | <empty> | <empty> | <empty> | <empty> | <empty> | <empty> | <empty> | <empty> | <empty> | <empty> | <empty> | <empty> | <empty> | <empty> | <empty> | <empty> | <empty> | <empty> | <empty> | <empty> | <empty> | <empty> | <empty> | <empty> | <empty> | <empty> | <empty> | <empty> | <empty> | <empty> | <empty> | <empty> | <empty> | <empty> | <empty> | <empty> | <empty> | <empty> | <empty> | <empty> | <empty> | <empty>",,[],,,N,2013-04-25T00:00:00.000+0200,2
73,III,"Phenol, 2-methoxy-4-(1-propenyl);
(E)-2-methoxy-4-(prop-1-enyl)phenol;(trans-Isoeugenol); 
(Z)-2-methoxy-4-(prop-1-enyl)phenol;(cis-Isoeugenol)","Phenol, 2-methoxy-4- (1-propenyl)",,,97-54-1; 5932-68-3; 5912-86-7,202-590-7; 227-678-2; 227-633-7,,34653,,,"b) 0,02 %","(a) Oral products
(b) Other products",,,[],,,N,2023-07-27T00:00:00.000+0200,2
74,III,2-Pentyl-3-phenylprop-2-en-1-ol,,,,101-85-9,202-982-8,,39033,,,,,"<empty> | <empty> | <empty> | <empty> | <empty> | <empty> | <empty> | as a constituent of other substances, or in mixtures, in concentrations equal to, or greater than 0.1% by weight | <empty>",,[],,,N,2009-12-22T00:00:00.000+0100,1
75,III,Benzyl salicylate,,,,118-58-1,204-262-9,,32159,,,"(a) 4 %
(b) 0,5 %
(c) 1,3 %
(d) 0,5 %
(e) 0,5 %
(f) 0,7 %
(g) 0,2 %
(h) 0,004 % 
(i) 0,91 %","(a) Fragrance products (hydroalcoholic and non-hydroalcoholic, spray and non-spray)
(b) Rinse-off skin and hair products (except shower gel/bath products)
(c) Shower gel/bath products
(d) Leave-on skin and hair products (non-spray/non-aerosol) (except body lotion)
(e) Leave-on hair products (spray/aerosol)
(f) Body lotion
(g) Face make-up and make-up remover products
(h) Oral products
(i) Deodorant products (spray/aerosol)",,,[],,,N,2026-04-28T00:00:00.000+0200,1
76,III,"2-Propenal, 3-phenyl-",,,,104-55-2,203-213-9,,32846,,,,,"<empty> | <empty> | <empty> | <empty> | <empty> | <empty> | <empty> | as a constituent of other substances, or in mixtures, in concentrations equal to, or greater than 0.1% by weight | <empty> | <empty> | <empty> | <empty> | <empty> | <empty> | <empty> | <empty> | Shall not be placed on the market, or used, as substance or in mixtures in concentrations equal to ot greater than 0.1% by weight | <empty> | <empty> | <empty> | <empty> | Shall not be used as propellant in aerosols for any use. Aerosols dispenser containing the substance as propellant shall not be placed on the market | <empty> | <empty> | <empty> | <empty> | <empty> | <empty> | <empty> | <empty> | <empty> | <empty> | <empty> | <empty>",,[],,,N,2009-12-22T00:00:00.000+0100,1
77,III,2H-1-Benzopyran-2-one,,,,91-64-5,202-086-7,,33057,,,,,"<empty> | <empty> | <empty> | <empty> | <empty> | <empty> | <empty> | as a constituent of other substances, or in mixtures, in concentrations equal to, or greater than 0.1% by weight | <empty> | <empty> | <empty> | <empty> | <empty> | <empty> | <empty> | <empty> | Shall not be placed on the market, or used, as substance or in mixtures in concentrations equal to ot greater than 0.1% by weight | <empty> | <empty> | <empty> | <empty> | Shall not be used as propellant in aerosols for any use. Aerosols dispenser containing the substance as propellant shall not be placed on the market | <empty> | <empty> | <empty> | <empty> | <empty> | <empty> | <empty> | <empty> | <empty> | <empty> | <empty> | <empty> | <empty> | <empty> | <empty> | <empty>",,[],,,N,2009-12-22T00:00:00.000+0100,1
78,III,"2,6-Octadien-1-ol, 3,7-dimethyl-, (2E)-",,,,106-24-1,203-377-1,,33991,,,,,"<empty> | <empty> | <empty> | <empty> | <empty> | <empty> | <empty> | as a constituent of other substances, or in mixtures, in concentrations equal to, or greater than 0.1% by weight | <empty> | <empty> | <empty> | <empty> | <empty> | <empty> | <empty> | <empty> | Shall not be placed on the market, or used, as substance or in mixtures in concentrations equal to ot greater than 0.1% by weight",,[],,,N,2009-12-22T00:00:00.000+0100,1
80,III,4-Methoxybenzyl alcohol,,,,105-13-5,203-273-6,,74308,,,,,"<empty> | <empty> | <empty> | <empty> | <empty> | <empty> | <empty> | as a constituent of other substances, or in mixtures, in concentrations equal to, or greater than 0.1% by weight | <empty> | <empty> | <empty> | <empty> | <empty> | <empty> | <empty> | <empty> | Shall not be placed on the market, or used, as substance or in mixtures in concentrations equal to ot greater than 0.1% by weight | <empty> | <empty> | <empty> | <empty> | Shall not be used as propellant in aerosols for any use. Aerosols dispenser containing the substance as propellant shall not be placed on the market | <empty> | <empty> | <empty> | <empty> | <empty>",,[],,,N,2009-12-22T00:00:00.000+0100,1
81,III,"2-Propenoic acid, 3-phenyl-, phenylmethyl ester",,,,103-41-3,203-109-3,,32155,,,,,"<empty> | <empty> | <empty> | <empty> | <empty> | <empty> | <empty> | as a constituent of other substances, or in mixtures, in concentrations equal to, or greater than 0.1% by weight | <empty> | <empty> | <empty> | <empty> | <empty> | <empty> | <empty> | <empty> | Shall not be placed on the market, or used, as substance or in mixtures in concentrations equal to ot greater than 0.1% by weight | <empty> | <empty> | <empty> | <empty> | Shall not be used as propellant in aerosols for any use. Aerosols dispenser containing the substance as propellant shall not be placed on the market | <empty> | <empty> | <empty> | <empty> | <empty> | <empty> | <empty> | <empty> | <empty> | <empty> | <empty> | <empty> | <empty> | <empty> | <empty> | <empty> | <empty> | <empty> | <empty> | <empty> | <empty> | <empty> | <empty> | <empty> | <empty>",,[],,,N,2009-12-22T00:00:00.000+0100,1
82,III,"2,6,10-Dodecatrien-1-ol, 3,7,11-trimethyl-",,,,4602-84-0,225-004-1,,33921,,,,,"<empty> | <empty> | <empty> | <empty> | <empty> | <empty> | <empty> | as a constituent of other substances, or in mixtures, in concentrations equal to, or greater than 0.1% by weight | <empty> | <empty> | <empty> | <empty>",,[],,,N,2009-12-22T00:00:00.000+0100,1
84,III,"1,6-Octadien-3-ol, 3,7-dimethyl-","3,7-dimethyl-1,6-octadien-3-ol",,,78-70-6,201-134-4,,35016 | 41007 | 41008,,,,,<empty> | <empty>,,[],,,N,2009-12-22T00:00:00.000+0100,1
85,III,Benzyl benzoate,,,,120-51-4,204-402-9,,32154,,,,,"<empty> | <empty> | <empty> | <empty> | <empty> | <empty> | <empty> | as a constituent of other substances, or in mixtures, in concentrations equal to, or greater than 0.1% by weight | <empty> | <empty> | <empty> | <empty> | <empty> | <empty> | <empty> | <empty> | Shall not be placed on the market, or used, as substance or in mixtures in concentrations equal to ot greater than 0.1% by weight | <empty> | <empty> | <empty> | <empty> | Shall not be used as propellant in aerosols for any use. Aerosols dispenser containing the substance as propellant shall not be placed on the market | <empty> | <empty> | <empty> | <empty> | <empty> | <empty> | <empty> | <empty> | <empty> | <empty> | <empty> | <empty> | <empty> | <empty> | <empty> | <empty> | <empty>",,[],,,N,2009-12-22T00:00:00.000+0100,1
86,III,"Citronellol/ (±) 3,7-Dimethyl-6-octen-1-ol;
(3R)-3,7-dimethyloct-6-en-1-ol;
(3S)-3,7-dimethyloct-6-en-1-ol;",,,,106-22-9/ 26489-01-0; 1117-61-9; 7540-51-4,203-375-0/ 247-737-6; 214-250-5; 231-415-7,,32861,,,,,,,[],,,N,2023-07-27T00:00:00.000+0200,1
87,III,2-Benzylideneoctanal,,,,101-86-0,202-983-3,,40233,,,,,"<empty> | <empty> | <empty> | <empty> | <empty> | <empty> | <empty> | as a constituent of other substances, or in mixtures, in concentrations equal to, or greater than 0.1% by weight | <empty> | <empty> | <empty> | <empty> | <empty> | <empty> | <empty> | <empty> | Shall not be placed on the market, or used, as substance or in mixtures in concentrations equal to ot greater than 0.1% by weight | <empty> | <empty> | <empty> | <empty> | Shall not be used as propellant in aerosols for any use. Aerosols dispenser containing the substance as propellant shall not be placed on the market | <empty> | <empty> | <empty> | <empty> | <empty> | <empty> | <empty> | <empty>",,[],,,N,2009-12-22T00:00:00.000+0100,1
88,III,"1-methyl-4-prop- 1-en-2-yl- cyclohexene; dl-limonene (racemic); Dipentene
(R)-p- mentha-1,8-diene; (d-limonene);
(S)-p- mentha-1,8-diene; (l-limonene);",d-Limonene(4R)-1- Methyl-4-(1-methylethenyl) cyclohexene,,,138-86-3/ 7705-14-8; 5989-27-5; 5989-54-8,205-341-0/ 231-732-0; 227-813-5; 227-815-6,,40731 | 57187,,,,,,,[],,,N,2023-07-27T00:00:00.000+0200,2
89,III,Methyl 2-Octynoate,Methyl Oct-2-ynoate; Methyl heptine carbonate,,,111-12-6,203-836-6,,40692,,,"(b) 0.01% when used alone
When present in combination with methyl octine carbonate, the combined level in the finished product shall not exceed 0,01 % (of which methyl octine carbonate shall not be more than 0,002 %)","(a) Oral products
(b) Other products","<empty> | <empty> | <empty> | <empty> | <empty> | <empty> | <empty> | as a constituent of other substances, or in mixtures, in concentrations equal to, or greater than 0.1% by weight | <empty> | <empty> | <empty> | <empty> | <empty> | <empty> | <empty> | <empty> | Shall not be placed on the market, or used, as substance or in mixtures in concentrations equal to ot greater than 0.1% by weight | <empty> | <empty> | <empty> | <empty> | Shall not be used as propellant in aerosols for any use. Aerosols dispenser containing the substance as propellant shall not be placed on the market | <empty> | <empty> | <empty> | <empty> | <empty> | <empty> | <empty> | <empty> | <empty> | <empty> | <empty> | <empty> | <empty> | <empty> | <empty> | <empty> | <empty> | <empty> | <empty> | <empty> | <empty> | <empty> | <empty> | <empty> | <empty> | <empty> | <empty> | <empty> | <empty> | <empty> | <empty> | <empty> | <empty> | <empty>",,[],,,N,2013-04-25T00:00:00.000+0200,2
90,III,"3-Methyl-4-(2,6,6-trimethyl-2-cyclohexen-1-yl)-3-buten-2-one",,,,127-51-5,204-846-3,,39665,,,,,"<empty> | <empty> | <empty> | <empty> | <empty> | <empty> | <empty> | as a constituent of other substances, or in mixtures, in concentrations equal to, or greater than 0.1% by weight | <empty> | <empty> | <empty> | <empty> | <empty> | <empty> | <empty> | <empty> | Shall not be placed on the market, or used, as substance or in mixtures in concentrations equal to ot greater than 0.1% by weight | <empty> | <empty> | <empty> | <empty> | Shall not be used as propellant in aerosols for any use. Aerosols dispenser containing the substance as propellant shall not be placed on the market | <empty> | <empty> | <empty> | <empty> | <empty> | <empty> | <empty> | <empty> | <empty> | <empty> | <empty> | <empty> | <empty> | <empty> | <empty> | <empty> | <empty> | <empty> | <empty> | <empty> | <empty> | <empty> | <empty> | <empty> | <empty> | <empty> | <empty> | <empty> | <empty> | <empty> | <empty> | <empty>",,[],,,N,2009-12-22T00:00:00.000+0100,1
91,III,Oak moss extract,,,,90028-68-5,289-861-3,,33916 | 39974,,,,,<empty> | <empty> | <empty> | <empty>,,[],,,N,2009-12-22T00:00:00.000+0100,1
92,III,Treemoss extract,,,,90028-67-4,289-860-8,,39973 | 41536,,,,,"<empty> | <empty> | <empty> | <empty> | <empty> | <empty> | <empty> | as a constituent of other substances, or in mixtures, in concentrations equal to, or greater than 0.1% by weight | <empty> | <empty> | <empty> | <empty> | <empty> | <empty> | <empty> | <empty> | Shall not be placed on the market, or used, as substance or in mixtures in concentrations equal to ot greater than 0.1% by weight | <empty> | <empty> | <empty> | <empty> | Shall not be used as propellant in aerosols for any use. Aerosols dispenser containing the substance as propellant shall not be placed on the market | <empty> | <empty> | <empty> | <empty> | <empty> | <empty> | <empty>",,[],,,N,2009-12-22T00:00:00.000+0100,1
93,III,"2,4-Pyrimidinediamine, 3-oxide",,,,74638-76-9,-,,33207,,,1.5%,Hair products,"<empty> | <empty> | <empty> | <empty> | <empty> | <empty> | <empty> | as a constituent of other substances, or in mixtures, in concentrations equal to, or greater than 0.1% by weight | <empty> | <empty> | <empty> | <empty> | <empty> | <empty> | <empty> | <empty> | Shall not be placed on the market, or used, as substance or in mixtures in concentrations equal to ot greater than 0.1% by weight | <empty> | <empty> | <empty> | <empty> | Shall not be used as propellant in aerosols for any use. Aerosols dispenser containing the substance as propellant shall not be placed on the market | <empty> | <empty> | <empty> | <empty>",,[],,,N,2009-12-22T00:00:00.000+0100,1
94,III,Dibenzoyl peroxide,,,,94-36-0,202-327-6,,41528,,,0.7% (after mixing for use),Artificial nail systems,"<empty> | <empty> | <empty> | <empty> | <empty> | <empty> | <empty> | as a constituent of other substances, or in mixtures, in concentrations equal to, or greater than 0.1% by weight | <empty> | <empty> | <empty> | <empty> | <empty> | <empty> | <empty> | <empty> | Shall not be placed on the market, or used, as substance or in mixtures in concentrations equal to ot greater than 0.1% by weight | <empty> | <empty> | <empty> | <empty> | Shall not be used as propellant in aerosols for any use. Aerosols dispenser containing the substance as propellant shall not be placed on the market | <empty> | <empty> | <empty> | <empty>",,[],,,N,2009-12-22T00:00:00.000+0100,1
95,III,Hydroquinone methylether / Mequinol,4-methoxyphenol,mequinol,,150-76-5,205-769-8,,41529,,,0.02% (after mixing for use),Artificial nail systems,"<empty> | <empty> | <empty> | <empty> | <empty> | <empty> | <empty> | as a constituent of other substances, or in mixtures, in concentrations equal to, or greater than 0.1% by weight | <empty> | <empty> | <empty> | <empty> | <empty> | <empty> | <empty> | <empty> | Shall not be placed on the market, or used, as substance or in mixtures in concentrations equal to ot greater than 0.1% by weight",,[],,,N,2009-12-22T00:00:00.000+0100,1
96,III,"5-tert-Butyl-2,4,6-trinitro-m-xylene","5-tert-butyl-2,4,6-trinitro-m-xylene",,,81-15-2,201-329-4,,56999,,,"(a) 1.0% in fine fragrance
(b) 0.4% in eau de toilette
(c) 0.03% in other products","All cosmetic products, with the exception of oral products

Note: 'Due to environmental concerns, musk xylene is included in the authorisation list (Annex IV) of REACH. Musk xylene cannot be placed on the market or used unless authorisation has been granted under REACH’","<empty> | <empty> | <empty> | <empty> | <empty> | <empty> | <empty> | as a constituent of other substances, or in mixtures, in concentrations equal to, or greater than 0.1% by weight | <empty> | <empty> | <empty> | <empty> | <empty> | <empty> | <empty>",(EC) 2008/1272,"[[""2"",""Carcinogenic"",""""]]",,,N,2009-12-22T00:00:00.000+0100,1
97,III,"4'-tert-Butyl-2',6'-dimethyl-3',5'-dinitroacetophenone","4'-tert-Butyl-2',6'-dimethyl-3',5'-dinitroacetophenone",,,81-14-1,201-328-9,,35408,,,"(a) 1.4% in fine fragrance
(b) 0.56% in eau de toilette
(c) 0.042% in other products","All cosmetic products, with the exception of oral care products","<empty> | <empty> | <empty> | <empty> | <empty> | <empty> | <empty> | as a constituent of other substances, or in mixtures, in concentrations equal to, or greater than 0.1% by weight | <empty> | <empty> | <empty> | <empty> | <empty> | <empty> | <empty> | <empty> | Shall not be placed on the market, or used, as substance or in mixtures in concentrations equal to ot greater than 0.1% by weight | <empty> | <empty> | <empty> | <empty> | Shall not be used as propellant in aerosols for any use. Aerosols dispenser containing the substance as propellant shall not be placed on the market | <empty> | <empty> | <empty> | <empty> | <empty> | <empty> | <empty> | <empty> | <empty> | <empty> | <empty> | <empty> | <empty> | <empty> | <empty>",(EC) 2009/790,"[[""2"",""Carcinogenic"",""""]]",,,N,2009-12-22T00:00:00.000+0100,1
98,III,"Benzoic acid, 2-hydroxy-",2-hydroxy benzoic acid,,,69-72-7,200-712-3,,28121 | 37595,,,"(a) 3.0%

(b) 2.0%

(c) 0.5%","(a) Rinse-off hair products

(b) Other products except body lotion, eye shadow, mascara, eyeliner, lipstick, roll-on deodorant

(c) Body lotion, eye shadow, mascara, eyeliner, lipstick, roll-on deodorant",,,"[[""2"",""Reprotoxic"",""""]]",,,N,2021-05-28T00:00:00.000+0200,1
99,III,Inorganic sulfites and bisulfites (12),,,,,,,28804 | 31847 | 31900 | 36994 | 37031 | 37740 | 37956 | 38095,,,"(a) 0.67% (as free SO2)
(b) 6.7% (as free SO2)
(c) 0.45% (as free SO2)
(d) 0.40% (as free SO2)","(a) Oxidative hair dye products
(b) Hair straightening products
(c) Self-tanning products for the face
(d) Other self-tanning products","<empty> | <empty> | <empty> | <empty> | <empty> | <empty> | <empty> | as a constituent of other substances, or in mixtures, in concentrations equal to, or greater than 0.1% by weight | <empty> | <empty> | <empty> | <empty> | <empty> | <empty> | <empty> | <empty>",,[],"III (12) For use as a preservative, see Annex V, No. 9",,N,2009-12-22T00:00:00.000+0100,1
100,III,"1-(4-Chlorophenyl)-3-(3,4-dichlorophenyl)urea (13)",,,,101-20-2,202-924-1,,30970 | 38662,,,1.5%,Rinse-off products,"<empty> | <empty> | <empty> | <empty> | <empty> | <empty> | <empty> | as a constituent of other substances, or in mixtures, in concentrations equal to, or greater than 0.1% by weight | <empty> | <empty> | <empty> | <empty> | <empty> | <empty> | <empty> | <empty> | Shall not be placed on the market, or used, as substance or in mixtures in concentrations equal to ot greater than 0.1% by weight | <empty> | <empty> | <empty> | <empty> | Shall not be used as propellant in aerosols for any use. Aerosols dispenser containing the substance as propellant shall not be placed on the market | <empty> | <empty> | <empty> | <empty> | <empty> | <empty> | <empty> | <empty> | <empty> | <empty> | <empty> | <empty> | <empty> | <empty> | <empty> | <empty> | <empty> | <empty> | <empty> | <empty> | <empty> | <empty> | <empty> | <empty> | <empty> | <empty> | <empty> | <empty> | <empty> | <empty> | <empty> | <empty> | <empty> | <empty>",,[],"III (13) For use as a preservative, see Annex V, No. 23",,N,2009-12-22T00:00:00.000+0100,1
102,III,"1,2-Dimethoxy-4-(2-propenyl)-benzene",,,,93-15-2,202-223-0,,35289,,,"(a) 0.01%
(b) 0.004%
(c) 0.002%
(d) 0.0002%
(e) 0.001%","(a) Fine fragrance
(b) Eau de toilette
(c) Fragrance cream
(d) Other leave-on products and oral products
(e) Rinse-off products","<empty> | <empty> | <empty> | <empty> | <empty> | <empty> | <empty> | as a constituent of other substances, or in mixtures, in concentrations equal to, or greater than 0.1% by weight | <empty> | <empty> | <empty> | <empty> | <empty> | <empty> | <empty> | <empty> | Shall not be placed on the market, or used, as substance or in mixtures in concentrations equal to ot greater than 0.1% by weight | <empty> | <empty> | <empty> | <empty> | Shall not be used as propellant in aerosols for any use. Aerosols dispenser containing the substance as propellant shall not be placed on the market | <empty> | <empty> | <empty> | <empty> | <empty> | <empty> | <empty> | <empty> | <empty> | <empty> | <empty> | <empty> | <empty> | <empty> | <empty> | <empty> | <empty> | <empty> | <empty> | <empty> | <empty> | <empty> | <empty> | <empty> | <empty> | <empty> | <empty> | <empty> | <empty> | <empty> | <empty> | <empty> | <empty> | <empty> | <empty> | <empty> | <empty> | <empty>",,[],,,N,2009-12-22T00:00:00.000+0100,3
103,III,Abies alba oil and extract,,,,90028-76-5,289-870-2,,41319 | 41320 | 41321 | 41322 | 54228 | 54229,,,,,"<empty> | <empty> | <empty> | <empty> | <empty> | <empty> | <empty> | as a constituent of other substances, or in mixtures, in concentrations equal to, or greater than 0.1% by weight | <empty> | <empty> | <empty> | <empty> | <empty> | <empty> | <empty> | <empty> | Shall not be placed on the market, or used, as substance or in mixtures in concentrations equal to ot greater than 0.1% by weight",,[],,,N,2013-04-25T00:00:00.000+0200,2
105,III,Abies pectinata oil and extract,,,,92128-34-2,295-728-0,,31549 | 41325 | 41326 | 82186,,,,,"<empty> | <empty> | <empty> | <empty> | <empty> | <empty> | <empty> | as a constituent of other substances, or in mixtures, in concentrations equal to, or greater than 0.1% by weight | <empty> | <empty> | <empty> | <empty> | <empty> | <empty> | <empty> | <empty>",,[],,,N,2013-04-25T00:00:00.000+0200,2
106,III,Abies sibirica oil and extract,,,,91697-89-1,294-351-9,,31550 | 41327 | 41328,,,,,"<empty> | <empty> | <empty> | <empty> | <empty> | <empty> | <empty> | as a constituent of other substances, or in mixtures, in concentrations equal to, or greater than 0.1% by weight | <empty> | <empty> | <empty> | <empty> | <empty> | <empty> | <empty> | <empty> | Shall not be placed on the market, or used, as substance or in mixtures in concentrations equal to ot greater than 0.1% by weight | <empty>",,[],,,N,2012-04-01T00:00:00.000+0200,2
107,III,Abies balsamea oil and extract,,,,85085-34-3,285-364-0,,38993 | 41323 | 54230 | 74133 | 74134,,,,,"<empty> | <empty> | <empty> | <empty> | <empty> | <empty> | <empty> | as a constituent of other substances, or in mixtures, in concentrations equal to, or greater than 0.1% by weight | <empty> | <empty> | <empty> | <empty> | <empty> | <empty> | <empty> | <empty> | Shall not be placed on the market, or used, as substance or in mixtures in concentrations equal to ot greater than 0.1% by weight | <empty>",,[],,,N,2013-04-25T00:00:00.000+0200,2
108,III,Pinus mugo pumilio oil and extract,,,,90082-73-8,290-164-1,,41474 | 41475,,,,,,,[],,,N,2013-04-25T00:00:00.000+0200,2
109,III,Pinus mugo leaf and twig oil and extract,,,,90082-72-7,290-163-6,,41473 | 41476 | 83260,,,,,,,[],,,N,2023-07-27T00:00:00.000+0200,2
110,III,Pinus sylvestris oil and extract,,,,84012-35-1,281-679-2,,36599 | 41487 | 41488 | 59496 | 59497 | 59498 | 59499 | 79924 | 82219,,,,,"<empty> | <empty> | <empty> | <empty> | <empty> | <empty> | <empty> | as a constituent of other substances, or in mixtures, in concentrations equal to, or greater than 0.1% by weight | <empty> | <empty> | <empty> | <empty> | <empty> | <empty> | <empty> | <empty> | Shall not be placed on the market, or used, as substance or in mixtures in concentrations equal to ot greater than 0.1% by weight | <empty> | <empty> | <empty> | <empty> | Shall not be used as propellant in aerosols for any use. Aerosols dispenser containing the substance as propellant shall not be placed on the market | <empty> | <empty> | <empty> | <empty> | <empty> | <empty> | <empty> | <empty> | <empty> | <empty> | <empty> | <empty> | <empty> | <empty> | <empty> | <empty> | <empty> | <empty> | <empty> | <empty> | <empty> | <empty> | <empty> | <empty> | <empty> | <empty>",,[],,,N,2013-04-25T00:00:00.000+0200,2
111,III,Pinus nigra oil and extract,,,,90082-74-9,290-165-7,,41477 | 41478 | 85286,,,,,"<empty> | <empty> | <empty> | <empty> | <empty> | <empty> | <empty> | as a constituent of other substances, or in mixtures, in concentrations equal to, or greater than 0.1% by weight | <empty> | <empty> | <empty> | <empty> | <empty> | <empty> | <empty> | <empty> | Shall not be placed on the market, or used, as substance or in mixtures in concentrations equal to ot greater than 0.1% by weight | <empty> | <empty> | <empty> | <empty> | Shall not be used as propellant in aerosols for any use. Aerosols dispenser containing the substance as propellant shall not be placed on the market | <empty> | <empty> | <empty> | <empty> | <empty> | <empty> | <empty> | <empty> | <empty> | <empty> | <empty> | <empty> | <empty> | <empty> | <empty> | <empty> | <empty> | <empty> | <empty> | <empty> | <empty> | <empty> | <empty> | <empty> | <empty> | <empty> | <empty> | <empty>",,[],,,N,2013-04-25T00:00:00.000+0200,2
112,III,Pinus palustris oil and extract,,,,97435-14-8 --  8002-09-3,306-895-7,,36587 | 41479 | 41480 | 79918,,,,,"<empty> | <empty> | <empty> | <empty> | <empty> | <empty> | <empty> | as a constituent of other substances, or in mixtures, in concentrations equal to, or greater than 0.1% by weight | <empty>",,[],,,N,2013-04-25T00:00:00.000+0200,2
113,III,Pinus pinaster oil and extract,,,,90082-75-0,290-166-2,,41481 | 41482,,,,,"<empty> | <empty> | <empty> | <empty> | <empty> | <empty> | <empty> | as a constituent of other substances, or in mixtures, in concentrations equal to, or greater than 0.1% by weight | <empty> | <empty> | <empty> | <empty> | <empty> | <empty> | <empty> | <empty> | Shall not be placed on the market, or used, as substance or in mixtures in concentrations equal to ot greater than 0.1% by weight | <empty> | <empty> | <empty> | <empty> | Shall not be used as propellant in aerosols for any use. Aerosols dispenser containing the substance as propellant shall not be placed on the market | <empty> | <empty> | <empty> | <empty> | <empty> | <empty> | <empty> | <empty> | <empty> | <empty> | <empty> | <empty> | <empty> | <empty> | <empty> | <empty> | <empty> | <empty> | <empty> | <empty> | <empty> | <empty> | <empty> | <empty> | <empty> | <empty> | <empty> | <empty>",,[],,,N,2013-04-25T00:00:00.000+0200,2
114,III,Pinus pumila leaf and twig oil and extract,,,,97676-05-6,307-681-6,,41483 | 41484,,,,,,,[],,,N,2023-07-27T00:00:00.000+0200,2
115,III,Pinus species oil and extract,,,,94266-48-5,304-455-9,,41485 | 41486 | 59494 | 59495 | 83158,,,,,"<empty> | <empty> | <empty> | <empty> | <empty> | <empty> | <empty> | as a constituent of other substances, or in mixtures, in concentrations equal to, or greater than 0.1% by weight | <empty> | <empty> | <empty> | <empty> | <empty> | <empty> | <empty> | <empty> | Shall not be placed on the market, or used, as substance or in mixtures in concentrations equal to ot greater than 0.1% by weight | <empty> | <empty> | <empty> | <empty> | Shall not be used as propellant in aerosols for any use. Aerosols dispenser containing the substance as propellant shall not be placed on the market | <empty> | <empty> | <empty> | <empty> | <empty> | <empty> | <empty> | <empty> | <empty> | <empty> | <empty> | <empty> | <empty> | <empty> | <empty> | <empty> | <empty> | <empty> | <empty> | <empty> | <empty> | <empty> | <empty> | <empty> | <empty> | <empty> | <empty> | <empty> | <empty> | <empty> | <empty> | <empty> | <empty> | <empty>",,[],,,N,2013-04-25T00:00:00.000+0200,2
116,III,Pinus cembra oil and extract,,,,92202-04-5,296-036-1,,41470 | 41471,,,,,"<empty> | <empty> | <empty> | <empty> | <empty> | <empty> | <empty> | as a constituent of other substances, or in mixtures, in concentrations equal to, or greater than 0.1% by weight | <empty> | <empty> | <empty> | <empty> | <empty> | <empty> | <empty> | <empty> | Shall not be placed on the market, or used, as substance or in mixtures in concentrations equal to ot greater than 0.1% by weight | <empty> | <empty> | <empty> | <empty> | Shall not be used as propellant in aerosols for any use. Aerosols dispenser containing the substance as propellant shall not be placed on the market | <empty> | <empty> | <empty> | <empty> | <empty> | <empty> | <empty> | <empty> | <empty> | <empty> | <empty> | <empty> | <empty> | <empty> | <empty> | <empty> | <empty> | <empty> | <empty> | <empty> | <empty> | <empty> | <empty> | <empty> | <empty> | <empty> | <empty> | <empty> | <empty> | <empty> | <empty> | <empty> | <empty> | <empty>",,[],,,N,2013-04-25T00:00:00.000+0200,2
117,III,Pinus cembra extract acetylated,,,,94334-26-6,305-102-1,,41469,,,,,"<empty> | <empty> | <empty> | <empty> | <empty> | <empty> | <empty> | as a constituent of other substances, or in mixtures, in concentrations equal to, or greater than 0.1% by weight | <empty> | <empty> | <empty> | <empty> | <empty> | <empty> | <empty> | <empty> | Shall not be placed on the market, or used, as substance or in mixtures in concentrations equal to ot greater than 0.1% by weight | <empty> | <empty> | <empty> | <empty> | Shall not be used as propellant in aerosols for any use. Aerosols dispenser containing the substance as propellant shall not be placed on the market | <empty> | <empty> | <empty> | <empty> | <empty> | <empty> | <empty> | <empty> | <empty> | <empty> | <empty> | <empty> | <empty> | <empty> | <empty> | <empty> | <empty> | <empty> | <empty> | <empty> | <empty> | <empty> | <empty> | <empty> | <empty> | <empty> | <empty> | <empty> | <empty> | <empty> | <empty> | <empty> | <empty> | <empty>",,[],,,N,2013-04-25T00:00:00.000+0200,2
118,III,Picea Mariana Oil and Extract,,,,91722-19-9,294-420-3,,79808 | 82448,,,,,"<empty> | <empty> | <empty> | <empty> | <empty> | <empty> | <empty> | as a constituent of other substances, or in mixtures, in concentrations equal to, or greater than 0.1% by weight | <empty> | <empty> | <empty> | <empty> | <empty> | <empty> | <empty> | <empty> | Shall not be placed on the market, or used, as substance or in mixtures in concentrations equal to ot greater than 0.1% by weight | <empty> | <empty> | <empty> | <empty> | Shall not be used as propellant in aerosols for any use. Aerosols dispenser containing the substance as propellant shall not be placed on the market | <empty> | <empty> | <empty> | <empty> | <empty> | <empty> | <empty> | <empty> | <empty> | <empty> | <empty> | <empty> | <empty> | <empty> | <empty> | <empty> | <empty> | <empty> | <empty> | <empty> | <empty> | <empty> | <empty> | <empty> | <empty> | <empty> | <empty> | <empty> | <empty> | <empty> | <empty> | <empty> | <empty> | <empty>",,[],,,N,2013-04-25T00:00:00.000+0200,2
119,III,Thuja Occidentalis Oil and Extract,,,,90131-58-1,290-370-1,,41515 | 59736 | 59737 | 59764 | 80245 | 80246,,,,,"<empty> | <empty> | <empty> | <empty> | <empty> | <empty> | <empty> | as a constituent of other substances, or in mixtures, in concentrations equal to, or greater than 0.1% by weight | <empty> | <empty> | <empty> | <empty> | <empty> | <empty> | <empty> | <empty> | Shall not be placed on the market, or used, as substance or in mixtures in concentrations equal to ot greater than 0.1% by weight | <empty> | <empty> | <empty> | <empty> | Shall not be used as propellant in aerosols for any use. Aerosols dispenser containing the substance as propellant shall not be placed on the market | <empty> | <empty> | <empty> | <empty> | <empty> | <empty> | <empty> | <empty> | <empty> | <empty> | <empty> | <empty> | <empty> | <empty> | <empty> | <empty> | <empty> | <empty> | <empty> | <empty> | <empty> | <empty> | <empty> | <empty> | <empty> | <empty> | <empty> | <empty> | <empty> | <empty> | <empty> | <empty> | <empty> | <empty>",,[],,,N,2013-04-25T00:00:00.000+0200,2
121,III,"3-Carene;
3,7,7-Trimethylbicyclo[4.1.0]hept-3-ene (isodiprene)",,,,13466-78-9,236-719-3,,41311,,,,,"<empty> | <empty> | <empty> | <empty> | <empty> | <empty> | <empty> | as a constituent of other substances, or in mixtures, in concentrations equal to, or greater than 0.1% by weight | <empty> | <empty> | <empty> | <empty> | <empty> | <empty> | <empty> | <empty> | Shall not be placed on the market, or used, as substance or in mixtures in concentrations equal to ot greater than 0.1% by weight | <empty> | <empty> | <empty> | <empty> | Shall not be used as propellant in aerosols for any use. Aerosols dispenser containing the substance as propellant shall not be placed on the market | <empty> | <empty> | <empty> | <empty> | <empty> | <empty> | <empty> | <empty> | <empty> | <empty> | <empty> | <empty> | <empty> | <empty> | <empty> | <empty> | <empty> | <empty> | <empty> | <empty> | <empty> | <empty> | <empty> | <empty> | <empty> | <empty> | <empty> | <empty> | <empty> | <empty> | <empty> | <empty> | <empty> | <empty> | <empty> | <empty> | <empty> | <empty> | <empty> | <empty> | <empty> | <empty> | <empty> | <empty> | <empty> | <empty>",,[],,,N,2013-04-25T00:00:00.000+0200,2
122,III,Cedrus atlantica oil and extract,,,,92201-55-3/ 8023-85-6,295-985-9/ -,,41367 | 41368 | 55308 | 55309 | 55310 | 84592,,,,,,,[],,,N,2023-07-27T00:00:00.000+0200,2
123,III,Cupressus sempervirens oil and extract,,,,84696-07-1,283-626-9,,33079 | 41428 | 55616 | 55617 | 55618 | 55619 | 55620 | 55621 | 83058 | 83473,,,,,"<empty> | <empty> | <empty> | <empty> | <empty> | <empty> | <empty> | as a constituent of other substances, or in mixtures, in concentrations equal to, or greater than 0.1% by weight | <empty> | <empty> | <empty> | <empty> | <empty> | <empty> | <empty> | <empty> | Shall not be placed on the market, or used, as substance or in mixtures in concentrations equal to ot greater than 0.1% by weight | <empty> | <empty> | <empty> | <empty> | Shall not be used as propellant in aerosols for any use. Aerosols dispenser containing the substance as propellant shall not be placed on the market | <empty> | <empty> | <empty> | <empty> | <empty> | <empty> | <empty> | <empty> | <empty> | <empty> | <empty> | <empty> | <empty> | <empty> | <empty> | <empty> | <empty> | <empty> | <empty> | <empty> | <empty> | <empty> | <empty> | <empty> | <empty> | <empty> | <empty> | <empty> | <empty> | <empty> | <empty> | <empty> | <empty> | <empty>",,[],,,N,2013-04-25T00:00:00.000+0200,2
124,III,"Turpentine gum (Pinus spp.); Turpentine oil and rectified oil; Turpentine, steam distilled (Pinus spp.)",,,,9005-90-7; 8006-64-2; 8052-14-0,232-688-5; 232-350-7; -,,41521,,,,,,,[],,,N,2023-07-27T00:00:00.000+0200,2
127,III,Terpene alcohols acetates,,,,69103-01-1,273-868-3,,41507,,,,,"<empty> | <empty> | <empty> | <empty> | <empty> | <empty> | <empty> | as a constituent of other substances, or in mixtures, in concentrations equal to, or greater than 0.1% by weight | <empty> | <empty> | <empty> | <empty> | <empty> | <empty> | <empty> | <empty> | Shall not be placed on the market, or used, as substance or in mixtures in concentrations equal to ot greater than 0.1% by weight | <empty> | <empty> | <empty> | <empty> | Shall not be used as propellant in aerosols for any use. Aerosols dispenser containing the substance as propellant shall not be placed on the market | <empty> | <empty> | <empty> | <empty> | <empty> | <empty> | <empty> | <empty> | <empty> | <empty> | <empty> | <empty> | <empty> | <empty> | <empty> | <empty> | <empty> | <empty> | <empty> | <empty> | <empty> | <empty> | <empty> | <empty> | <empty> | <empty> | <empty> | <empty> | <empty> | <empty> | <empty> | <empty> | <empty> | <empty>",,[],,,N,2013-04-25T00:00:00.000+0200,2
128,III,Terpene hydrocarbons,,,,68956-56-9,273-309-3,,41508,,,,,"<empty> | <empty> | <empty> | <empty> | <empty> | <empty> | <empty> | as a constituent of other substances, or in mixtures, in concentrations equal to, or greater than 0.1% by weight | <empty> | <empty> | <empty> | <empty> | <empty> | <empty> | <empty> | <empty> | Shall not be placed on the market, or used, as substance or in mixtures in concentrations equal to ot greater than 0.1% by weight | <empty> | <empty> | <empty> | <empty> | Shall not be used as propellant in aerosols for any use. Aerosols dispenser containing the substance as propellant shall not be placed on the market | <empty> | <empty> | <empty> | <empty> | <empty> | <empty> | <empty> | <empty> | <empty> | <empty> | <empty> | <empty> | <empty> | <empty> | <empty> | <empty> | <empty> | <empty> | <empty> | <empty> | <empty> | <empty> | <empty> | <empty> | <empty> | <empty> | <empty> | <empty> | <empty> | <empty> | <empty> | <empty> | <empty> | <empty>",,[],,,N,2013-04-25T00:00:00.000+0200,2
129,III,"Terpenes and terpenoids with the exception of limonene (d-, l-, and dl-isomers) listed under reference numbers 88, 167 and 168 of this Annex III",,,,65996-98-7,266-034-5,,41509,,,,,"<empty> | <empty> | <empty> | <empty> | <empty> | <empty> | <empty> | as a constituent of other substances, or in mixtures, in concentrations equal to, or greater than 0.1% by weight | <empty> | <empty> | <empty> | <empty> | <empty> | <empty> | <empty> | <empty> | Shall not be placed on the market, or used, as substance or in mixtures in concentrations equal to ot greater than 0.1% by weight | <empty> | <empty> | <empty> | <empty> | Shall not be used as propellant in aerosols for any use. Aerosols dispenser containing the substance as propellant shall not be placed on the market | <empty> | <empty> | <empty> | <empty> | <empty> | <empty> | <empty> | <empty> | <empty> | <empty> | <empty> | <empty> | <empty> | <empty> | <empty> | <empty> | <empty> | <empty> | <empty> | <empty> | <empty> | <empty> | <empty> | <empty> | <empty> | <empty> | <empty> | <empty> | <empty> | <empty> | <empty> | <empty> | <empty> | <empty>",,[],,,N,2013-04-25T00:00:00.000+0200,2
130,III,Terpenes and terpenoids,,,,68917-63-5,272-842-9,,41022 | 41357 | 41450 | 41510,,,,,"<empty> | <empty> | <empty> | <empty> | <empty> | <empty> | <empty> | as a constituent of other substances, or in mixtures, in concentrations equal to, or greater than 0.1% by weight | <empty> | <empty> | <empty> | <empty> | <empty> | <empty> | <empty> | <empty> | Shall not be placed on the market, or used, as substance or in mixtures in concentrations equal to ot greater than 0.1% by weight | <empty> | <empty> | <empty> | <empty> | Shall not be used as propellant in aerosols for any use. Aerosols dispenser containing the substance as propellant shall not be placed on the market | <empty> | <empty> | <empty> | <empty> | <empty> | <empty> | <empty> | <empty> | <empty> | <empty> | <empty> | <empty> | <empty> | <empty> | <empty> | <empty> | <empty> | <empty> | <empty> | <empty> | <empty> | <empty> | <empty> | <empty> | <empty> | <empty> | <empty> | <empty> | <empty> | <empty> | <empty> | <empty> | <empty> | <empty>",,[],,,N,2013-04-25T00:00:00.000+0200,2
131,III,"p-Mentha-1,3-diene",,,,99-86-5,202-795-1,,41318,,,,,,,[],,,N,2023-07-27T00:00:00.000+0200,2
132,III,"gamma-Terpinene;
p-Mentha-1,4-diene",,,,99-85-4,202-794-6,,41435,,,,,"<empty> | <empty> | <empty> | <empty> | <empty> | <empty> | <empty> | as a constituent of other substances, or in mixtures, in concentrations equal to, or greater than 0.1% by weight | <empty> | <empty> | <empty> | <empty> | <empty> | <empty> | <empty> | <empty> | Shall not be placed on the market, or used, as substance or in mixtures in concentrations equal to ot greater than 0.1% by weight | <empty> | <empty> | <empty> | <empty> | Shall not be used as propellant in aerosols for any use. Aerosols dispenser containing the substance as propellant shall not be placed on the market | <empty> | <empty> | <empty> | <empty> | <empty> | <empty> | <empty> | <empty> | <empty> | <empty> | <empty> | <empty> | <empty> | <empty> | <empty> | <empty> | <empty> | <empty> | <empty> | <empty> | <empty> | <empty> | <empty> | <empty> | <empty> | <empty> | <empty> | <empty> | <empty> | <empty> | <empty> | <empty> | <empty> | <empty>",,[],,,N,2013-04-25T00:00:00.000+0200,2
133,III,"p-Mentha-1,4(8)- diene",,,,586-62-9,209-578-0,,41511,,,,,,,[],,,N,2023-07-27T00:00:00.000+0200,2
134,III,"Acetyl hexamethyl indan;
1,1,2,3,3,6-Hexamethylindan-5-yl methyl ketone",,,,15323-35-0,239-360-0,,31580,,,(a) 2%,"(a) Leave-on products
(b) Rinse-off products","<empty> | <empty> | <empty> | <empty> | <empty> | <empty> | <empty> | as a constituent of other substances, or in mixtures, in concentrations equal to, or greater than 0.1% by weight | <empty> | <empty> | <empty> | <empty> | <empty> | <empty> | <empty> | <empty> | Shall not be placed on the market, or used, as substance or in mixtures in concentrations equal to ot greater than 0.1% by weight | <empty> | <empty> | <empty> | <empty> | Shall not be used as propellant in aerosols for any use. Aerosols dispenser containing the substance as propellant shall not be placed on the market | <empty> | <empty> | <empty> | <empty> | <empty> | <empty> | <empty> | <empty> | <empty> | <empty> | <empty> | <empty> | <empty> | <empty> | <empty> | <empty> | <empty> | <empty> | <empty> | <empty> | <empty> | <empty> | <empty> | <empty> | <empty> | <empty> | <empty> | <empty> | <empty> | <empty> | <empty> | <empty> | <empty> | <empty>",,[],,,N,2013-04-25T00:00:00.000+0200,2
135,III,"Allyl butyrate;
2-Propenyl Butanoate",,,,2051-78-7,218-129-8,,41334,,,,,"<empty> | <empty> | <empty> | <empty> | <empty> | <empty> | <empty> | as a constituent of other substances, or in mixtures, in concentrations equal to, or greater than 0.1% by weight | <empty> | <empty> | <empty> | <empty> | <empty> | <empty> | <empty> | <empty> | Shall not be placed on the market, or used, as substance or in mixtures in concentrations equal to ot greater than 0.1% by weight | <empty> | <empty> | <empty> | <empty> | Shall not be used as propellant in aerosols for any use. Aerosols dispenser containing the substance as propellant shall not be placed on the market | <empty> | <empty> | <empty> | <empty> | <empty> | <empty> | <empty> | <empty> | <empty> | <empty> | <empty> | <empty> | <empty> | <empty> | <empty> | <empty> | <empty> | <empty> | <empty> | <empty> | <empty> | <empty> | <empty> | <empty> | <empty> | <empty> | <empty> | <empty> | <empty> | <empty> | <empty> | <empty> | <empty> | <empty>",,[],,,N,2013-04-25T00:00:00.000+0200,2
136,III,"Allyl cinnamate;
2-Propenyl 3-Phenyl-2-propenoate",,,,1866-31-5,217-477-8,,41335,,,,,"<empty> | <empty> | <empty> | <empty> | <empty> | <empty> | <empty> | as a constituent of other substances, or in mixtures, in concentrations equal to, or greater than 0.1% by weight | <empty> | <empty> | <empty> | <empty> | <empty> | <empty> | <empty> | <empty> | Shall not be placed on the market, or used, as substance or in mixtures in concentrations equal to ot greater than 0.1% by weight | <empty> | <empty> | <empty> | <empty> | Shall not be used as propellant in aerosols for any use. Aerosols dispenser containing the substance as propellant shall not be placed on the market | <empty> | <empty> | <empty> | <empty> | <empty> | <empty> | <empty> | <empty> | <empty> | <empty> | <empty> | <empty> | <empty> | <empty> | <empty> | <empty> | <empty> | <empty> | <empty> | <empty> | <empty> | <empty> | <empty> | <empty> | <empty> | <empty> | <empty> | <empty> | <empty> | <empty> | <empty> | <empty> | <empty> | <empty>",,[],,,N,2013-04-25T00:00:00.000+0200,2
137,III,"Allyl cyclohexylacetate;
2-Propenyl Cyclohexaneacetate",,,,4728-82-9,225-230-0,,41336,,,,,"<empty> | <empty> | <empty> | <empty> | <empty> | <empty> | <empty> | as a constituent of other substances, or in mixtures, in concentrations equal to, or greater than 0.1% by weight | <empty> | <empty> | <empty> | <empty> | <empty> | <empty> | <empty> | <empty> | Shall not be placed on the market, or used, as substance or in mixtures in concentrations equal to ot greater than 0.1% by weight | <empty> | <empty> | <empty> | <empty> | Shall not be used as propellant in aerosols for any use. Aerosols dispenser containing the substance as propellant shall not be placed on the market | <empty> | <empty> | <empty> | <empty> | <empty> | <empty> | <empty> | <empty> | <empty> | <empty> | <empty> | <empty> | <empty> | <empty> | <empty> | <empty> | <empty> | <empty> | <empty> | <empty> | <empty> | <empty> | <empty> | <empty> | <empty> | <empty> | <empty> | <empty> | <empty> | <empty> | <empty> | <empty> | <empty> | <empty>",,[],,,N,2013-04-25T00:00:00.000+0200,2
138,III,"Allyl cyclohexylpropionate;
2-Propenyl 3-Cyclohexanepropanoate",,,,2705-87-5,220-292-5,,41338,,,,,"<empty> | <empty> | <empty> | <empty> | <empty> | <empty> | <empty> | as a constituent of other substances, or in mixtures, in concentrations equal to, or greater than 0.1% by weight | <empty> | <empty> | <empty> | <empty> | <empty> | <empty> | <empty> | <empty> | Shall not be placed on the market, or used, as substance or in mixtures in concentrations equal to ot greater than 0.1% by weight | <empty> | <empty> | <empty> | <empty> | Shall not be used as propellant in aerosols for any use. Aerosols dispenser containing the substance as propellant shall not be placed on the market | <empty> | <empty> | <empty> | <empty> | <empty> | <empty> | <empty> | <empty> | <empty> | <empty> | <empty> | <empty> | <empty> | <empty> | <empty> | <empty> | <empty> | <empty> | <empty> | <empty> | <empty> | <empty> | <empty> | <empty> | <empty> | <empty> | <empty> | <empty> | <empty> | <empty> | <empty> | <empty> | <empty> | <empty>",,[],,,N,2013-04-25T00:00:00.000+0200,2
139,III,"Allyl heptanoate;
2-Propenyl heptanoate",,,,142-19-8,205-527-1,,41339,,,,,"<empty> | <empty> | <empty> | <empty> | <empty> | <empty> | <empty> | as a constituent of other substances, or in mixtures, in concentrations equal to, or greater than 0.1% by weight | <empty> | <empty> | <empty> | <empty> | <empty> | <empty> | <empty> | <empty> | Shall not be placed on the market, or used, as substance or in mixtures in concentrations equal to ot greater than 0.1% by weight | <empty> | <empty> | <empty> | <empty> | Shall not be used as propellant in aerosols for any use. Aerosols dispenser containing the substance as propellant shall not be placed on the market | <empty> | <empty> | <empty> | <empty> | <empty> | <empty> | <empty> | <empty> | <empty> | <empty> | <empty> | <empty> | <empty> | <empty> | <empty> | <empty> | <empty> | <empty> | <empty> | <empty> | <empty> | <empty> | <empty> | <empty> | <empty> | <empty> | <empty> | <empty> | <empty> | <empty> | <empty> | <empty> | <empty> | <empty>",,[],,,N,2013-04-25T00:00:00.000+0200,2
140,III,"Allyl caproate;
Allyl hexanoate",,,,123-68-2,204-642-4,,74253,,,,,"<empty> | <empty> | <empty> | <empty> | <empty> | <empty> | <empty> | as a constituent of other substances, or in mixtures, in concentrations equal to, or greater than 0.1% by weight | <empty> | <empty> | <empty> | <empty> | <empty> | <empty> | <empty> | <empty> | Shall not be placed on the market, or used, as substance or in mixtures in concentrations equal to ot greater than 0.1% by weight | <empty> | <empty> | <empty> | <empty> | Shall not be used as propellant in aerosols for any use. Aerosols dispenser containing the substance as propellant shall not be placed on the market | <empty> | <empty> | <empty> | <empty> | <empty> | <empty> | <empty> | <empty> | <empty> | <empty> | <empty> | <empty> | <empty> | <empty> | <empty> | <empty> | <empty> | <empty> | <empty> | <empty> | <empty> | <empty> | <empty> | <empty> | <empty> | <empty> | <empty> | <empty> | <empty> | <empty> | <empty> | <empty> | <empty> | <empty>",,[],,,N,2013-04-25T00:00:00.000+0200,2
141,III,"Allyl isovalerate;
2-Propenyl 3-Methylbutanoate",,,,2835-39-4,220-609-7,,41342,,,,,"<empty> | <empty> | <empty> | <empty> | <empty> | <empty> | <empty> | as a constituent of other substances, or in mixtures, in concentrations equal to, or greater than 0.1% by weight | <empty> | <empty> | <empty> | <empty> | <empty> | <empty> | <empty> | <empty> | Shall not be placed on the market, or used, as substance or in mixtures in concentrations equal to ot greater than 0.1% by weight | <empty> | <empty> | <empty> | <empty> | Shall not be used as propellant in aerosols for any use. Aerosols dispenser containing the substance as propellant shall not be placed on the market | <empty> | <empty> | <empty> | <empty> | <empty> | <empty> | <empty> | <empty> | <empty> | <empty> | <empty> | <empty> | <empty> | <empty> | <empty> | <empty> | <empty> | <empty> | <empty> | <empty> | <empty> | <empty> | <empty> | <empty> | <empty> | <empty> | <empty> | <empty> | <empty> | <empty> | <empty> | <empty> | <empty> | <empty>",,[],,,N,2013-04-25T00:00:00.000+0200,2
142,III,"Allyl octanoate;
2-Allyl caprylate",,,,4230-97-1,224-184-9,,41344,,,,,"<empty> | <empty> | <empty> | <empty> | <empty> | <empty> | <empty> | as a constituent of other substances, or in mixtures, in concentrations equal to, or greater than 0.1% by weight | <empty> | <empty> | <empty> | <empty> | <empty> | <empty> | <empty> | <empty> | Shall not be placed on the market, or used, as substance or in mixtures in concentrations equal to ot greater than 0.1% by weight | <empty> | <empty> | <empty> | <empty> | Shall not be used as propellant in aerosols for any use. Aerosols dispenser containing the substance as propellant shall not be placed on the market | <empty> | <empty> | <empty> | <empty> | <empty> | <empty> | <empty> | <empty> | <empty> | <empty> | <empty> | <empty> | <empty> | <empty> | <empty> | <empty> | <empty> | <empty> | <empty> | <empty> | <empty> | <empty> | <empty> | <empty> | <empty> | <empty> | <empty> | <empty> | <empty> | <empty> | <empty> | <empty> | <empty> | <empty>",,[],,,N,2013-04-25T00:00:00.000+0200,2
143,III,"Allyl phenoxyacetate;
2-Propenyl Phenoxyacetate",,,,7493-74-5,231-335-2,,41346,,,,,"<empty> | <empty> | <empty> | <empty> | <empty> | <empty> | <empty> | as a constituent of other substances, or in mixtures, in concentrations equal to, or greater than 0.1% by weight | <empty> | <empty> | <empty> | <empty> | <empty> | <empty> | <empty> | <empty> | Shall not be placed on the market, or used, as substance or in mixtures in concentrations equal to ot greater than 0.1% by weight | <empty> | <empty> | <empty> | <empty> | Shall not be used as propellant in aerosols for any use. Aerosols dispenser containing the substance as propellant shall not be placed on the market | <empty> | <empty> | <empty> | <empty> | <empty> | <empty> | <empty> | <empty> | <empty> | <empty> | <empty> | <empty> | <empty> | <empty> | <empty> | <empty> | <empty> | <empty> | <empty> | <empty> | <empty> | <empty> | <empty> | <empty> | <empty> | <empty> | <empty> | <empty> | <empty> | <empty> | <empty> | <empty> | <empty> | <empty>",,[],,,N,2013-04-25T00:00:00.000+0200,2
144,III,"Allyl phenylacetate;
2-Propenyl Benzeneacetate",,,,1797-74-6,217-281-2,,41347,,,,,"<empty> | <empty> | <empty> | <empty> | <empty> | <empty> | <empty> | as a constituent of other substances, or in mixtures, in concentrations equal to, or greater than 0.1% by weight | <empty> | <empty> | <empty> | <empty> | <empty> | <empty> | <empty> | <empty> | Shall not be placed on the market, or used, as substance or in mixtures in concentrations equal to ot greater than 0.1% by weight | <empty> | <empty> | <empty> | <empty> | Shall not be used as propellant in aerosols for any use. Aerosols dispenser containing the substance as propellant shall not be placed on the market | <empty> | <empty> | <empty> | <empty> | <empty> | <empty> | <empty> | <empty> | <empty> | <empty> | <empty> | <empty> | <empty> | <empty> | <empty> | <empty> | <empty> | <empty> | <empty> | <empty> | <empty> | <empty> | <empty> | <empty> | <empty> | <empty> | <empty> | <empty> | <empty> | <empty> | <empty> | <empty> | <empty> | <empty>",,[],,,N,2013-04-25T00:00:00.000+0200,2
145,III,"Allyl 3,5,5-trimethylhexanoate",,,,71500-37-3,275-536-3,,41332,,,,,"<empty> | <empty> | <empty> | <empty> | <empty> | <empty> | <empty> | as a constituent of other substances, or in mixtures, in concentrations equal to, or greater than 0.1% by weight | <empty> | <empty> | <empty> | <empty> | <empty> | <empty> | <empty> | <empty> | Shall not be placed on the market, or used, as substance or in mixtures in concentrations equal to ot greater than 0.1% by weight | <empty> | <empty> | <empty> | <empty> | Shall not be used as propellant in aerosols for any use. Aerosols dispenser containing the substance as propellant shall not be placed on the market | <empty> | <empty> | <empty> | <empty> | <empty> | <empty> | <empty> | <empty> | <empty> | <empty> | <empty> | <empty> | <empty> | <empty> | <empty> | <empty> | <empty> | <empty> | <empty> | <empty> | <empty> | <empty> | <empty> | <empty> | <empty> | <empty> | <empty> | <empty> | <empty> | <empty> | <empty> | <empty> | <empty> | <empty>",,[],,,N,2013-04-25T00:00:00.000+0200,2
146,III,Allyl cyclohexyloxyacetate,,,,68901-15-5,272-657-3,,41337,,,,,"<empty> | <empty> | <empty> | <empty> | <empty> | <empty> | <empty> | as a constituent of other substances, or in mixtures, in concentrations equal to, or greater than 0.1% by weight | <empty> | <empty> | <empty> | <empty> | <empty> | <empty> | <empty> | <empty> | Shall not be placed on the market, or used, as substance or in mixtures in concentrations equal to ot greater than 0.1% by weight | <empty> | <empty> | <empty> | <empty> | Shall not be used as propellant in aerosols for any use. Aerosols dispenser containing the substance as propellant shall not be placed on the market | <empty> | <empty> | <empty> | <empty> | <empty> | <empty> | <empty> | <empty> | <empty> | <empty> | <empty> | <empty> | <empty> | <empty> | <empty> | <empty> | <empty> | <empty> | <empty> | <empty> | <empty> | <empty> | <empty> | <empty> | <empty> | <empty> | <empty> | <empty> | <empty> | <empty> | <empty> | <empty> | <empty> | <empty> | <empty> | <empty> | <empty> | <empty> | <empty> | <empty> | <empty> | <empty> | <empty> | <empty> | <empty> | <empty>",,[],,,N,2013-04-25T00:00:00.000+0200,2
147,III,Allyl isoamyloxyacetate,,,,67634-00-8,266-803-5,,56785,,,,,"<empty> | <empty> | <empty> | <empty> | <empty> | <empty> | <empty> | as a constituent of other substances, or in mixtures, in concentrations equal to, or greater than 0.1% by weight | <empty> | <empty> | <empty> | <empty> | <empty> | <empty> | <empty> | <empty> | Shall not be placed on the market, or used, as substance or in mixtures in concentrations equal to ot greater than 0.1% by weight | <empty> | <empty> | <empty> | <empty> | Shall not be used as propellant in aerosols for any use. Aerosols dispenser containing the substance as propellant shall not be placed on the market | <empty> | <empty> | <empty> | <empty> | <empty> | <empty> | <empty> | <empty> | <empty> | <empty> | <empty> | <empty> | <empty> | <empty> | <empty> | <empty> | <empty> | <empty> | <empty> | <empty> | <empty> | <empty> | <empty> | <empty> | <empty> | <empty> | <empty> | <empty> | <empty> | <empty> | <empty> | <empty> | <empty> | <empty>",,[],,,N,2013-04-25T00:00:00.000+0200,2
148,III,Allyl 2-methylbutoxyacetate,,,,67634-01-9,266-804-0,,41331,,,,,"<empty> | <empty> | <empty> | <empty> | <empty> | <empty> | <empty> | as a constituent of other substances, or in mixtures, in concentrations equal to, or greater than 0.1% by weight | <empty> | <empty> | <empty> | <empty> | <empty> | <empty> | <empty> | <empty> | Shall not be placed on the market, or used, as substance or in mixtures in concentrations equal to ot greater than 0.1% by weight | <empty> | <empty> | <empty> | <empty> | Shall not be used as propellant in aerosols for any use. Aerosols dispenser containing the substance as propellant shall not be placed on the market | <empty> | <empty> | <empty> | <empty> | <empty> | <empty> | <empty> | <empty> | <empty> | <empty> | <empty> | <empty> | <empty> | <empty> | <empty> | <empty> | <empty> | <empty> | <empty> | <empty> | <empty> | <empty> | <empty> | <empty> | <empty> | <empty> | <empty> | <empty> | <empty> | <empty> | <empty> | <empty> | <empty> | <empty>",,[],,,N,2013-04-25T00:00:00.000+0200,2
149,III,Allyl nonanoate,Allyl nonanoate,,,7493-72-3,231-334-7,,41343,,,,,"<empty> | <empty> | <empty> | <empty> | <empty> | <empty> | <empty> | as a constituent of other substances, or in mixtures, in concentrations equal to, or greater than 0.1% by weight | <empty> | <empty> | <empty> | <empty> | <empty> | <empty> | <empty> | <empty> | Shall not be placed on the market, or used, as substance or in mixtures in concentrations equal to ot greater than 0.1% by weight | <empty> | <empty> | <empty> | <empty> | Shall not be used as propellant in aerosols for any use. Aerosols dispenser containing the substance as propellant shall not be placed on the market | <empty> | <empty> | <empty> | <empty> | <empty> | <empty> | <empty> | <empty> | <empty> | <empty> | <empty> | <empty> | <empty> | <empty> | <empty> | <empty> | <empty> | <empty> | <empty> | <empty> | <empty> | <empty> | <empty> | <empty> | <empty> | <empty> | <empty> | <empty> | <empty> | <empty> | <empty> | <empty> | <empty> | <empty>",,[],,,N,2013-04-25T00:00:00.000+0200,2
150,III,Allyl propionate,,,,2408-20-0,219-307-8,,41348,,,,,"<empty> | <empty> | <empty> | <empty> | <empty> | <empty> | <empty> | as a constituent of other substances, or in mixtures, in concentrations equal to, or greater than 0.1% by weight | <empty> | <empty> | <empty> | <empty> | <empty> | <empty> | <empty> | <empty> | Shall not be placed on the market, or used, as substance or in mixtures in concentrations equal to ot greater than 0.1% by weight | <empty> | <empty> | <empty> | <empty> | Shall not be used as propellant in aerosols for any use. Aerosols dispenser containing the substance as propellant shall not be placed on the market | <empty> | <empty> | <empty> | <empty> | <empty> | <empty> | <empty> | <empty> | <empty> | <empty> | <empty> | <empty> | <empty> | <empty> | <empty> | <empty> | <empty> | <empty> | <empty> | <empty> | <empty> | <empty> | <empty> | <empty> | <empty> | <empty> | <empty> | <empty> | <empty> | <empty> | <empty> | <empty> | <empty> | <empty>",,[],,,N,2013-04-25T00:00:00.000+0200,2
151,III,Allyl trimethylhexanoate,,,,68132-80-9,268-648-9,,41349,,,,,"<empty> | <empty> | <empty> | <empty> | <empty> | <empty> | <empty> | as a constituent of other substances, or in mixtures, in concentrations equal to, or greater than 0.1% by weight | <empty> | <empty> | <empty> | <empty> | <empty> | <empty> | <empty> | <empty> | Shall not be placed on the market, or used, as substance or in mixtures in concentrations equal to ot greater than 0.1% by weight | <empty> | <empty> | <empty> | <empty> | Shall not be used as propellant in aerosols for any use. Aerosols dispenser containing the substance as propellant shall not be placed on the market | <empty> | <empty> | <empty> | <empty> | <empty> | <empty> | <empty> | <empty> | <empty> | <empty> | <empty> | <empty> | <empty> | <empty> | <empty> | <empty> | <empty> | <empty> | <empty> | <empty> | <empty> | <empty> | <empty> | <empty> | <empty> | <empty> | <empty> | <empty> | <empty> | <empty> | <empty> | <empty> | <empty> | <empty>",,[],,,N,2013-04-25T00:00:00.000+0200,2
151a,III,Allyl phenethyl ether,,,,14289-65-7,238-212-2,,41345,,,,,"<empty> | <empty> | <empty> | <empty> | <empty> | <empty> | <empty> | as a constituent of other substances, or in mixtures, in concentrations equal to, or greater than 0.1% by weight | <empty>",,[],,,N,2013-04-25T00:00:00.000+0200,2
152,III,"Allyl heptine carbonate
(allyl oct-2-ynoate)",,,,73157-43-4,277-303-1,,41340,,,0.002%,,"<empty> | <empty> | <empty> | <empty> | <empty> | <empty> | <empty> | as a constituent of other substances, or in mixtures, in concentrations equal to, or greater than 0.1% by weight | <empty> | <empty> | <empty> | <empty> | <empty> | <empty> | <empty> | <empty> | Shall not be placed on the market, or used, as substance or in mixtures in concentrations equal to ot greater than 0.1% by weight | <empty> | <empty> | <empty> | <empty> | Shall not be used as propellant in aerosols for any use. Aerosols dispenser containing the substance as propellant shall not be placed on the market | <empty> | <empty> | <empty> | <empty> | <empty> | <empty> | <empty> | <empty> | <empty> | <empty> | <empty> | <empty> | <empty> | <empty> | <empty> | <empty> | <empty> | <empty> | <empty> | <empty> | <empty> | <empty> | <empty> | <empty> | <empty> | <empty> | <empty> | <empty> | <empty> | <empty> | <empty> | <empty> | <empty> | <empty>",,[],,,N,2013-04-25T00:00:00.000+0200,2
153,III,"Amylcyclopentenone;
2-Pentylcyclopent-2-en-1-one",,,,25564-22-1,247-104-4,,39037,,,0.1%,,"<empty> | <empty> | <empty> | <empty> | <empty> | <empty> | <empty> | as a constituent of other substances, or in mixtures, in concentrations equal to, or greater than 0.1% by weight | <empty> | <empty> | <empty> | <empty> | <empty> | <empty> | <empty> | <empty> | Shall not be placed on the market, or used, as substance or in mixtures in concentrations equal to ot greater than 0.1% by weight | <empty> | <empty> | <empty> | <empty> | Shall not be used as propellant in aerosols for any use. Aerosols dispenser containing the substance as propellant shall not be placed on the market | <empty> | <empty> | <empty> | <empty> | <empty> | <empty> | <empty> | <empty> | <empty> | <empty> | <empty> | <empty> | <empty> | <empty> | <empty> | <empty> | <empty> | <empty> | <empty> | <empty> | <empty> | <empty> | <empty> | <empty> | <empty> | <empty> | <empty> | <empty> | <empty> | <empty> | <empty> | <empty> | <empty> | <empty>",,[],,,N,2013-04-25T00:00:00.000+0200,2
154,III,"Myroxylon balsamum var. pereirae; extracts and distillates; Balsam Peru oil, absolute and anhydrol (Balsam Oil Peru)",,,,8007-00-9,232-352-8,,,,,0.4%,,,,[],,,N,2023-07-27T00:00:00.000+0200,2
155,III,"4-tert.-Butyldihydrocinnamaldehyde;
3-(4-tert-Butylphenyl)propionaldehyde",,,,18127-01-0,242-016-2,,39132,,,0.6%,,"<empty> | <empty> | <empty> | <empty> | <empty> | <empty> | <empty> | as a constituent of other substances, or in mixtures, in concentrations equal to, or greater than 0.1% by weight | <empty> | <empty> | <empty> | <empty> | <empty> | <empty> | <empty> | <empty> | Shall not be placed on the market, or used, as substance or in mixtures in concentrations equal to ot greater than 0.1% by weight | <empty> | <empty> | <empty> | <empty> | Shall not be used as propellant in aerosols for any use. Aerosols dispenser containing the substance as propellant shall not be placed on the market | <empty> | <empty> | <empty> | <empty> | <empty> | <empty> | <empty> | <empty> | <empty> | <empty> | <empty> | <empty> | <empty> | <empty> | <empty> | <empty> | <empty> | <empty> | <empty> | <empty> | <empty> | <empty> | <empty> | <empty> | <empty> | <empty> | <empty> | <empty> | <empty> | <empty> | <empty> | <empty> | <empty> | <empty>",,[],,,N,2013-04-25T00:00:00.000+0200,2
156,III,Cuminum cyminum oil and extract,,,,84775-51-9,283-881-6,,41426 | 41427 | 55613 | 55614 | 55615,,,(a) 0.4% of Cumin oil,"(a) Leave-on  products
(b) Rinse-off products","<empty> | <empty> | <empty> | <empty> | <empty> | <empty> | <empty> | as a constituent of other substances, or in mixtures, in concentrations equal to, or greater than 0.1% by weight | <empty> | <empty> | <empty> | <empty> | <empty> | <empty> | <empty> | <empty> | Shall not be placed on the market, or used, as substance or in mixtures in concentrations equal to ot greater than 0.1% by weight | <empty> | <empty> | <empty> | <empty> | Shall not be used as propellant in aerosols for any use. Aerosols dispenser containing the substance as propellant shall not be placed on the market | <empty> | <empty> | <empty> | <empty> | <empty> | <empty> | <empty> | <empty> | <empty> | <empty> | <empty> | <empty> | <empty> | <empty> | <empty> | <empty> | <empty> | <empty> | <empty> | <empty> | <empty> | <empty> | <empty> | <empty> | <empty> | <empty> | <empty> | <empty> | <empty> | <empty> | <empty> | <empty> | <empty> | <empty>",,[],,,N,2013-04-25T00:00:00.000+0200,2
157,III,"1-(2,6,6-trimethyl-2-cyclohexen-1-yl)-2-buten-1-one; 1-(2,6,6-Trimethylcyclohexa-1,3-dien-1-yl)-2-buten-1-one; 1-(2,6,6-Trimethyl-3-cyclohexen-1-yl)-2-buten-1-one; (Z)-1-(2,6,6-trimethyl-1-cyclohexen-1-yl)-2-buten-1-one; (E)-1-(2,6,6-Trimethyl-1-cyclohexen-1-yl)-2-buten-1-one",,,,43052-87-5/ 23726-94-5/24720-09-0; 23696-85-7; 57378-68-4/ 71048-82-3; 23726-92-3; 23726-91-2,-/  245-845-8/ 246-430-4; 245-833-2; 260-709-8/ 275-156-8; 245-843-7; 245-842-1,,54360,,,(b) 0.02%,"(a) Oral products
(b) Other products",,,[],16 - The sum of those substances used in combination should not exceed the limits given as “Maximum concentration in ready for use preparation”.,,N,2023-07-27T00:00:00.000+0200,2
159,III,"trans-Rose ketone-5 (see note 16)
(E)-1-(2,4,4-Trimethyl-2-cyclohexen-1-yl)-2-buten-1-one 
(Isodamascone)",,,,39872-57-6,254-663-8,,41520,,,0.02%,,"<empty> | <empty> | <empty> | <empty> | <empty> | <empty> | <empty> | as a constituent of other substances, or in mixtures, in concentrations equal to, or greater than 0.1% by weight | <empty> | <empty> | <empty> | <empty> | <empty> | <empty> | <empty> | <empty> | Shall not be placed on the market, or used, as substance or in mixtures in concentrations equal to ot greater than 0.1% by weight | <empty> | <empty> | <empty> | <empty> | Shall not be used as propellant in aerosols for any use. Aerosols dispenser containing the substance as propellant shall not be placed on the market | <empty> | <empty> | <empty> | <empty> | <empty> | <empty> | <empty> | <empty> | <empty> | <empty> | <empty> | <empty> | <empty> | <empty> | <empty> | <empty> | <empty> | <empty> | <empty> | <empty> | <empty> | <empty> | <empty> | <empty> | <empty> | <empty> | <empty> | <empty> | <empty> | <empty> | <empty> | <empty> | <empty> | <empty>",,[],16 - The sum of those substances used in combination should not exceed the limits given as “Maximum concentration in ready for use preparation”.,,N,2013-04-25T00:00:00.000+0200,2
164,III,"Rose ketone-5 (see note 16)
1-(2,4,4-Trimethyl-2-cycloehexen-1-yl)-2-buten-1-one",,,,33673-71-1,251-632-0,,41493,,,0.02%,,"<empty> | <empty> | <empty> | <empty> | <empty> | <empty> | <empty> | as a constituent of other substances, or in mixtures, in concentrations equal to, or greater than 0.1% by weight | <empty> | <empty> | <empty> | <empty> | <empty> | <empty> | <empty> | <empty> | Shall not be placed on the market, or used, as substance or in mixtures in concentrations equal to ot greater than 0.1% by weight | <empty> | <empty> | <empty> | <empty> | Shall not be used as propellant in aerosols for any use. Aerosols dispenser containing the substance as propellant shall not be placed on the market | <empty> | <empty> | <empty> | <empty> | <empty> | <empty> | <empty> | <empty> | <empty> | <empty> | <empty> | <empty> | <empty> | <empty> | <empty> | <empty> | <empty> | <empty> | <empty> | <empty> | <empty> | <empty> | <empty> | <empty> | <empty> | <empty> | <empty> | <empty> | <empty> | <empty> | <empty> | <empty> | <empty> | <empty>",,[],16 - The sum of those substances used in combination should not exceed the limits given as “Maximum concentration in ready for use preparation”.,,N,2013-04-25T00:00:00.000+0200,2
166,III,trans-2-hexenal,,,,6728-26-3,229-778-1,,41516,,,(b) 0.002%,"(a) Oral products
(b) Other products","<empty> | <empty> | <empty> | <empty> | <empty> | <empty> | <empty> | as a constituent of other substances, or in mixtures, in concentrations equal to, or greater than 0.1% by weight | <empty> | <empty> | <empty> | <empty> | <empty> | <empty> | <empty> | <empty> | Shall not be placed on the market, or used, as substance or in mixtures in concentrations equal to ot greater than 0.1% by weight | <empty> | <empty> | <empty> | <empty> | Shall not be used as propellant in aerosols for any use. Aerosols dispenser containing the substance as propellant shall not be placed on the market | <empty> | <empty> | <empty> | <empty> | <empty> | <empty> | <empty> | <empty> | <empty> | <empty> | <empty> | <empty> | <empty> | <empty> | <empty> | <empty> | <empty> | <empty> | <empty> | <empty> | <empty> | <empty> | <empty> | <empty> | <empty> | <empty> | <empty> | <empty> | <empty> | <empty> | <empty> | <empty> | <empty> | <empty> | <empty> | <empty> | <empty> | <empty> | <empty> | <empty> | <empty> | <empty> | <empty>",,[],,,N,2013-04-25T00:00:00.000+0200,2
169,III,"p-Mentha-1,8-dien-7-al",,,,2111-75-3,218-302-8,,79499,,,(b) 0.1%,"(a) Oral products
(b) Other products","<empty> | <empty> | <empty> | <empty> | <empty> | <empty> | <empty> | as a constituent of other substances, or in mixtures, in concentrations equal to, or greater than 0.1% by weight | <empty> | <empty> | <empty> | <empty> | <empty> | <empty> | <empty> | <empty> | Shall not be placed on the market, or used, as substance or in mixtures in concentrations equal to ot greater than 0.1% by weight | <empty> | <empty> | <empty> | <empty> | Shall not be used as propellant in aerosols for any use. Aerosols dispenser containing the substance as propellant shall not be placed on the market | <empty> | <empty> | <empty> | <empty> | <empty> | <empty> | <empty> | <empty> | <empty> | <empty> | <empty> | <empty> | <empty> | <empty> | <empty> | <empty> | <empty> | <empty> | <empty> | <empty> | <empty> | <empty> | <empty> | <empty> | <empty> | <empty> | <empty> | <empty> | <empty> | <empty> | <empty> | <empty> | <empty> | <empty> | <empty> | <empty> | <empty> | <empty> | <empty> | <empty> | <empty> | <empty> | <empty>",,[],,,N,2013-04-25T00:00:00.000+0200,2
170,III,Isobergamate; Menthadiene-7-methyl formate,,,,68683-20-5,272-066-0,,40327,,,0.1%,,"<empty> | <empty> | <empty> | <empty> | <empty> | <empty> | <empty> | as a constituent of other substances, or in mixtures, in concentrations equal to, or greater than 0.1% by weight | <empty> | <empty> | <empty> | <empty> | <empty> | <empty> | <empty> | <empty> | Shall not be placed on the market, or used, as substance or in mixtures in concentrations equal to ot greater than 0.1% by weight | <empty> | <empty> | <empty> | <empty> | Shall not be used as propellant in aerosols for any use. Aerosols dispenser containing the substance as propellant shall not be placed on the market | <empty> | <empty> | <empty> | <empty> | <empty> | <empty> | <empty> | <empty> | <empty> | <empty> | <empty> | <empty> | <empty> | <empty> | <empty> | <empty> | <empty> | <empty> | <empty> | <empty> | <empty> | <empty> | <empty> | <empty> | <empty> | <empty> | <empty> | <empty> | <empty> | <empty> | <empty> | <empty> | <empty> | <empty> | <empty> | <empty> | <empty> | <empty> | <empty> | <empty> | <empty> | <empty> | <empty>",,[],,,N,2013-04-25T00:00:00.000+0200,2
171,III,"Methoxy dicyclopentadiene carboxaldehyde; Octahydro-5-methoxy-4,7-Methano-1H-indene-2-carboxaldehyde",,,,86803-90-9,-,,41100,,,0.5%,,"<empty> | <empty> | <empty> | <empty> | <empty> | <empty> | <empty> | as a constituent of other substances, or in mixtures, in concentrations equal to, or greater than 0.1% by weight | <empty> | <empty> | <empty> | <empty> | <empty> | <empty> | <empty> | <empty> | Shall not be placed on the market, or used, as substance or in mixtures in concentrations equal to ot greater than 0.1% by weight | <empty> | <empty> | <empty> | <empty> | Shall not be used as propellant in aerosols for any use. Aerosols dispenser containing the substance as propellant shall not be placed on the market | <empty> | <empty> | <empty> | <empty> | <empty> | <empty> | <empty> | <empty> | <empty> | <empty> | <empty> | <empty> | <empty> | <empty> | <empty> | <empty> | <empty> | <empty> | <empty> | <empty> | <empty> | <empty> | <empty> | <empty> | <empty> | <empty> | <empty> | <empty> | <empty> | <empty> | <empty> | <empty> | <empty> | <empty> | <empty> | <empty> | <empty> | <empty> | <empty> | <empty> | <empty> | <empty> | <empty>",,[],,,N,2013-04-25T00:00:00.000+0200,2
172,III,3-Methylnon-2-enenitrile,,,,53153-66-5,258-398-9,,80806,,,0.2%,,"<empty> | <empty> | <empty> | <empty> | <empty> | <empty> | <empty> | as a constituent of other substances, or in mixtures, in concentrations equal to, or greater than 0.1% by weight | <empty> | <empty> | <empty> | <empty> | <empty> | <empty> | <empty> | <empty> | Shall not be placed on the market, or used, as substance or in mixtures in concentrations equal to ot greater than 0.1% by weight | <empty> | <empty> | <empty> | <empty> | Shall not be used as propellant in aerosols for any use. Aerosols dispenser containing the substance as propellant shall not be placed on the market | <empty> | <empty> | <empty> | <empty> | <empty> | <empty> | <empty> | <empty> | <empty> | <empty> | <empty> | <empty> | <empty> | <empty> | <empty> | <empty> | <empty> | <empty> | <empty> | <empty> | <empty> | <empty> | <empty> | <empty> | <empty> | <empty> | <empty> | <empty> | <empty> | <empty> | <empty> | <empty> | <empty> | <empty> | <empty> | <empty> | <empty> | <empty> | <empty> | <empty> | <empty> | <empty> | <empty>",,[],,,N,2013-04-25T00:00:00.000+0200,2
173,III,Methyl octine carbonate; Methyl non-2-ynoate,,,,111-80-8,203-909-2,,41458,,,"(b) 0.002% when used alone
When present in combination with methyl heptine carbonate, the combined level in the finished product should not exceed 0.01% (of which methyl octine carbonate should not be more than 0.002%)","(a) Oral products
(b) Others products","<empty> | <empty> | <empty> | <empty> | <empty> | <empty> | <empty> | as a constituent of other substances, or in mixtures, in concentrations equal to, or greater than 0.1% by weight | <empty> | <empty> | <empty> | <empty> | <empty> | <empty> | <empty> | <empty> | Shall not be placed on the market, or used, as substance or in mixtures in concentrations equal to ot greater than 0.1% by weight | <empty> | <empty> | <empty> | <empty> | Shall not be used as propellant in aerosols for any use. Aerosols dispenser containing the substance as propellant shall not be placed on the market | <empty> | <empty> | <empty> | <empty> | <empty> | <empty> | <empty> | <empty> | <empty> | <empty> | <empty> | <empty> | <empty> | <empty> | <empty> | <empty> | <empty>",,[],,,N,2013-04-25T00:00:00.000+0200,2
174,III,Amylvinylcarbinyl acetate; 1-Octen-3-yl acetate,,,,2442-10-6,219-474-7,,39052,,,(b) 0.3%,"(a) Oral products
(b) Other products","<empty> | <empty> | <empty> | <empty> | <empty> | <empty> | <empty> | as a constituent of other substances, or in mixtures, in concentrations equal to, or greater than 0.1% by weight | <empty> | <empty> | <empty> | <empty> | <empty> | <empty> | <empty> | <empty> | Shall not be placed on the market, or used, as substance or in mixtures in concentrations equal to ot greater than 0.1% by weight | <empty> | <empty> | <empty> | <empty> | Shall not be used as propellant in aerosols for any use. Aerosols dispenser containing the substance as propellant shall not be placed on the market | <empty> | <empty> | <empty> | <empty> | <empty> | <empty> | <empty> | <empty> | <empty> | <empty> | <empty> | <empty> | <empty> | <empty> | <empty> | <empty> | <empty>",,[],,,N,2013-04-25T00:00:00.000+0200,2
175,III,3-Propylidene-1(3H)- isobenzofuranone; 3-Propylidenephthalide,,,,17369-59-4,241-402-8,,41490,,,(b) 0.01%,"(a) Oral products
(b) Other produts",,,[],,,N,2023-07-27T00:00:00.000+0200,2
176,III,"Isocyclogeraniol; 2,4,6-Trimethyl-3-cyclohexene-1-methanol",,,,68527-77-5,271-282-2,,40360,,,0.5%,,"<empty> | <empty> | <empty> | <empty> | <empty> | <empty> | <empty> | as a constituent of other substances, or in mixtures, in concentrations equal to, or greater than 0.1% by weight | <empty> | <empty> | <empty> | <empty> | <empty> | <empty> | <empty> | <empty> | Shall not be placed on the market, or used, as substance or in mixtures in concentrations equal to ot greater than 0.1% by weight | <empty> | <empty> | <empty> | <empty> | Shall not be used as propellant in aerosols for any use. Aerosols dispenser containing the substance as propellant shall not be placed on the market | <empty> | <empty> | <empty> | <empty> | <empty> | <empty> | <empty> | <empty> | <empty> | <empty> | <empty> | <empty> | <empty> | <empty> | <empty> | <empty> | <empty>",,[],,,N,2013-04-25T00:00:00.000+0200,2
177,III,2-Hexylidene cyclopentanone,,,,17373-89-6,241-411-7,,41310,,,(b) 0.06%,"(a) Oral products
(b) Other products","<empty> | <empty> | <empty> | <empty> | <empty> | <empty> | <empty> | as a constituent of other substances, or in mixtures, in concentrations equal to, or greater than 0.1% by weight | <empty> | <empty> | <empty> | <empty>",,[],,,N,2013-04-25T00:00:00.000+0200,2
178,III,"Methyl heptadienone; 6-Methyl-3,5-heptadien-2-one",,,,1604-28-0,216-507-7,,41459,,,(b) 0.002%,"(a) Oral products
(b) Other products","<empty> | <empty> | <empty> | <empty> | <empty> | <empty> | <empty> | as a constituent of other substances, or in mixtures, in concentrations equal to, or greater than 0.1% by weight | <empty> | <empty> | <empty> | <empty>",,[],,,N,2013-04-25T00:00:00.000+0200,2
179,III,p-methylhydrocinnamic aldehyde; Cresylpropionaldehyde; p-Methyldihydrocinnamaldehyde,,,,5406-12-2,226-460-4,,40697,,,0.2%,,"<empty> | <empty> | <empty> | <empty> | <empty> | <empty> | <empty> | as a constituent of other substances, or in mixtures, in concentrations equal to, or greater than 0.1% by weight | <empty> | <empty> | <empty> | <empty>",,[],,,N,2013-04-25T00:00:00.000+0200,2
180,III,Liquidambar orientalis oil and extract (styrax),,,,94891-27-7,305-627-6,,41452 | 86682,,,0.6%,,"<empty> | <empty> | <empty> | <empty> | <empty> | <empty> | <empty> | as a constituent of other substances, or in mixtures, in concentrations equal to, or greater than 0.1% by weight | <empty> | <empty> | <empty> | <empty>",,[],,,N,2013-04-25T00:00:00.000+0200,2
181,III,Liquidambar styraciflua oil and extract (styrax),,,,8046-19-3 - 94891-28-8,232-458-4 - 305-628-1,,41453 | 57304,,,0.6%,,,,[],,,N,2013-04-25T00:00:00.000+0200,2
182,III,"1-(5,6,7,8-Tetrahydro-3,5,5,6,8,8,-hexamethyl-2-naphthyl)ethan-1-one (AHTN)",,,,21145-77-7 - 1506-02-1,244-240-6 - 216-133-4,,31581,,,"(a) leave-on products: 0.1%
except:hydroalcoholic products: 1% fine fragrance: 2.5%fragrance cream: 0.5%
(b) rinse-off products: 0.2%",All cosmetic products with the exception of oral products,"<empty> | <empty> | <empty> | <empty> | <empty> | <empty> | <empty> | as a constituent of other substances, or in mixtures, in concentrations equal to, or greater than 0.1% by weight | <empty> | <empty> | <empty> | <empty> | <empty> | <empty> | <empty> | <empty> | Shall not be placed on the market, or used, as substance or in mixtures in concentrations equal to ot greater than 0.1% by weight | <empty> | <empty> | <empty> | <empty> | Shall not be used as propellant in aerosols for any use. Aerosols dispenser containing the substance as propellant shall not be placed on the market | <empty> | <empty> | <empty> | <empty> | <empty> | <empty> | <empty> | <empty> | <empty> | <empty> | <empty> | <empty> | <empty> | <empty> | <empty> | <empty> | <empty> | <empty> | <empty> | <empty> | <empty> | <empty> | <empty>",,[],,,N,2013-04-25T00:00:00.000+0200,2
183,III,Commiphora erythrea engler var. glabrescens engler gum extract and oil,,,,93686-00-1,297-649-7,,39375 | 41425 | 57885,,,0.6%,,"<empty> | <empty> | <empty> | <empty> | <empty> | <empty> | <empty> | as a constituent of other substances, or in mixtures, in concentrations equal to, or greater than 0.1% by weight | <empty> | <empty> | <empty> | <empty> | <empty> | <empty> | <empty> | <empty> | Shall not be placed on the market, or used, as substance or in mixtures in concentrations equal to ot greater than 0.1% by weight | <empty> | <empty> | <empty> | <empty> | Shall not be used as propellant in aerosols for any use. Aerosols dispenser containing the substance as propellant shall not be placed on the market | <empty> | <empty> | <empty> | <empty> | <empty> | <empty> | <empty> | <empty> | <empty> | <empty> | <empty> | <empty> | <empty> | <empty> | <empty> | <empty> | <empty> | <empty> | <empty> | <empty> | <empty> | <empty> | <empty>",,[],,,N,2013-04-25T00:00:00.000+0200,2
184,III,Opopanax chironium resin,,,,93384-32-8,,,41462 | 41463,,,0.6%,,"<empty> | <empty> | <empty> | <empty> | <empty> | <empty> | <empty> | as a constituent of other substances, or in mixtures, in concentrations equal to, or greater than 0.1% by weight | <empty> | <empty> | <empty> | <empty> | <empty> | <empty> | <empty> | <empty> | Shall not be placed on the market, or used, as substance or in mixtures in concentrations equal to ot greater than 0.1% by weight | <empty> | <empty> | <empty> | <empty> | Shall not be used as propellant in aerosols for any use. Aerosols dispenser containing the substance as propellant shall not be placed on the market | <empty> | <empty> | <empty> | <empty> | <empty> | <empty> | <empty> | <empty> | <empty> | <empty> | <empty> | <empty> | <empty> | <empty> | <empty> | <empty> | <empty> | <empty> | <empty> | <empty> | <empty> | <empty>",,[],,,N,2013-04-25T00:00:00.000+0200,2
185,III,Toluene,,,,108-88-3,203-625-9,,80281,,,25%,Nail products,"<empty> | <empty> | <empty> | <empty> | <empty> | <empty> | <empty> | as a constituent of other substances, or in mixtures, in concentrations equal to, or greater than 0.1% by weight | <empty> | <empty> | <empty> | <empty> | <empty> | <empty> | <empty> | <empty> | Shall not be placed on the market, or used, as substance or in mixtures in concentrations equal to ot greater than 0.1% by weight | <empty> | <empty> | <empty> | <empty> | Shall not be used as propellant in aerosols for any use. Aerosols dispenser containing the substance as propellant shall not be placed on the market | <empty> | <empty> | <empty> | <empty> | <empty> | <empty> | <empty> | <empty> | <empty> | <empty> | <empty> | <empty> | <empty> | <empty> | <empty> | <empty> | <empty> | <empty> | <empty> | <empty> | <empty> | <empty> | <empty> | <empty> | <empty> | <empty> | <empty> | <empty> | <empty> | <empty> | <empty> | <empty> | <empty> | <empty> | <empty> | <empty> | <empty> | <empty> | <empty> | <empty> | <empty> | <empty> | <empty>",,"[[""2"",""Reprotoxic"",""""]]",,,N,2013-04-25T00:00:00.000+0200,2
186,III,"2,2'-oxydiethanol
Diethylene glycol (DEG)","2,2'-oxydiethanol",,,111-46-6,203-872-2,,54699 | 55844 | 56965 | 57425 | 57523 | 57573 | 57951 | 57952 | 74953 | 75710 | 83114 | 83151 | 83156 | 83207 | 83232 | 83233 | 84177,,,0.1%,As traces in ingredients,"<empty> | <empty> | <empty> | <empty> | <empty> | <empty> | <empty> | as a constituent of other substances, or in mixtures, in concentrations equal to, or greater than 0.1% by weight | <empty> | <empty> | <empty> | <empty> | <empty> | <empty> | <empty> | <empty> | Shall not be placed on the market, or used, as substance or in mixtures in concentrations equal to ot greater than 0.1% by weight | <empty> | <empty> | <empty> | <empty> | Shall not be used as propellant in aerosols for any use. Aerosols dispenser containing the substance as propellant shall not be placed on the market | <empty> | <empty> | <empty> | <empty> | <empty> | <empty> | <empty> | <empty> | <empty> | <empty> | <empty> | <empty> | <empty> | <empty> | <empty> | <empty> | <empty> | <empty> | <empty> | <empty> | <empty> | <empty> | <empty> | <empty> | <empty>",,[],,,N,2013-04-25T00:00:00.000+0200,2
187,III,Diethylene glycol monobutyl ether (DEGBE),,,,112-34-5,203-961-6,,31695,,,9%,Solvent in hair dye products,"<empty> | <empty> | <empty> | <empty> | <empty> | <empty> | <empty> | as a constituent of other substances, or in mixtures, in concentrations equal to, or greater than 0.1% by weight | <empty> | <empty> | <empty> | <empty> | <empty> | <empty> | <empty> | <empty> | Shall not be placed on the market, or used, as substance or in mixtures in concentrations equal to ot greater than 0.1% by weight | <empty> | <empty> | <empty> | <empty> | Shall not be used as propellant in aerosols for any use. Aerosols dispenser containing the substance as propellant shall not be placed on the market | <empty> | <empty> | <empty> | <empty> | <empty> | <empty> | <empty> | <empty> | <empty> | <empty> | <empty> | <empty> | <empty> | <empty> | <empty> | <empty> | <empty> | <empty> | <empty> | <empty> | <empty> | <empty> | <empty> | <empty> | <empty> | <empty> | <empty> | <empty> | <empty> | <empty> | <empty> | <empty> | <empty> | <empty> | <empty> | <empty> | <empty> | <empty> | <empty> | <empty> | <empty> | <empty> | <empty>",,[],,,N,2013-04-25T00:00:00.000+0200,2
188,III,Ethylene glycol monobutyl ether (EGBE),,,,111-76-2,203-905-0,,31696,,,"a) 4.0%
b) 2.0%","a) Solvent in oxidative hair dye products
b) Solvent in non-oxidative hair dye products","<empty> | <empty> | <empty> | <empty> | <empty> | <empty> | <empty> | as a constituent of other substances, or in mixtures, in concentrations equal to, or greater than 0.1% by weight | <empty> | <empty> | <empty> | <empty> | <empty> | <empty> | <empty> | <empty> | Shall not be placed on the market, or used, as substance or in mixtures in concentrations equal to ot greater than 0.1% by weight | <empty> | <empty> | <empty> | <empty> | Shall not be used as propellant in aerosols for any use. Aerosols dispenser containing the substance as propellant shall not be placed on the market | <empty> | <empty> | <empty> | <empty> | <empty> | <empty> | <empty> | <empty> | <empty> | <empty> | <empty> | <empty> | <empty> | <empty> | <empty> | <empty> | <empty> | <empty> | <empty> | <empty> | <empty> | <empty> | <empty> | <empty> | <empty> | <empty> | <empty> | <empty> | <empty> | <empty> | <empty> | <empty> | <empty> | <empty> | <empty> | <empty> | <empty> | <empty> | <empty> | <empty> | <empty> | <empty> | <empty> | <empty> | <empty> | <empty>",,[],,,N,2013-04-25T00:00:00.000+0200,2
189,III,"Trisodium 5-hydroxy-1-(4-sulphophenyl)-4-(4-sulphophenylazo)pyrazole-3-carboxylate and aluminium lake (see note 17).
CI 19140",Trisodium 5-hydroxy-1-(4-sulphophenyl)-4-(4-sulphophenylazo)pyrazole-3-carboxylate and aluminium lake; CI 19140,,,1934-21-0 - 12225-21-7,217-699-5 - 235-428-9,,30434 | 31637 | 32737 | 54161,HAIR DYEING,,0.5%,Hair dye substance in non-oxidative hair dye products,"<empty> | <empty> | <empty> | <empty> | <empty> | <empty> | <empty> | as a constituent of other substances, or in mixtures, in concentrations equal to, or greater than 0.1% by weight | <empty> | <empty> | <empty> | <empty> | <empty> | <empty> | <empty> | <empty> | Shall not be placed on the market, or used, as substance or in mixtures in concentrations equal to ot greater than 0.1% by weight | <empty> | <empty> | <empty> | <empty> | Shall not be used as propellant in aerosols for any use. Aerosols dispenser containing the substance as propellant shall not be placed on the market | <empty> | <empty> | <empty> | <empty> | <empty> | <empty> | <empty> | <empty> | <empty> | <empty> | <empty> | <empty> | <empty> | <empty> | <empty> | <empty> | <empty> | <empty> | <empty> | <empty> | <empty> | <empty> | <empty> | <empty> | <empty> | <empty> | <empty> | <empty> | <empty> | <empty> | <empty> | <empty> | <empty> | <empty>",,[],17 - The free base and salts of this hair colouring ingredient unless prohibited under Annex II are permitted for use,,N,2013-04-25T00:00:00.000+0200,2
190,III,"Benzenemethanaminium, N-ethyl-N-[4-[[4-[ethyl-[(3-sulfophenyl)-methyl]-amino]-phenyl](2-sulfophenyl)methylene]-2,5-cyclohexadien-1-ylidene]-3-sulfo, inner salts, disodium salt and its ammonium and aluminium salts (15); Acid Blue  Acid Blue 9 Ammonium salt; CI 42090.
(see note 17)","Benzenemethanaminium, N-ethyl-N-[4-[[4-[ethyl-[(3-sulfophenyl)-methyl]-amino]-phenyl](2-sulfophenyl)methylene]-2,5-cyclohexadien-1-ylidene]-3-sulfo, inner salts, disodium salt and its ammonium and aluminium salts (15); Acid Blue  Acid Blue 9 Ammonium salt; CI 42090.",,,3844-45-9 - 2650-18-2 - 68921-42-6,223-339-8 - 220-168-0 - 272-939-6,,31613 | 32756 | 54157 | 54158,HAIR DYEING,,0.5%,Hair dye substance in non-oxidative hair dye products,"<empty> | <empty> | <empty> | <empty> | <empty> | <empty> | <empty> | as a constituent of other substances, or in mixtures, in concentrations equal to, or greater than 0.1% by weight | <empty> | <empty> | <empty> | <empty> | <empty> | <empty> | <empty> | <empty> | Shall not be placed on the market, or used, as substance or in mixtures in concentrations equal to ot greater than 0.1% by weight | <empty> | <empty> | <empty> | <empty> | Shall not be used as propellant in aerosols for any use. Aerosols dispenser containing the substance as propellant shall not be placed on the market | <empty> | <empty> | <empty> | <empty> | <empty> | <empty> | <empty> | <empty> | <empty> | <empty> | <empty> | <empty> | <empty> | <empty> | <empty> | <empty> | <empty> | <empty> | <empty> | <empty> | <empty> | <empty> | <empty> | <empty> | <empty> | <empty> | <empty> | <empty> | <empty> | <empty> | <empty> | <empty> | <empty> | <empty>",,[],17 - The free base and salts of this hair colouring ingredient unless prohibited under Annex II are permitted for use,,N,2013-04-25T00:00:00.000+0200,2
191,III,"Disodium 6-hydroxy-5-[(2-methoxy-4-sulphonato-m-tolyl)azo]naphthalene-2-sulphonate (15); CI 16035.
(see note 17)",Disodium 6-hydroxy-5-[(2-methoxy-4-sulphonato-m-tolyl)azo]naphthalene-2-sulphonate (15); CI 16035.,,,25956-17-6,247-368-0,,30422 | 32725 | 33088,HAIR DYEING,,0.4%,Hair dye substance in non-oxidative hair dye products,"<empty> | <empty> | <empty> | <empty> | <empty> | <empty> | <empty> | as a constituent of other substances, or in mixtures, in concentrations equal to, or greater than 0.1% by weight | <empty> | <empty> | <empty> | <empty> | <empty> | <empty> | <empty> | <empty> | Shall not be placed on the market, or used, as substance or in mixtures in concentrations equal to ot greater than 0.1% by weight | <empty> | <empty> | <empty> | <empty> | Shall not be used as propellant in aerosols for any use. Aerosols dispenser containing the substance as propellant shall not be placed on the market | <empty> | <empty> | <empty> | <empty> | <empty> | <empty> | <empty> | <empty> | <empty> | <empty> | <empty> | <empty> | <empty> | <empty> | <empty> | <empty> | <empty> | <empty> | <empty> | <empty> | <empty> | <empty> | <empty> | <empty> | <empty> | <empty> | <empty> | <empty> | <empty> | <empty> | <empty> | <empty> | <empty> | <empty> | <empty> | <empty> | <empty> | <empty> | <empty> | <empty> | <empty> | <empty> | <empty>",,[],"I *: Substances without an EC number, but with a CAS number is preceded by a *",,N,2013-04-25T00:00:00.000+0200,2
192,III,"Trisodium 1-(1-naphthylazo)-2-hydroxynaphthalene-4',6,8-trisulphonate and aluminium lake  (Cl 16255) (see note 17).","Trisodium 1-(1-naphthylazo)-2-hydroxynaphthalene-4',6,8-trisulphonate and aluminium lake (Cl 16255)",,,2611-82-7 - 12227-64-4,220-036-2 - 235-438-3,,30425 | 31623 | 31624 | 32728,HAIR DYEING,,0.5%,Hair dye substance in non-oxidative hair dye products,"<empty> | <empty> | <empty> | <empty> | <empty> | <empty> | <empty> | as a constituent of other substances, or in mixtures, in concentrations equal to, or greater than 0.1% by weight | <empty> | <empty> | <empty> | <empty> | <empty> | <empty> | <empty> | <empty> | Shall not be placed on the market, or used, as substance or in mixtures in concentrations equal to ot greater than 0.1% by weight | <empty> | <empty> | <empty> | <empty> | Shall not be used as propellant in aerosols for any use. Aerosols dispenser containing the substance as propellant shall not be placed on the market | <empty> | <empty> | <empty> | <empty> | <empty> | <empty> | <empty> | <empty> | <empty> | <empty> | <empty> | <empty> | <empty> | <empty> | <empty> | <empty> | <empty> | <empty> | <empty> | <empty> | <empty> | <empty> | <empty> | <empty> | <empty> | <empty> | <empty> | <empty> | <empty> | <empty> | <empty> | <empty> | <empty> | <empty> | <empty> | <empty> | <empty> | <empty> | <empty> | <empty> | <empty> | <empty> | <empty>",,[],17 - The free base and salts of this hair colouring ingredient unless prohibited under Annex II are permitted for use,,N,2013-04-25T00:00:00.000+0200,2
193,III,"Hydrogen 3,6-bis(diethylamino)-9-(2,4-disulphonatophenyl)xanthylium, sodium salt; CI 45100 (see note 17)",,,,3520-42-1,222-529-8,,31630 | 32764 | 30470,HAIR DYEING,,(b) 0.6%,"(a) Hair dye substance in oxidative hair dye products
(b) Hair dye substance in non-oxidative hair dye products","<empty> | <empty> | <empty> | <empty> | <empty> | <empty> | <empty> | as a constituent of other substances, or in mixtures, in concentrations equal to, or greater than 0.1% by weight | <empty> | <empty> | <empty> | <empty> | <empty> | <empty> | <empty> | <empty> | Shall not be placed on the market, or used, as substance or in mixtures in concentrations equal to ot greater than 0.1% by weight | <empty> | <empty> | <empty> | <empty> | Shall not be used as propellant in aerosols for any use. Aerosols dispenser containing the substance as propellant shall not be placed on the market | <empty> | <empty> | <empty> | <empty> | <empty> | <empty> | <empty> | <empty> | <empty> | <empty> | <empty> | <empty> | <empty> | <empty> | <empty> | <empty> | <empty> | <empty> | <empty> | <empty> | <empty> | <empty> | <empty> | <empty> | <empty> | <empty> | <empty> | <empty> | <empty> | <empty> | <empty> | <empty> | <empty> | <empty>",,[],17 - The free base and salts of this hair colouring ingredient unless prohibited under Annex II are permitted for use,,N,2013-04-25T00:00:00.000+0200,2
194,III,Glyoxal,,,,107-22-2,203-474-9,,34157,,,100 mg/kg,,"<empty> | <empty> | <empty> | <empty> | <empty> | <empty> | <empty> | as a constituent of other substances, or in mixtures, in concentrations equal to, or greater than 0.1% by weight | <empty> | <empty> | <empty> | <empty> | <empty> | <empty> | <empty> | <empty> | Shall not be placed on the market, or used, as substance or in mixtures in concentrations equal to ot greater than 0.1% by weight | <empty>",,"[[""2"",""Mutagenic"",""when conc.> or equael 1%""]]",,,N,2013-04-25T00:00:00.000+0200,2
195,III,"Sodium 1-amino-4-(cyclohexylamino)-9,10-dihydro-9,10-dioxoanthracene-2-sulphonate; CI 62045 (see note 17)","Sodium 1-amino-4-(cyclohexylamino)-9,10-dihydro-9,10-dioxoanthracene-2-sulphonate; CI 62045 (see note 17)",,,4368-56-3,224-460-9,,31611 | 32788,HAIR DYEING,,0.5%,Hair dye substance in non-oxidative hair dye products,"<empty> | <empty> | <empty> | <empty> | <empty> | <empty> | <empty> | as a constituent of other substances, or in mixtures, in concentrations equal to, or greater than 0.1% by weight | <empty> | <empty> | <empty> | <empty> | <empty> | <empty> | <empty> | <empty> | Shall not be placed on the market, or used, as substance or in mixtures in concentrations equal to ot greater than 0.1% by weight | <empty> | <empty> | <empty> | <empty> | Shall not be used as propellant in aerosols for any use. Aerosols dispenser containing the substance as propellant shall not be placed on the market | <empty> | <empty> | <empty> | <empty> | <empty> | <empty> | <empty> | <empty> | <empty> | <empty> | <empty> | <empty> | <empty> | <empty> | <empty> | <empty> | <empty> | <empty> | <empty> | <empty> | <empty> | <empty> | <empty> | <empty> | <empty> | <empty> | <empty> | <empty> | <empty> | <empty> | <empty> | <empty> | <empty> | <empty>",,[],17 - The free base and salts of this hair colouring ingredient unless prohibited under Annex II are permitted for use,,N,2013-04-25T00:00:00.000+0200,2
196,III,1-[(2'-Methoxyethyl)amino]-2-nitro-4-[di-(2'-hydroxyethyl)amino]benzene (see note 17),,,,23920-15-2,459-980-7,,34188,HAIR DYEING,,2.0%,Hair dye substance in non-oxidative hair dye products,"<empty> | <empty> | <empty> | <empty> | <empty> | <empty> | <empty> | as a constituent of other substances, or in mixtures, in concentrations equal to, or greater than 0.1% by weight | <empty> | <empty> | <empty> | <empty> | <empty> | <empty> | <empty> | <empty> | Shall not be placed on the market, or used, as substance or in mixtures in concentrations equal to ot greater than 0.1% by weight | <empty> | <empty> | <empty> | <empty> | Shall not be used as propellant in aerosols for any use. Aerosols dispenser containing the substance as propellant shall not be placed on the market | <empty> | <empty> | <empty> | <empty> | <empty> | <empty> | <empty> | <empty> | <empty> | <empty> | <empty> | <empty> | <empty> | <empty> | <empty> | <empty> | <empty> | <empty> | <empty> | <empty> | <empty> | <empty> | <empty> | <empty> | <empty> | <empty> | <empty> | <empty> | <empty> | <empty> | <empty> | <empty> | <empty> | <empty>",,[],17 - The free base and salts of this hair colouring ingredient unless prohibited under Annex II are permitted for use,,N,2013-04-25T00:00:00.000+0200,2
196,III,Verbena absolute,Verbena absolute (Lippia citriodora Kunth.),,,8024-12-2/ 85116-63-8,-/ 285-515-0,,87881,,,0.2%,,,,[],,,N,2023-07-27T00:00:00.000+0200,2
197,III,Ethyl Lauroyl Arginate HCl,,,,60372-77-2,434-630-6,,56060,SKIN CONDITIONING,,"0,8 %","(a) soap (b) anti- dandruff shampoos (c) deodorants, not in form of spray","<empty> | <empty> | <empty> | <empty> | <empty> | <empty> | <empty> | as a constituent of other substances, or in mixtures, in concentrations equal to, or greater than 0.1% by weight | <empty> | <empty> | <empty> | <empty> | <empty> | <empty> | <empty> | <empty> | Shall not be placed on the market, or used, as substance or in mixtures in concentrations equal to ot greater than 0.1% by weight",,[],,,N,2013-04-25T00:00:00.000+0200,2
198,III,"2,2′-[(4-Aminophenyl))imino]bis (ethanol) sulphate; N,N-bis(2-Hydroxyethyl)- p-Phenylenediamine Sulfate",,,,54381-16-7,259-134-5,,,HAIR DYEING,,,Hair dye substance in oxidative hair dye products,,,[],,,N,2013-07-11T00:00:00.000+0200,1
199,III,"1,3-Benzenediol, 4-Chlororesorcinol",,,,95-88-5,202-462-0,,,,,,Hair dye substance in oxidative hair dye products,"<empty> | <empty> | <empty> | <empty> | <empty> | <empty> | <empty> | as a constituent of other substances, or in mixtures, in concentrations equal to, or greater than 0.1% by weight | <empty> | <empty> | <empty> | <empty> | <empty> | <empty> | <empty> | <empty> | Shall not be placed on the market, or used, as substance or in mixtures in concentrations equal to ot greater than 0.1% by weight | <empty> | <empty> | <empty> | <empty> | Shall not be used as propellant in aerosols for any use. Aerosols dispenser containing the substance as propellant shall not be placed on the market | <empty> | <empty> | <empty> | <empty> | <empty> | <empty> | <empty> | <empty> | <empty> | <empty> | <empty> | <empty> | <empty> | <empty> | <empty> | <empty> | <empty> | <empty> | <empty> | <empty> | <empty> | <empty> | <empty> | <empty> | <empty> | <empty> | <empty> | <empty> | <empty> | <empty> | <empty> | <empty> | <empty> | <empty> | <empty> | <empty> | <empty> | <empty> | <empty> | <empty> | <empty> | <empty> | <empty>",,[],,,N,2013-07-11T00:00:00.000+0200,1
200,III,"1-Propanol, 3-[[4-[bis(2-hydroxyethyl)amino]-2-nitrophenyl]amino] (see note 17)",,,,104226-19-9,410-910-3,,34213,HAIR DYEING,,2.0%,Hair dye substance in non-oxidative hair dye products,"<empty> | <empty> | <empty> | <empty> | <empty> | <empty> | <empty> | as a constituent of other substances, or in mixtures, in concentrations equal to, or greater than 0.1% by weight | <empty> | <empty> | <empty> | <empty> | <empty> | <empty> | <empty> | <empty> | Shall not be placed on the market, or used, as substance or in mixtures in concentrations equal to ot greater than 0.1% by weight | <empty> | <empty> | <empty> | <empty> | Shall not be used as propellant in aerosols for any use. Aerosols dispenser containing the substance as propellant shall not be placed on the market | <empty> | <empty> | <empty> | <empty> | <empty> | <empty> | <empty> | <empty> | <empty> | <empty> | <empty> | <empty> | <empty> | <empty> | <empty> | <empty> | <empty> | <empty> | <empty> | <empty> | <empty> | <empty> | <empty> | <empty> | <empty> | <empty> | <empty> | <empty> | <empty> | <empty> | <empty> | <empty> | <empty> | <empty>",,[],17 - The free base and salts of this hair colouring ingredient unless prohibited under Annex II are permitted for use,,N,2013-04-25T00:00:00.000+0200,2
200,III,"2,4,5,6-Tetraaminopyrimidine sulphate","2,4,5,6-Tetraaminopyrimidine sulphate",,,5392-28-9,226-393-0,,,HAIR DYEING,,"(b) 3,4% (calculated as sulphate)","(a) Hair dye substance in oxidative hair dye products
(b) Hair dye substance in non-oxidative hair dye products
(c) Products in­tended for col­ouring eyelashes","<empty> | <empty> | <empty> | <empty> | <empty> | <empty> | <empty> | as a constituent of other substances, or in mixtures, in concentrations equal to, or greater than 0.1% by weight | <empty> | <empty> | <empty> | <empty> | <empty> | <empty> | <empty> | <empty> | Shall not be placed on the market, or used, as substance or in mixtures in concentrations equal to ot greater than 0.1% by weight | <empty> | <empty> | <empty> | <empty> | Shall not be used as propellant in aerosols for any use. Aerosols dispenser containing the substance as propellant shall not be placed on the market | <empty> | <empty> | <empty> | <empty> | <empty> | <empty> | <empty> | <empty> | <empty> | <empty> | <empty> | <empty> | <empty> | <empty> | <empty> | <empty> | <empty> | <empty> | <empty> | <empty> | <empty> | <empty> | <empty> | <empty> | <empty> | <empty> | <empty> | <empty> | <empty> | <empty> | <empty> | <empty> | <empty> | <empty> | <empty> | <empty> | <empty> | <empty> | <empty> | <empty> | <empty> | <empty> | <empty>",,[],,,N,2017-02-11T00:00:00.000+0100,1
201,III,"Phenol, 2-Chloro-6-(ethylamino)-4-nitro- (see note 17)",,,,131657-78-8,411-440-1,,31494,HAIR DYEING,,3.0%,"a) Hair dye substance in oxidative hair dye product
b) Hair dye substance in non-oxidative hair dye product","<empty> | <empty> | <empty> | <empty> | <empty> | <empty> | <empty> | as a constituent of other substances, or in mixtures, in concentrations equal to, or greater than 0.1% by weight | <empty> | <empty> | <empty> | <empty> | <empty> | <empty> | <empty> | <empty> | Shall not be placed on the market, or used, as substance or in mixtures in concentrations equal to ot greater than 0.1% by weight | <empty> | <empty> | <empty> | <empty> | Shall not be used as propellant in aerosols for any use. Aerosols dispenser containing the substance as propellant shall not be placed on the market | <empty> | <empty> | <empty> | <empty> | <empty> | <empty> | <empty> | <empty> | <empty> | <empty> | <empty> | <empty> | <empty> | <empty> | <empty> | <empty> | <empty> | <empty> | <empty> | <empty> | <empty> | <empty>",,[],17 - The free base and salts of this hair colouring ingredient unless prohibited under Annex II are permitted for use,,N,2013-04-25T00:00:00.000+0200,2
202,III,"4,4'-[1,3-Propanediylbis(oxy)]bisbenzene-1,3-diamine and its tetrahydrochloride salt (see note 17)",,,,81892-72-0 - 74918-21-1,279-845-4 -  278-022-7,,31467 | 41535,HAIR DYEING,,,(a) Hair dye substance in oxidative hair dye products,"<empty> | <empty> | <empty> | <empty> | <empty> | <empty> | <empty> | as a constituent of other substances, or in mixtures, in concentrations equal to, or greater than 0.1% by weight | <empty> | <empty> | <empty> | <empty> | <empty> | <empty> | <empty> | <empty> | Shall not be placed on the market, or used, as substance or in mixtures in concentrations equal to ot greater than 0.1% by weight | <empty> | <empty> | <empty> | <empty> | Shall not be used as propellant in aerosols for any use. Aerosols dispenser containing the substance as propellant shall not be placed on the market | <empty> | <empty> | <empty> | <empty> | <empty> | <empty> | <empty> | <empty> | <empty> | <empty> | <empty> | <empty> | <empty> | <empty> | <empty> | <empty> | <empty> | <empty> | <empty> | <empty> | <empty> | <empty> | <empty> | <empty> | <empty> | <empty> | <empty> | <empty> | <empty> | <empty> | <empty> | <empty> | <empty> | <empty>",,[],,,N,2013-04-25T00:00:00.000+0200,2
203,III,"6-Methoxy-N2-methyl-2,3-pyridinediamine hydrochloride and dihydrochloride salt",6-Methoxy-2-methylamino-3-aminopyridine HCl,,,90817-34-8 /  83732-72-3,- / 280-622-9,,54224,HAIR DYEING,,(b) 0.68% as free base (1.0% as dihydrochloride),"(a) Hair dye substance in oxidative hair dye products
(b) Hair dye substance in non-oxidative hair dye products
(c) Products intended for colouring eyelashes","<empty> | <empty> | <empty> | <empty> | <empty> | <empty> | <empty> | as a constituent of other substances, or in mixtures, in concentrations equal to, or greater than 0.1% by weight | <empty> | <empty> | <empty> | <empty> | <empty> | <empty> | <empty> | <empty> | Shall not be placed on the market, or used, as substance or in mixtures in concentrations equal to ot greater than 0.1% by weight | <empty> | <empty> | <empty> | <empty> | Shall not be used as propellant in aerosols for any use. Aerosols dispenser containing the substance as propellant shall not be placed on the market | <empty> | <empty> | <empty> | <empty> | <empty> | <empty> | <empty> | <empty> | <empty> | <empty> | <empty> | <empty> | <empty> | <empty> | <empty> | <empty> | <empty> | <empty> | <empty> | <empty> | <empty> | <empty> | <empty> | <empty> | <empty> | <empty> | <empty> | <empty> | <empty>",,[],17 - The free base and salts of this hair colouring ingredient unless prohibited under Annex II are permitted for use,,N,2013-11-25T00:00:00.000+0100,2
204,III,"2,3-Dihydro-1H-indole-5,6-diol and its hydrobromide salt  (see note 17).",,,,29539-03-5 -  138937-28-7,- - 421-170-6,,55796 | 55797,HAIR DYEING,,2.0%,Hair dye substance in non-oxidative hair dye products,"<empty> | <empty> | <empty> | <empty> | <empty> | <empty> | <empty> | as a constituent of other substances, or in mixtures, in concentrations equal to, or greater than 0.1% by weight | <empty> | <empty> | <empty> | <empty> | <empty> | <empty> | <empty> | <empty> | Shall not be placed on the market, or used, as substance or in mixtures in concentrations equal to ot greater than 0.1% by weight | <empty> | <empty> | <empty> | <empty> | Shall not be used as propellant in aerosols for any use. Aerosols dispenser containing the substance as propellant shall not be placed on the market | <empty> | <empty> | <empty> | <empty> | <empty> | <empty> | <empty> | <empty> | <empty> | <empty> | <empty> | <empty> | <empty> | <empty> | <empty> | <empty> | <empty> | <empty> | <empty> | <empty> | <empty> | <empty> | <empty> | <empty> | <empty> | <empty> | <empty> | <empty> | <empty> | <empty> | <empty> | <empty> | <empty> | <empty> | <empty> | <empty> | <empty> | <empty> | <empty> | <empty> | <empty> | <empty> | <empty>",,[],17 - The free base and salts of this hair colouring ingredient unless prohibited under Annex II are permitted for use,,N,2013-04-25T00:00:00.000+0200,2
205,III,1-Hydroxy-3-nitro-4-(3-hydroxypropylamino)benzene (see note 17),,,,92952-81-3,406-305-9,,31528,HAIR DYEING,,(b) 2.6%,"(a) Hair dye substance in oxidative hair dye products
(b) Hair dye substance in non-oxidative hair dye products","<empty> | <empty> | <empty> | <empty> | <empty> | <empty> | <empty> | as a constituent of other substances, or in mixtures, in concentrations equal to, or greater than 0.1% by weight | <empty> | <empty> | <empty> | <empty> | <empty> | <empty> | <empty> | <empty> | Shall not be placed on the market, or used, as substance or in mixtures in concentrations equal to ot greater than 0.1% by weight | <empty> | <empty> | <empty> | <empty> | Shall not be used as propellant in aerosols for any use. Aerosols dispenser containing the substance as propellant shall not be placed on the market | <empty> | <empty> | <empty> | <empty> | <empty> | <empty> | <empty> | <empty> | <empty> | <empty> | <empty> | <empty> | <empty> | <empty> | <empty> | <empty> | <empty> | <empty> | <empty> | <empty> | <empty> | <empty> | <empty> | <empty> | <empty> | <empty> | <empty> | <empty> | <empty> | <empty> | <empty> | <empty> | <empty> | <empty> | <empty> | <empty> | <empty> | <empty> | <empty> | <empty> | <empty> | <empty> | <empty>",,[],17 - The free base and salts of this hair colouring ingredient unless prohibited under Annex II are permitted for use,,N,2013-04-25T00:00:00.000+0200,2
206,III,3-(2-Hydroxyethyl)-p- phenylenediammonium sulphate,3-(2-Hydroxyethyl)-p- phenylenediammonium sulphate,,,93841-25-9,298-995-1,,,HAIR DYEING,,,"(a) Hair dye sub­stance in oxidat­ive hair dye products
(b) Products in­tended for col­ouring eyelashes","<empty> | <empty> | <empty> | <empty> | <empty> | <empty> | <empty> | as a constituent of other substances, or in mixtures, in concentrations equal to, or greater than 0.1% by weight | <empty> | <empty> | <empty> | <empty> | <empty> | <empty> | <empty> | <empty> | Shall not be placed on the market, or used, as substance or in mixtures in concentrations equal to ot greater than 0.1% by weight | <empty> | <empty> | <empty> | <empty> | Shall not be used as propellant in aerosols for any use. Aerosols dispenser containing the substance as propellant shall not be placed on the market | <empty> | <empty> | <empty> | <empty> | <empty> | <empty> | <empty> | <empty> | <empty> | <empty> | <empty> | <empty> | <empty> | <empty> | <empty> | <empty> | <empty> | <empty> | <empty> | <empty> | <empty> | <empty> | <empty> | <empty> | <empty> | <empty> | <empty> | <empty> | <empty> | <empty> | <empty> | <empty> | <empty> | <empty> | <empty> | <empty> | <empty> | <empty> | <empty> | <empty> | <empty> | <empty> | <empty>",,[],,,N,2017-02-11T00:00:00.000+0100,1
207,III,"1H-Indole-5,6-diol",,,,3131-52-0,412-130-9,,,HAIR DYEING,,,(a) Hair dye substance in oxidative hair dye products,"<empty> | <empty> | <empty> | <empty> | <empty> | <empty> | <empty> | as a constituent of other substances, or in mixtures, in concentrations equal to, or greater than 0.1% by weight | <empty> | <empty> | <empty> | <empty> | <empty> | <empty> | <empty> | <empty> | Shall not be placed on the market, or used, as substance or in mixtures in concentrations equal to ot greater than 0.1% by weight | <empty> | <empty> | <empty> | <empty> | Shall not be used as propellant in aerosols for any use. Aerosols dispenser containing the substance as propellant shall not be placed on the market | <empty> | <empty> | <empty> | <empty> | <empty> | <empty> | <empty> | <empty> | <empty> | <empty> | <empty> | <empty> | <empty> | <empty> | <empty> | <empty> | <empty> | <empty> | <empty> | <empty> | <empty> | <empty> | <empty> | <empty> | <empty> | <empty> | <empty> | <empty> | <empty> | <empty> | <empty> | <empty> | <empty> | <empty> | <empty> | <empty> | <empty> | <empty> | <empty> | <empty> | <empty> | <empty> | <empty>",,[],,,N,2013-07-11T00:00:00.000+0200,1
208,III,5-Amino-4-chloro-2-methylphenol hydrochloride,5-Amino-4-chloro-2-methylphenol hydrochloride,,,110102-85-7,,,,HAIR DYEING,,,Hair dye substance in oxidative hair dye products,"<empty> | <empty> | <empty> | <empty> | <empty> | <empty> | <empty> | as a constituent of other substances, or in mixtures, in concentrations equal to, or greater than 0.1% by weight | <empty> | <empty> | <empty> | <empty> | <empty> | <empty> | <empty> | <empty> | Shall not be placed on the market, or used, as substance or in mixtures in concentrations equal to ot greater than 0.1% by weight | <empty> | <empty> | <empty> | <empty> | Shall not be used as propellant in aerosols for any use. Aerosols dispenser containing the substance as propellant shall not be placed on the market | <empty> | <empty> | <empty> | <empty> | <empty> | <empty> | <empty> | <empty> | <empty> | <empty> | <empty> | <empty> | <empty> | <empty> | <empty> | <empty> | <empty> | <empty> | <empty> | <empty> | <empty> | <empty> | <empty> | <empty> | <empty> | <empty> | <empty> | <empty> | <empty> | <empty> | <empty> | <empty> | <empty> | <empty> | <empty> | <empty> | <empty> | <empty> | <empty> | <empty> | <empty> | <empty> | <empty>",,[],,,N,2013-07-11T00:00:00.000+0200,1
208,III,1-(beta-Aminoethyl)amino-4-(beta-hydroxyethyl)oxy-2-nitrobenzene and its salts,1-(beta-Aminoethyl)amino-4-(beta-hydroxyethyl)oxy-2-nitrobenzene,,,85765-48-6,416-410-1,,34202,,,1.0%,Hair dye substance in non-oxidative hair dye products,"<empty> | <empty> | <empty> | <empty> | <empty> | <empty> | <empty> | as a constituent of other substances, or in mixtures, in concentrations equal to, or greater than 0.1% by weight | <empty> | <empty> | <empty> | <empty> | <empty> | <empty> | <empty> | <empty> | Shall not be placed on the market, or used, as substance or in mixtures in concentrations equal to ot greater than 0.1% by weight | <empty> | <empty> | <empty> | <empty> | Shall not be used as propellant in aerosols for any use. Aerosols dispenser containing the substance as propellant shall not be placed on the market | <empty> | <empty> | <empty> | <empty> | <empty> | <empty> | <empty> | <empty> | <empty> | <empty> | <empty> | <empty> | <empty> | <empty> | <empty> | <empty> | <empty> | <empty> | <empty> | <empty> | <empty> | <empty> | <empty> | <empty> | <empty> | <empty> | <empty> | <empty> | <empty> | <empty> | <empty> | <empty> | <empty> | <empty>",,[],,,N,2013-04-25T00:00:00.000+0200,2
209,III,1H-Indol-6-ol,1H-Indol-6-ol,,,2380-86-1,417-020-4,,,HAIR DYEING,,,Hair dye substance in oxidative hair dye products,"<empty> | <empty> | <empty> | <empty> | <empty> | <empty> | <empty> | as a constituent of other substances, or in mixtures, in concentrations equal to, or greater than 0.1% by weight | <empty> | <empty> | <empty> | <empty> | <empty> | <empty> | <empty> | <empty> | Shall not be placed on the market, or used, as substance or in mixtures in concentrations equal to ot greater than 0.1% by weight | <empty> | <empty> | <empty> | <empty> | Shall not be used as propellant in aerosols for any use. Aerosols dispenser containing the substance as propellant shall not be placed on the market | <empty> | <empty> | <empty> | <empty> | <empty> | <empty> | <empty> | <empty> | <empty> | <empty> | <empty> | <empty> | <empty> | <empty> | <empty> | <empty> | <empty> | <empty> | <empty> | <empty> | <empty> | <empty> | <empty> | <empty> | <empty> | <empty> | <empty> | <empty> | <empty> | <empty> | <empty> | <empty> | <empty> | <empty> | <empty> | <empty> | <empty> | <empty> | <empty> | <empty> | <empty> | <empty> | <empty>",,[],,,N,2013-07-11T00:00:00.000+0200,1
210,III,"1H-Indole-2,3-Dione","1H-Indole-2,3-Dione",,,91-56-5,202-077-8,,,HAIR DYEING,,1.6%,Hair dye substance in non-oxidative hair dye products,"<empty> | <empty> | <empty> | <empty> | <empty> | <empty> | <empty> | as a constituent of other substances, or in mixtures, in concentrations equal to, or greater than 0.1% by weight | <empty> | <empty> | <empty> | <empty> | <empty> | <empty> | <empty> | <empty> | Shall not be placed on the market, or used, as substance or in mixtures in concentrations equal to ot greater than 0.1% by weight | <empty> | <empty> | <empty> | <empty> | Shall not be used as propellant in aerosols for any use. Aerosols dispenser containing the substance as propellant shall not be placed on the market | <empty> | <empty> | <empty> | <empty> | <empty> | <empty> | <empty> | <empty> | <empty> | <empty> | <empty> | <empty> | <empty> | <empty> | <empty> | <empty> | <empty> | <empty> | <empty> | <empty> | <empty> | <empty> | <empty> | <empty> | <empty> | <empty> | <empty> | <empty> | <empty> | <empty> | <empty> | <empty> | <empty> | <empty>",,[],,,N,2013-07-11T00:00:00.000+0200,1
211,III,2-Aminopyridin-3-ol; 2-Amino-3-Hydroxypyridine,2-Aminopyridin-3-ol; 2-Amino-3-Hydroxypyridine,,,16867-03-1,240-886-8,,,HAIR DYEING,,,"(a) Hair dye sub­stance in oxidat­ive hair dye products
(b) Products in­tended for col­ouring eyelashes","<empty> | <empty> | <empty> | <empty> | <empty> | <empty> | <empty> | as a constituent of other substances, or in mixtures, in concentrations equal to, or greater than 0.1% by weight | <empty> | <empty> | <empty> | <empty> | <empty> | <empty> | <empty> | <empty> | Shall not be placed on the market, or used, as substance or in mixtures in concentrations equal to ot greater than 0.1% by weight | <empty> | <empty> | <empty> | <empty> | Shall not be used as propellant in aerosols for any use. Aerosols dispenser containing the substance as propellant shall not be placed on the market | <empty> | <empty> | <empty> | <empty> | <empty> | <empty> | <empty> | <empty> | <empty> | <empty> | <empty> | <empty> | <empty> | <empty> | <empty> | <empty> | <empty> | <empty> | <empty> | <empty> | <empty> | <empty> | <empty> | <empty> | <empty> | <empty> | <empty> | <empty> | <empty> | <empty> | <empty> | <empty> | <empty> | <empty> | <empty> | <empty> | <empty> | <empty> | <empty> | <empty> | <empty> | <empty> | <empty>",,[],,,N,2017-02-11T00:00:00.000+0100,1
212,III,2-Methyl-1-naphthyl acetate,2-Methyl-1-naphthyl acetate,,,5697-02-9,454-690-7,,,HAIR DYEING,,,Hair dye substance in oxidative hair dye products,"<empty> | <empty> | <empty> | <empty> | <empty> | <empty> | <empty> | as a constituent of other substances, or in mixtures, in concentrations equal to, or greater than 0.1% by weight | <empty> | <empty> | <empty> | <empty> | <empty> | <empty> | <empty> | <empty> | Shall not be placed on the market, or used, as substance or in mixtures in concentrations equal to ot greater than 0.1% by weight | <empty> | <empty> | <empty> | <empty> | Shall not be used as propellant in aerosols for any use. Aerosols dispenser containing the substance as propellant shall not be placed on the market | <empty> | <empty> | <empty> | <empty> | <empty> | <empty> | <empty> | <empty> | <empty> | <empty> | <empty> | <empty> | <empty> | <empty> | <empty> | <empty> | <empty> | <empty> | <empty> | <empty> | <empty> | <empty> | <empty> | <empty> | <empty> | <empty> | <empty> | <empty> | <empty> | <empty> | <empty> | <empty> | <empty> | <empty>",,[],,,N,2013-07-11T00:00:00.000+0200,1
213,III,1-Hydroxy-2-methylnaphthalene,1-Hydroxy-2-methylnaphthalene,,,7469-77-4,231-265-2,,,HAIR DYEING,,,Hair dye substance in oxidative hair dye products,"<empty> | <empty> | <empty> | <empty> | <empty> | <empty> | <empty> | as a constituent of other substances, or in mixtures, in concentrations equal to, or greater than 0.1% by weight | <empty> | <empty> | <empty> | <empty> | <empty> | <empty> | <empty> | <empty> | Shall not be placed on the market, or used, as substance or in mixtures in concentrations equal to ot greater than 0.1% by weight | <empty> | <empty> | <empty> | <empty> | Shall not be used as propellant in aerosols for any use. Aerosols dispenser containing the substance as propellant shall not be placed on the market | <empty> | <empty> | <empty> | <empty> | <empty> | <empty> | <empty> | <empty> | <empty> | <empty> | <empty> | <empty> | <empty> | <empty> | <empty> | <empty> | <empty> | <empty> | <empty> | <empty> | <empty> | <empty> | <empty> | <empty> | <empty> | <empty> | <empty> | <empty> | <empty> | <empty> | <empty> | <empty> | <empty> | <empty>",,[],,,N,2013-07-11T00:00:00.000+0200,1
214,III,"Disodium 5,7-dinitro-8-oxido-2- naphthalenesulfonate CI 1036","Disodium 5,7-dinitro-8-oxido-2- naphthalenesulfonate  CI 1036",,,846-70-8,212-690-2,,30383,HAIR DYEING,,"(b) 0,2%","(a) Hair dye substance in oxidative hair dye products
(b) Hair dye substance in non-oxidative hair dye products","<empty> | <empty> | <empty> | <empty> | <empty> | <empty> | <empty> | as a constituent of other substances, or in mixtures, in concentrations equal to, or greater than 0.1% by weight | <empty> | <empty> | <empty> | <empty> | <empty> | <empty> | <empty> | <empty> | Shall not be placed on the market, or used, as substance or in mixtures in concentrations equal to ot greater than 0.1% by weight | <empty> | <empty> | <empty> | <empty> | Shall not be used as propellant in aerosols for any use. Aerosols dispenser containing the substance as propellant shall not be placed on the market | <empty> | <empty> | <empty> | <empty> | <empty> | <empty> | <empty> | <empty> | <empty> | <empty> | <empty> | <empty> | <empty> | <empty> | <empty> | <empty> | <empty> | <empty> | <empty> | <empty> | <empty> | <empty> | <empty> | <empty> | <empty> | <empty> | <empty> | <empty> | <empty> | <empty> | <empty> | <empty> | <empty> | <empty>",,[],,,N,2013-07-11T00:00:00.000+0200,1
215,III,4-Amino-3-nitrophenol,,,,610-81-1,210-236-8,,31524,,,(b) 1.0%,"(a) Hair dye substance in oxidative hair dye products
(b)Hair dye substance in non-oxidative hair dye products","<empty> | <empty> | <empty> | <empty> | <empty> | <empty> | <empty> | as a constituent of other substances, or in mixtures, in concentrations equal to, or greater than 0.1% by weight | <empty> | <empty> | <empty> | <empty> | <empty> | <empty> | <empty> | <empty> | Shall not be placed on the market, or used, as substance or in mixtures in concentrations equal to ot greater than 0.1% by weight | <empty> | <empty> | <empty> | <empty> | Shall not be used as propellant in aerosols for any use. Aerosols dispenser containing the substance as propellant shall not be placed on the market | <empty> | <empty> | <empty> | <empty> | <empty> | <empty> | <empty> | <empty> | <empty> | <empty> | <empty> | <empty> | <empty> | <empty> | <empty> | <empty> | <empty> | <empty> | <empty> | <empty> | <empty> | <empty> | <empty> | <empty> | <empty> | <empty> | <empty> | <empty> | <empty> | <empty> | <empty> | <empty> | <empty> | <empty> | <empty> | <empty> | <empty> | <empty>",,[],,,N,2013-04-25T00:00:00.000+0200,2
216,III,"Naphthalene-2,7-diol",,,,582-17-2,209-478-7,,31484,,,"(b) 1,0 %","(a) Hair dye substance in oxidative hair dye products
(b) Hair dye substance in non- oxidative hair dye products","<empty> | <empty> | <empty> | <empty> | <empty> | <empty> | <empty> | as a constituent of other substances, or in mixtures, in concentrations equal to, or greater than 0.1% by weight | <empty> | <empty> | <empty> | <empty> | <empty> | <empty> | <empty> | <empty> | Shall not be placed on the market, or used, as substance or in mixtures in concentrations equal to ot greater than 0.1% by weight | <empty> | <empty> | <empty> | <empty> | Shall not be used as propellant in aerosols for any use. Aerosols dispenser containing the substance as propellant shall not be placed on the market | <empty> | <empty> | <empty> | <empty> | <empty> | <empty> | <empty> | <empty> | <empty> | <empty> | <empty> | <empty> | <empty> | <empty> | <empty> | <empty> | <empty> | <empty> | <empty> | <empty> | <empty> | <empty> | <empty> | <empty> | <empty> | <empty> | <empty> | <empty> | <empty> | <empty> | <empty> | <empty> | <empty> | <empty> | <empty> | <empty> | <empty> | <empty>",,[],,,N,2013-04-25T00:00:00.000+0200,2
217,III,m-Aminophenol and its salts,,,,591-27-5/ 51-81-0 / 68239-81-6 /38171-54-9,209-711-2 / 200-125-2 / 269-475-1,,35147 | 35148 | 35149,,,,"(a) Hair dye substance in oxidative hair dye products
(b) Products intended for colouring eyelashes","<empty> | <empty> | <empty> | <empty> | <empty> | <empty> | <empty> | as a constituent of other substances, or in mixtures, in concentrations equal to, or greater than 0.1% by weight | <empty> | <empty> | <empty> | <empty> | <empty> | <empty> | <empty> | <empty> | Shall not be placed on the market, or used, as substance or in mixtures in concentrations equal to ot greater than 0.1% by weight | <empty> | <empty> | <empty> | <empty> | Shall not be used as propellant in aerosols for any use. Aerosols dispenser containing the substance as propellant shall not be placed on the market | <empty> | <empty> | <empty> | <empty> | <empty> | <empty> | <empty> | <empty> | <empty> | <empty> | <empty> | <empty> | <empty> | <empty> | <empty> | <empty> | <empty> | <empty> | <empty> | <empty> | <empty> | <empty> | <empty> | <empty> | <empty> | <empty> | <empty> | <empty> | <empty> | <empty> | <empty> | <empty> | <empty> | <empty> | <empty> | <empty> | <empty> | <empty> | <empty> | <empty> | <empty> | <empty> | <empty>",,[],,,N,2013-11-25T00:00:00.000+0100,2
218,III,"6-Hydroxy-3,4- dimethyl-2-pyridone",,,,84540-47-6,283-141-2,,41525,,,,Hair dye substance in oxidative hair dye products,"<empty> | <empty> | <empty> | <empty> | <empty> | <empty> | <empty> | as a constituent of other substances, or in mixtures, in concentrations equal to, or greater than 0.1% by weight | <empty> | <empty> | <empty> | <empty> | <empty> | <empty> | <empty> | <empty> | Shall not be placed on the market, or used, as substance or in mixtures in concentrations equal to ot greater than 0.1% by weight | <empty> | <empty> | <empty> | <empty> | Shall not be used as propellant in aerosols for any use. Aerosols dispenser containing the substance as propellant shall not be placed on the market | <empty> | <empty> | <empty> | <empty> | <empty> | <empty> | <empty> | <empty> | <empty> | <empty> | <empty> | <empty> | <empty> | <empty> | <empty> | <empty> | <empty> | <empty> | <empty> | <empty> | <empty> | <empty> | <empty> | <empty> | <empty> | <empty> | <empty> | <empty> | <empty> | <empty> | <empty> | <empty> | <empty> | <empty> | <empty> | <empty> | <empty> | <empty>",,[],,,N,2013-04-25T00:00:00.000+0200,2
219,III,1-Hydroxy-3-nitro- 4-(3-hydroxypropy lamino)benzene,,1-Hydroxy-3-nitro-4-(3-hydroxypropylamino)benzene,,92952-81-3,406-305-9,,31528,,,"(b) 2,6 %","(a) Hair dye substance in oxidative hair dye products 
(b) Hair dye substance in non-oxidative hair dye products",,,[],,,N,2009-12-22T00:00:00.000+0100,1
220,III,1-[(2′-Methoxye thyl)amino]-2-nitro- 4-[di-(2′-hydroxye thyl)amino]ben zene,,,,23920-15-2,459-980-7,,34188,,,"2,0 %",Hair dye substance in non-oxidative hair dye products,,,[],,,N,2009-12-22T00:00:00.000+0100,1
221,III,2-(4-Methyl-2-nitroanilino)ethanol,2-(4-Methyl-2-nitroanilino)ethanol,,,100418-33-5,408-090-7,,,,,"(b) 1,0%","(a) Hair dye substance in oxidative hair dye products
(b) Hair dye substance in non-oxidative hair dye products","<empty> | <empty> | <empty> | <empty> | <empty> | <empty> | <empty> | as a constituent of other substances, or in mixtures, in concentrations equal to, or greater than 0.1% by weight | <empty> | <empty> | <empty> | <empty> | <empty> | <empty> | <empty> | <empty> | Shall not be placed on the market, or used, as substance or in mixtures in concentrations equal to ot greater than 0.1% by weight | <empty> | <empty> | <empty> | <empty> | Shall not be used as propellant in aerosols for any use. Aerosols dispenser containing the substance as propellant shall not be placed on the market | <empty> | <empty> | <empty> | <empty> | <empty> | <empty> | <empty> | <empty> | <empty> | <empty> | <empty> | <empty> | <empty> | <empty> | <empty> | <empty> | <empty> | <empty> | <empty> | <empty> | <empty> | <empty> | <empty> | <empty> | <empty> | <empty> | <empty> | <empty> | <empty> | <empty> | <empty> | <empty> | <empty> | <empty> | <empty> | <empty> | <empty> | <empty> | <empty> | <empty> | <empty> | <empty> | <empty>",,[],,,N,2013-07-11T00:00:00.000+0200,1
222,III,"1-Hydroxy-2-beta-hydroxyethylamino-4,6-dinitrobenzene",,,,99610-72-7,412-520-9,,31498,,,(b) 2.0%,"(a) Hair dye substance in oxidative hair day products 
(b) Hair dye substance in non-oxidative hair day products","<empty> | <empty> | <empty> | <empty> | <empty> | <empty> | <empty> | as a constituent of other substances, or in mixtures, in concentrations equal to, or greater than 0.1% by weight | <empty> | <empty> | <empty> | <empty> | <empty> | <empty> | <empty> | <empty> | Shall not be placed on the market, or used, as substance or in mixtures in concentrations equal to ot greater than 0.1% by weight | <empty> | <empty> | <empty> | <empty> | Shall not be used as propellant in aerosols for any use. Aerosols dispenser containing the substance as propellant shall not be placed on the market | <empty> | <empty> | <empty> | <empty> | <empty> | <empty> | <empty> | <empty> | <empty> | <empty> | <empty> | <empty> | <empty> | <empty> | <empty> | <empty> | <empty> | <empty> | <empty> | <empty> | <empty> | <empty> | <empty> | <empty> | <empty> | <empty> | <empty> | <empty> | <empty> | <empty> | <empty> | <empty> | <empty> | <empty>",,"[[""2"",""Reprotoxic"",""""]]",,,N,2013-04-25T00:00:00.000+0200,2
223,III,4-Methylaminophenol and its salts,,,,150-75-4 - 55-55-0 - 1936-57-8,205-768-2 - 200-237-1 - 217-706-1,,36625 | 36626,,,,Hair dye in oxidative hair dye products,"<empty> | <empty> | <empty> | <empty> | <empty> | <empty> | <empty> | as a constituent of other substances, or in mixtures, in concentrations equal to, or greater than 0.1% by weight | <empty> | <empty> | <empty> | <empty> | <empty> | <empty> | <empty> | <empty> | Shall not be placed on the market, or used, as substance or in mixtures in concentrations equal to ot greater than 0.1% by weight | <empty>",,[],,,N,2013-04-25T00:00:00.000+0200,1
224,III,"1-Propanol, 3-[[4-[bis(2-hydroxyethyl)amino]-2-nitrophenyl]amino]",,,,104226-19-9,410-910-3,,34213,,,"2,0  %",Hair dye substance in non-oxidative hair dye products,,,[],,,N,2009-12-22T00:00:00.000+0100,1
225,III,1-(beta-Hydroxyethyl)amino-2-nitro-4-N-ethyl-N-(beta-hydroxyethyl)aminobenzene and its hydrocloride,1-(beta-Hydroxyethyl)amino-2-nitro-4- N-ethyl-N-(.beta.- hydroxyethyl)aminobenzene and its hydrochloride,,,104516-93-0 - 132885-85-9,407-020-2,,34189,,,(b) 1.5% (as hydrocloride),"(a) Hair dye substance in oxidative hair dye products
(b)  Hair dye substance in non-oxidative hair dye products","<empty> | <empty> | <empty> | <empty> | <empty> | <empty> | <empty> | as a constituent of other substances, or in mixtures, in concentrations equal to, or greater than 0.1% by weight | <empty> | <empty> | <empty> | <empty> | <empty> | <empty> | <empty> | <empty> | Shall not be placed on the market, or used, as substance or in mixtures in concentrations equal to ot greater than 0.1% by weight | <empty> | <empty> | <empty> | <empty> | Shall not be used as propellant in aerosols for any use. Aerosols dispenser containing the substance as propellant shall not be placed on the market | <empty> | <empty> | <empty> | <empty> | <empty> | <empty> | <empty> | <empty> | <empty> | <empty> | <empty> | <empty> | <empty> | <empty> | <empty> | <empty> | <empty> | <empty> | <empty> | <empty> | <empty> | <empty> | <empty> | <empty> | <empty> | <empty> | <empty> | <empty> | <empty> | <empty> | <empty> | <empty> | <empty> | <empty>",,[],,,N,2013-04-25T00:00:00.000+0200,2
226,III,"4,4′-[1,3-Propanediylbis(oxy)]bisbenzene-1,3-diamine and its tetrahydrochloride salt",,,,81892-72-0 / 74918-21-1,279-845-4 / 278-022-7,,,,,"(b)  1,2 % as free base (1,8 % as tetrahydrochloride salt)","(a)  Hair dye substance in oxidative hair dye products
(b)  Hair dye substance in non-oxidative hair dye products",,,[],,,N,2009-12-22T00:00:00.000+0100,1
227,III,"3-Amino-2,4-dichlorophenol and its hydrochloride",,,,61693-42-3 - 61693-43-4,262-909-0,,41526 | 41538,,,"(b) 1,5% (as hydrochloride)","(a) Hair dye substance oxidative hair dye products
(b) Hair dye substance in non-oxidative hair dye products",,,[],,,N,2013-04-25T00:00:00.000+0200,2
228,III,3-Methyl-1-phenyl-5-pyrazolone,,Edaravone,,89-25-8,201-891-0,,36531,,,,Hair dye subtance in oxidative hair dye products,"<empty> | <empty> | <empty> | <empty> | <empty> | <empty> | <empty> | as a constituent of other substances, or in mixtures, in concentrations equal to, or greater than 0.1% by weight | <empty> | <empty> | <empty> | <empty> | <empty> | <empty> | <empty> | <empty> | Shall not be placed on the market, or used, as substance or in mixtures in concentrations equal to ot greater than 0.1% by weight | <empty> | <empty> | <empty> | <empty> | Shall not be used as propellant in aerosols for any use. Aerosols dispenser containing the substance as propellant shall not be placed on the market | <empty> | <empty> | <empty> | <empty> | <empty> | <empty> | <empty> | <empty> | <empty> | <empty> | <empty> | <empty> | <empty> | <empty> | <empty> | <empty> | <empty> | <empty> | <empty> | <empty> | <empty> | <empty> | <empty> | <empty> | <empty> | <empty> | <empty> | <empty> | <empty> | <empty> | <empty> | <empty> | <empty> | <empty>",,[],,,N,2013-04-25T00:00:00.000+0200,2
229,III,5-[(2-hydroxyethyl)amino]-o-cresol,,,,55302-96-0,259-583-7,,31502,COLORANT,,,"(a) Hair dye substance in oxidatie hair dye products.
(b) Products intended for colouring eyelashes","<empty> | <empty> | <empty> | <empty> | <empty> | <empty> | <empty> | as a constituent of other substances, or in mixtures, in concentrations equal to, or greater than 0.1% by weight | <empty> | <empty> | <empty> | <empty> | <empty> | <empty> | <empty> | <empty> | Shall not be placed on the market, or used, as substance or in mixtures in concentrations equal to ot greater than 0.1% by weight | <empty> | <empty> | <empty> | <empty> | Shall not be used as propellant in aerosols for any use. Aerosols dispenser containing the substance as propellant shall not be placed on the market | <empty> | <empty> | <empty> | <empty> | <empty> | <empty> | <empty>",,[],,,N,2013-11-25T00:00:00.000+0100,1
230,III,"2,3-Dihydro-2H-1,4-benzoxazin-6-ol",,,,26021-57-8,247-415-5,,34480,,,,Hair dye substance in oxidative hair dye products,,,[],,,N,2013-04-25T00:00:00.000+0200,2
231,III,"1,5-Di-(beta-hydroxyethylamino)-2-nitro-4-chlorobenzene (see note 17)","1,5-Di-(beta-hydroxyethylamino)-2-nitro-4-chlorobenzene",,,109023-83-8,416-940-3,,34214,HAIR DYEING,,0.1%,Hair dye substance in non-oxidative hair dyes products,"<empty> | <empty> | <empty> | <empty> | <empty> | <empty> | <empty> | as a constituent of other substances, or in mixtures, in concentrations equal to, or greater than 0.1% by weight | <empty> | <empty> | <empty> | <empty> | <empty> | <empty> | <empty> | <empty> | Shall not be placed on the market, or used, as substance or in mixtures in concentrations equal to ot greater than 0.1% by weight | <empty> | <empty> | <empty> | <empty> | Shall not be used as propellant in aerosols for any use. Aerosols dispenser containing the substance as propellant shall not be placed on the market | <empty> | <empty> | <empty> | <empty> | <empty> | <empty> | <empty> | <empty> | <empty> | <empty> | <empty> | <empty> | <empty> | <empty> | <empty> | <empty> | <empty> | <empty> | <empty> | <empty> | <empty> | <empty> | <empty> | <empty> | <empty> | <empty> | <empty> | <empty> | <empty> | <empty> | <empty> | <empty> | <empty> | <empty>",,[],,,N,2013-04-25T00:00:00.000+0200,2
232,III,"3,5-Diamino-2,6-dimethoxypyridine and its salts","2,6-Dimethoxy-3,5- pyridinediamine and its hydrochloride",,,56216-28-5 - 85679-78-3,260-062-1,,31482,COLORANT,,,Hair dye substance in oxidative hair dye products,"<empty> | <empty> | <empty> | <empty> | <empty> | <empty> | <empty> | as a constituent of other substances, or in mixtures, in concentrations equal to, or greater than 0.1% by weight | <empty>",,[],,,N,2013-04-25T00:00:00.000+0200,1
234,III,"Ethanol, 2-[(4-amino-2-methyl-5-nitrophenyl)amino]- and its salts","Ethanol, 2-[(4-amino-2-methyl-5-nitrophenyl)amino]- and its salts",,,82576-75-8,417-600-7,,34212,,,(b) 0.28%,"(a) Hair dye substance in oxidative hair dye products
(b) Hair dye substance in non-oxidative hair dye products","<empty> | <empty> | <empty> | <empty> | <empty> | <empty> | <empty> | as a constituent of other substances, or in mixtures, in concentrations equal to, or greater than 0.1% by weight | <empty> | <empty> | <empty> | <empty> | <empty> | <empty> | <empty> | <empty> | Shall not be placed on the market, or used, as substance or in mixtures in concentrations equal to ot greater than 0.1% by weight | <empty> | <empty> | <empty> | <empty> | Shall not be used as propellant in aerosols for any use. Aerosols dispenser containing the substance as propellant shall not be placed on the market | <empty> | <empty> | <empty> | <empty> | <empty> | <empty> | <empty> | <empty> | <empty> | <empty> | <empty> | <empty> | <empty> | <empty> | <empty> | <empty> | <empty> | <empty> | <empty> | <empty> | <empty> | <empty> | <empty> | <empty> | <empty> | <empty> | <empty> | <empty> | <empty> | <empty> | <empty> | <empty> | <empty> | <empty>",,[],,,N,2013-04-25T00:00:00.000+0200,2
235,III,2-[3-(Methylamino)-4-nitrophenoxy]ethanol  (see note 17),,,,59820-63-2,261-940-7,,31517,HAIR DYEING,,0 15%,Hair due substance in non-oxidative hair dye products,<empty> | <empty> | <empty> | <empty>,,[],17 - The free base and salts of this hair colouring ingredient unless prohibited under Annex II are permitted for use,,N,2013-04-25T00:00:00.000+0200,1
236,III,2-[(2-methoxy-4-nitrophenyl)amino]ethanol and its salts,,,,66095-81-6,266-138-0,,31499,,,0.2%%,Hair dye substance in non-oxidative hair dye products,"<empty> | <empty> | <empty> | <empty> | <empty> | <empty> | <empty> | as a constituent of other substances, or in mixtures, in concentrations equal to, or greater than 0.1% by weight | <empty> | <empty> | <empty> | <empty> | <empty> | <empty> | <empty> | <empty> | Shall not be placed on the market, or used, as substance or in mixtures in concentrations equal to ot greater than 0.1% by weight | <empty> | <empty> | <empty> | <empty> | Shall not be used as propellant in aerosols for any use. Aerosols dispenser containing the substance as propellant shall not be placed on the market | <empty> | <empty> | <empty> | <empty> | <empty> | <empty> | <empty> | <empty> | <empty> | <empty> | <empty> | <empty> | <empty> | <empty> | <empty> | <empty> | <empty> | <empty> | <empty> | <empty> | <empty> | <empty>",,[],,,N,2013-04-25T00:00:00.000+0200,1
237,III,"2,2'-[(4-Amino-3-nitrophenyl)imino]bisethanol hydrochloride and its salts",,,,29705-39-3 -  94158-13-1,-- 303-083-4,,34207,,,(b) 2.5% (as hydro-chloride),"(a) Hair due substance in oxidative hair dye products
(b) Hair due substance in non-oxidative hair dye products","<empty> | <empty> | <empty> | <empty> | <empty> | <empty> | <empty> | as a constituent of other substances, or in mixtures, in concentrations equal to, or greater than 0.1% by weight | <empty> | <empty> | <empty> | <empty> | <empty> | <empty> | <empty> | <empty> | Shall not be placed on the market, or used, as substance or in mixtures in concentrations equal to ot greater than 0.1% by weight | <empty> | <empty> | <empty> | <empty>",,[],,,N,2013-04-25T00:00:00.000+0200,1
238,III,"Naphthalene-1,5-diol and its salts","Naphthalene-1,5-diol and its salts",,,83-56-7,201-487-4,,31468,,,b) 1.0%,"a) Hair dye substance in oxidative hair dye products
b) Hair dye substance in non-oxidative hair dye products","<empty> | <empty> | <empty> | <empty> | <empty> | <empty> | <empty> | as a constituent of other substances, or in mixtures, in concentrations equal to, or greater than 0.1% by weight | <empty> | <empty> | <empty> | <empty> | <empty> | <empty> | <empty> | <empty> | Shall not be placed on the market, or used, as substance or in mixtures in concentrations equal to ot greater than 0.1% by weight | <empty> | <empty> | <empty> | <empty> | Shall not be used as propellant in aerosols for any use. Aerosols dispenser containing the substance as propellant shall not be placed on the market | <empty> | <empty> | <empty>",,[],,,N,2013-04-25T00:00:00.000+0200,1
239,III,Hydroxypropyl bis(N-hydroxyethyl-p-phenylenediamine) and its tetrahydro-chloride,,,,128729-30-6 -- 128729-28-2,416-320-2,,34526,,,,Hair dye substance in oxidative hair dye products,"<empty> | <empty> | <empty> | <empty> | <empty> | <empty> | <empty> | as a constituent of other substances, or in mixtures, in concentrations equal to, or greater than 0.1% by weight | <empty> | <empty> | <empty> | <empty> | <empty> | <empty> | <empty> | <empty> | Shall not be placed on the market, or used, as substance or in mixtures in concentrations equal to ot greater than 0.1% by weight | <empty> | <empty> | <empty> | <empty> | Shall not be used as propellant in aerosols for any use. Aerosols dispenser containing the substance as propellant shall not be placed on the market | <empty> | <empty> | <empty> | <empty> | <empty> | <empty> | <empty> | <empty> | <empty> | <empty> | <empty> | <empty> | <empty> | <empty> | <empty> | <empty> | <empty> | <empty> | <empty> | <empty> | <empty> | <empty> | <empty> | <empty> | <empty> | <empty> | <empty> | <empty>",,[],,,N,2013-04-25T00:00:00.000+0200,1
240,III,"4-Nitro-1,2-phenylenediamine","4-Nitro-1,2-phenylenediamine",,,99-56-9,202-766-3,,,HAIR DYEING,,,Hair dye substance in oxidative hair dye products,"<empty> | <empty> | <empty> | <empty> | <empty> | <empty> | <empty> | as a constituent of other substances, or in mixtures, in concentrations equal to, or greater than 0.1% by weight | <empty> | <empty> | <empty> | <empty> | <empty> | <empty> | <empty> | <empty> | Shall not be placed on the market, or used, as substance or in mixtures in concentrations equal to ot greater than 0.1% by weight | <empty> | <empty> | <empty> | <empty> | Shall not be used as propellant in aerosols for any use. Aerosols dispenser containing the substance as propellant shall not be placed on the market | <empty> | <empty> | <empty> | <empty> | <empty> | <empty> | <empty> | <empty> | <empty> | <empty> | <empty> | <empty> | <empty> | <empty> | <empty> | <empty> | <empty> | <empty> | <empty> | <empty> | <empty> | <empty> | <empty> | <empty> | <empty> | <empty> | <empty> | <empty> | <empty> | <empty> | <empty> | <empty> | <empty> | <empty>",,[],,,N,2013-07-11T00:00:00.000+0200,1
241,III,5-Amino-o-cresol,5-Amino-o-cresol,,,2835-95-2,220-618-6,,31522,,,,"(a) Hair dye substance in oxidative hair dye products
(b) Products intented for colouring eyelashes","<empty> | <empty> | <empty> | <empty> | <empty> | <empty> | <empty> | as a constituent of other substances, or in mixtures, in concentrations equal to, or greater than 0.1% by weight | <empty> | <empty> | <empty> | <empty> | <empty> | <empty> | <empty> | <empty> | Shall not be placed on the market, or used, as substance or in mixtures in concentrations equal to ot greater than 0.1% by weight | <empty> | <empty> | <empty> | <empty> | Shall not be used as propellant in aerosols for any use. Aerosols dispenser containing the substance as propellant shall not be placed on the market | <empty> | <empty> | <empty> | <empty> | <empty> | <empty> | <empty> | <empty> | <empty> | <empty> | <empty> | <empty> | <empty> | <empty> | <empty> | <empty> | <empty> | <empty> | <empty> | <empty> | <empty> | <empty> | <empty> | <empty> | <empty> | <empty> | <empty> | <empty> | <empty> | <empty> | <empty> | <empty> | <empty> | <empty> | <empty> | <empty> | <empty> | <empty> | <empty> | <empty> | <empty> | <empty> | <empty>",,[],,,N,2013-11-25T00:00:00.000+0100,1
242,III,"2,4-Diaminophenoxyethanol, its hydrochloride and its sulphate","2,4-Diaminophenoxyethanol, its hydrochloride and its sulphate",,,70643-19-5 / 66422-95-5 / 70643-20-8,- / 266-357-1 / 274-713-2,,31476 | 54183,,,,"(a) Hair dye substance in oxidative hair dye products
(b) Products intended for colouring eyelashes","<empty> | <empty> | <empty> | <empty> | <empty> | <empty> | <empty> | as a constituent of other substances, or in mixtures, in concentrations equal to, or greater than 0.1% by weight | <empty> | <empty> | <empty> | <empty> | <empty> | <empty> | <empty> | <empty> | Shall not be placed on the market, or used, as substance or in mixtures in concentrations equal to ot greater than 0.1% by weight | <empty> | <empty> | <empty>",,[],,,N,2013-11-25T00:00:00.000+0100,2
243,III,"1,3-benzenediol, 2-methyl","1,3-benzenediol, 2-methyl",,,608-25-3,210-155-8,,31503,,,(b) 1.8 %,"(a) Hair dye sub­stance in oxidat­ive hair dye products
(b) Hair dye sub­stance in non-oxidative hair dye products
(c) Products in­tended for col­ouring eyelashes","<empty> | <empty> | <empty> | <empty> | <empty> | <empty> | <empty> | as a constituent of other substances, or in mixtures, in concentrations equal to, or greater than 0.1% by weight | <empty>",,[],,,N,2017-02-11T00:00:00.000+0100,1
244,III,4-Amino-m-cresol,4-Amino-m-cresol,,,2835-99-6,220-621-2,,31525,,,,"(a) Hair dye substance in oxidative hair dye products
(b) Products intended for colouring eyelashes","<empty> | <empty> | <empty> | <empty> | <empty> | <empty> | <empty> | as a constituent of other substances, or in mixtures, in concentrations equal to, or greater than 0.1% by weight | <empty> | <empty> | <empty> | <empty> | <empty> | <empty> | <empty> | <empty> | Shall not be placed on the market, or used, as substance or in mixtures in concentrations equal to ot greater than 0.1% by weight | <empty> | <empty> | <empty> | <empty> | Shall not be used as propellant in aerosols for any use. Aerosols dispenser containing the substance as propellant shall not be placed on the market | <empty> | <empty> | <empty> | <empty> | <empty> | <empty> | <empty> | <empty> | <empty> | <empty> | <empty> | <empty> | <empty> | <empty> | <empty> | <empty> | <empty> | <empty> | <empty> | <empty> | <empty> | <empty> | <empty> | <empty> | <empty> | <empty> | <empty> | <empty> | <empty> | <empty> | <empty> | <empty> | <empty> | <empty> | <empty> | <empty> | <empty> | <empty> | <empty> | <empty> | <empty> | <empty> | <empty>",,[],,,N,2013-11-25T00:00:00.000+0100,1
245,III,2-[(3-Amino-4-methoxyphenyl)amino]ethanol and its sulphate,2-[(3-Amino-4-methoxyphenyl)amino]ethanol and its sulphate,,,83763-47-7 / 83763-48-8,280-733-2 / 280-734-8,,31487 | 31488,,,,"(a) Hair dye substance in oxidative hair dye products
(b) Products intended for colouring eyelashes","<empty> | <empty> | <empty> | <empty> | <empty> | <empty> | <empty> | as a constituent of other substances, or in mixtures, in concentrations equal to, or greater than 0.1% by weight | <empty> | <empty> | <empty> | <empty> | <empty> | <empty> | <empty> | <empty> | Shall not be placed on the market, or used, as substance or in mixtures in concentrations equal to ot greater than 0.1% by weight | <empty> | <empty> | <empty> | <empty> | Shall not be used as propellant in aerosols for any use. Aerosols dispenser containing the substance as propellant shall not be placed on the market | <empty> | <empty> | <empty> | <empty> | <empty> | <empty> | <empty> | <empty> | <empty> | <empty> | <empty> | <empty> | <empty> | <empty> | <empty> | <empty> | <empty> | <empty> | <empty> | <empty> | <empty> | <empty> | <empty> | <empty> | <empty> | <empty> | <empty> | <empty> | <empty> | <empty> | <empty> | <empty> | <empty> | <empty> | <empty> | <empty> | <empty> | <empty> | <empty> | <empty> | <empty> | <empty> | <empty>",,[],,,N,2013-11-25T00:00:00.000+0100,1
246,III,"Hydroxyethyl-3,4-methylenedioxyaniline and its hydrochloride","Hydroxyethyl-3,4-methylenedioxyaniline and its hydrochloide",,,94158-14-2,303-085-5,,34509,,,,Hair dye substance in oxidative hair dye products,,,[],,,N,2013-04-25T00:00:00.000+0200,1
247,III,"2,2'-[[4-[(2-Hydroxyethyl)amino]-3-nitrophenyl]imino]bisethanol (see note 17)","2,2'-[[4-[(2-Hydroxyethyl)amino]-3-nitrophenyl]imino]bisethanol",,,33229-34-4,251-410-3,,34191,HAIR DYEING,,2.8%,Hair dye substance in non-oxidative hair dye products,"<empty> | <empty> | <empty> | <empty> | <empty> | <empty> | <empty> | as a constituent of other substances, or in mixtures, in concentrations equal to, or greater than 0.1% by weight | <empty> | <empty> | <empty> | <empty> | <empty> | <empty> | <empty> | <empty> | Shall not be placed on the market, or used, as substance or in mixtures in concentrations equal to ot greater than 0.1% by weight | <empty> | <empty> | <empty>",,[],17 - The free base and salts of this hair colouring ingredient unless prohibited under Annex II are permitted for use,,N,2013-04-25T00:00:00.000+0200,1
248,III,4-[(2-Hydroxyethyl)amino-3-nitrophenol,4-[(2-Hydroxyethyl)amino-3-nitrophenol,,,65235-31-6,265-648-0,,31519,,,(b) 1.85 %,"(a) Hair dye substance in oxidative hair dye products
(b) Hair dye substance in non-oxidative hair dye products","<empty> | <empty> | <empty> | <empty> | <empty> | <empty> | <empty> | as a constituent of other substances, or in mixtures, in concentrations equal to, or greater than 0.1% by weight | <empty> | <empty> | <empty> | <empty> | <empty> | <empty> | <empty> | <empty> | Shall not be placed on the market, or used, as substance or in mixtures in concentrations equal to ot greater than 0.1% by weight",,[],,,N,2013-04-25T00:00:00.000+0200,1
249,III,1-(.beta.-Ureidoethyl)amino-4-nitrobenzene,1-(.beta.-Ureidoethyl)amino-4-nitrobenzene,,,27080-42-8,410-700-1,,31535,,,(b) 0.5%,"(a) Hair dye substance in oxidative hair dye products 
(b) Hair dye substance in non-oxidative hair dye products","<empty> | <empty> | <empty> | <empty> | <empty> | <empty> | <empty> | as a constituent of other substances, or in mixtures, in concentrations equal to, or greater than 0.1% by weight | <empty> | <empty> | <empty> | <empty> | <empty> | <empty> | <empty> | <empty> | Shall not be placed on the market, or used, as substance or in mixtures in concentrations equal to ot greater than 0.1% by weight",,[],,,N,2013-04-25T00:00:00.000+0200,1
250,III,"1-Amino-2-nitro-4-(2', 3'-dihydroxypropyl)amino-5-chloro-benzene + 1,4-bis-(2',3'-dihydroxypropyl)amino-2-nitro-5-chlorobenzene","1-Amino-2-nitro-4-(2', 3'-dihydroxypropyl)amino-5-chloro-benzene + 1,4-bis-(2',3'-dihydroxypropyl) amino-2-nitro-5-chlorobenzene",,,9556-89-9 - 95576-92-4,,,,HAIR DYEING,,"(b) 2,0%","(a) Hair dye substance in oxidative hair dye products
(b) Hair dye substance in non-oxidative hair dye products","<empty> | <empty> | <empty> | <empty> | <empty> | <empty> | <empty> | as a constituent of other substances, or in mixtures, in concentrations equal to, or greater than 0.1% by weight | <empty> | <empty> | <empty> | <empty> | <empty> | <empty> | <empty> | <empty> | Shall not be placed on the market, or used, as substance or in mixtures in concentrations equal to ot greater than 0.1% by weight | <empty> | <empty> | <empty> | <empty> | Shall not be used as propellant in aerosols for any use. Aerosols dispenser containing the substance as propellant shall not be placed on the market | <empty> | <empty> | <empty> | <empty> | <empty> | <empty> | <empty> | <empty> | <empty> | <empty> | <empty> | <empty> | <empty> | <empty> | <empty> | <empty> | <empty> | <empty> | <empty> | <empty> | <empty> | <empty> | <empty> | <empty> | <empty> | <empty> | <empty> | <empty> | <empty> | <empty> | <empty> | <empty> | <empty> | <empty> | <empty> | <empty> | <empty> | <empty> | <empty> | <empty> | <empty> | <empty> | <empty>",,[],,,N,2013-07-11T00:00:00.000+0200,1
250,III,"1-amino-2-nitro-4-(2',3'-dihydroxypropyl)amino-5-chlorobenzene and 1,4-bis-(2',3'-dihydroxypropyl)amino-2-nitro-5-chlorobenzene and its salts","1-amino-2-nitro-4-(2',3'-dihydroxypropyl)amino-5-chlorobenzene and 1,4-bis-(2',3'-dihydroxypropyl)amino-2-nitro-5-chlorobenzene and its salts",,,95576-89-9 - 95576-92-4,- -,,34205 | 34206,,,(b) 1.0%,"(a) Hair dye substance in oxidative hair dye products
(b) Hair dye substance in non-oxidative hair dye products","<empty> | <empty> | <empty> | <empty> | <empty> | <empty> | <empty> | as a constituent of other substances, or in mixtures, in concentrations equal to, or greater than 0.1% by weight | <empty> | <empty> | <empty> | <empty> | <empty> | <empty> | <empty> | <empty> | Shall not be placed on the market, or used, as substance or in mixtures in concentrations equal to ot greater than 0.1% by weight | <empty> | <empty> | <empty> | <empty> | Shall not be used as propellant in aerosols for any use. Aerosols dispenser containing the substance as propellant shall not be placed on the market | <empty> | <empty> | <empty> | <empty> | <empty>",,[],,,N,2013-04-25T00:00:00.000+0200,1
251,III,"Phenol, 2-Chloro-6-(ethylamino)-4-nitro- and its salts",,,,131657-78-8,411-440-1,,31494,HAIR DYEING,,"(a) 3.0%
(b) 3.0%","(a) Oxidising colouring agents for hair dyeing
(b) Non-oxidising colouring agents for hair dyeing","<empty> | <empty> | <empty> | <empty> | <empty> | <empty> | <empty> | as a constituent of other substances, or in mixtures, in concentrations equal to, or greater than 0.1% by weight | <empty> | <empty> | <empty> | <empty> | <empty> | <empty> | <empty> | <empty> | Shall not be placed on the market, or used, as substance or in mixtures in concentrations equal to ot greater than 0.1% by weight | <empty> | <empty> | <empty> | <empty> | Shall not be used as propellant in aerosols for any use. Aerosols dispenser containing the substance as propellant shall not be placed on the market | <empty> | <empty> | <empty> | <empty> | <empty> | <empty> | <empty> | <empty> | <empty> | <empty> | <empty> | <empty> | <empty> | <empty> | <empty> | <empty> | <empty> | <empty> | <empty> | <empty> | <empty> | <empty> | <empty> | <empty> | <empty> | <empty> | <empty> | <empty>",,[],,,N,2009-12-22T00:00:00.000+0100,1
251,III,2-(4-Amino-3-nitroanilino)ethanol,2-(4-Amino-3-nitroanilino)ethanol,,,24905-87-1,246-521-9,,,HAIR DYEING,,"1,0%",Hair dye substance in non-oxidative hair dye products,"<empty> | <empty> | <empty> | <empty> | <empty> | <empty> | <empty> | as a constituent of other substances, or in mixtures, in concentrations equal to, or greater than 0.1% by weight | <empty> | <empty> | <empty> | <empty> | <empty> | <empty> | <empty> | <empty> | Shall not be placed on the market, or used, as substance or in mixtures in concentrations equal to ot greater than 0.1% by weight | <empty> | <empty> | <empty> | <empty> | Shall not be used as propellant in aerosols for any use. Aerosols dispenser containing the substance as propellant shall not be placed on the market | <empty> | <empty> | <empty> | <empty> | <empty> | <empty> | <empty> | <empty> | <empty> | <empty> | <empty> | <empty> | <empty> | <empty> | <empty> | <empty> | <empty> | <empty> | <empty> | <empty> | <empty> | <empty> | <empty> | <empty> | <empty> | <empty> | <empty> | <empty> | <empty> | <empty> | <empty> | <empty> | <empty> | <empty> | <empty> | <empty> | <empty> | <empty> | <empty> | <empty> | <empty> | <empty> | <empty>",,[],,,N,2013-07-11T00:00:00.000+0200,1
252,III,2-Amino-6-chloro-4-nitrophenol,2-Amino-6-chloro-4-nitrophenol,,,6358-09-4,228-762-1,,31489,,,(b) 2.0%,"(a) Hair dye substance in oxidative hair dye products
(b) Hair dye substance in non- oxidative hair dye products","<empty> | <empty> | <empty> | <empty> | <empty> | <empty> | <empty> | as a constituent of other substances, or in mixtures, in concentrations equal to, or greater than 0.1% by weight | <empty> | <empty> | <empty> | <empty> | <empty> | <empty> | <empty> | <empty> | Shall not be placed on the market, or used, as substance or in mixtures in concentrations equal to ot greater than 0.1% by weight | <empty> | <empty> | <empty> | <empty> | Shall not be used as propellant in aerosols for any use. Aerosols dispenser containing the substance as propellant shall not be placed on the market | <empty> | <empty> | <empty> | <empty> | <empty> | <empty> | <empty> | <empty> | <empty>",,[],,,N,2013-04-25T00:00:00.000+0200,1
253,III,2-[bis(2-Hydroxye­thyl)amino]-5-nitro­phenol,2-[bis(2-Hydroxye­thyl)amino]-5-nitro­phenol,,,59820-43-8,428-840-7,,76535,,,"1,5 %",Hair dye substance in non-oxidative hair dye products,"<empty> | <empty> | <empty> | <empty> | <empty> | <empty> | <empty> | as a constituent of other substances, or in mixtures, in concentrations equal to, or greater than 0.1% by weight | <empty> | <empty> | <empty> | <empty> | <empty> | <empty> | <empty> | <empty> | Shall not be placed on the market, or used, as substance or in mixtures in concentrations equal to ot greater than 0.1% by weight | <empty> | <empty> | <empty> | <empty> | Shall not be used as propellant in aerosols for any use. Aerosols dispenser containing the substance as propellant shall not be placed on the market | <empty> | <empty> | <empty> | <empty> | <empty> | <empty> | <empty> | <empty> | <empty> | <empty> | <empty> | <empty> | <empty> | <empty> | <empty> | <empty> | <empty> | <empty> | <empty> | <empty> | <empty> | <empty> | <empty> | <empty> | <empty> | <empty> | <empty> | <empty> | <empty> | <empty> | <empty> | <empty> | <empty> | <empty> | <empty> | <empty> | <empty> | <empty> | <empty> | <empty> | <empty> | <empty> | <empty>",,[],,,N,2009-12-22T00:00:00.000+0100,1
253,III,2-[bis(2-Hydroxyethyl)amino]-5- nitrophenol,2-[bis(2-Hydroxyethyl)amino]-5- nitrophenol,,,59820-43-8,428-840-7,,,HAIR DYEING,,"1,5%",Hair dye substance in non-oxidative hair dye products,"<empty> | <empty> | <empty> | <empty> | <empty> | <empty> | <empty> | as a constituent of other substances, or in mixtures, in concentrations equal to, or greater than 0.1% by weight | <empty> | <empty> | <empty> | <empty> | <empty> | <empty> | <empty> | <empty> | Shall not be placed on the market, or used, as substance or in mixtures in concentrations equal to ot greater than 0.1% by weight | <empty> | <empty> | <empty> | <empty> | Shall not be used as propellant in aerosols for any use. Aerosols dispenser containing the substance as propellant shall not be placed on the market | <empty> | <empty> | <empty> | <empty> | <empty> | <empty> | <empty> | <empty> | <empty> | <empty> | <empty> | <empty> | <empty> | <empty> | <empty> | <empty> | <empty> | <empty> | <empty> | <empty> | <empty> | <empty> | <empty> | <empty> | <empty> | <empty> | <empty> | <empty> | <empty> | <empty> | <empty> | <empty> | <empty> | <empty> | <empty> | <empty> | <empty> | <empty> | <empty> | <empty> | <empty> | <empty> | <empty>",,[],,,N,2013-07-11T00:00:00.000+0200,1
254,III,"Disodium 5-amino-4-hydroxy-3-(phenylazo)naphathlene-2,7-disulphonate (see note 17); (CI 17200)","Disodium 5-amino-4-hydroxy-3-(phenylazo)naphathlene-2,7-disulphonate (CI 17200)",,,3567-66-6,222-656-9,,28112 | 31627 | 32730,HAIR DYEING,,0.5 %,Hair dye substance in non-oxidative hair dye products,"<empty> | <empty> | <empty> | <empty> | <empty> | <empty> | <empty> | as a constituent of other substances, or in mixtures, in concentrations equal to, or greater than 0.1% by weight | <empty>",,[],17 - The free base and salts of this hair colouring ingredient unless prohibited under Annex II are permitted for use,,N,2013-04-25T00:00:00.000+0200,1
255,III,2-[(2-Nitrophenyl)amino] ethanol,2-[(2-Nitrophenyl)amino] ethano,,,4926-55-0,225-555-8,,,,,"(b) 1,0%","(a) Hair dye substance in oxidative hair dye products
(b) Hair dye substance in non-oxidative hair dye products","<empty> | <empty> | <empty> | <empty> | <empty> | <empty> | <empty> | as a constituent of other substances, or in mixtures, in concentrations equal to, or greater than 0.1% by weight | <empty> | <empty> | <empty> | <empty> | <empty> | <empty> | <empty> | <empty> | Shall not be placed on the market, or used, as substance or in mixtures in concentrations equal to ot greater than 0.1% by weight | <empty> | <empty> | <empty> | <empty> | Shall not be used as propellant in aerosols for any use. Aerosols dispenser containing the substance as propellant shall not be placed on the market | <empty> | <empty> | <empty> | <empty> | <empty> | <empty> | <empty> | <empty> | <empty> | <empty> | <empty> | <empty> | <empty> | <empty> | <empty> | <empty> | <empty> | <empty> | <empty> | <empty> | <empty> | <empty> | <empty> | <empty> | <empty> | <empty> | <empty> | <empty> | <empty> | <empty> | <empty> | <empty> | <empty> | <empty> | <empty> | <empty> | <empty> | <empty> | <empty> | <empty> | <empty> | <empty> | <empty>",,[],,,N,2013-07-11T00:00:00.000+0200,1
256,III,4-[(2-Nitrophenyl)amino]phenol,4-[(2-Nitrophenyl)amino]phenol,,,54381-08-7,259-132-4,,,,,1.0%,Hair day substance in non-oxidative hair dye products,"<empty> | <empty> | <empty> | <empty> | <empty> | <empty> | <empty> | as a constituent of other substances, or in mixtures, in concentrations equal to, or greater than 0.1% by weight | <empty> | <empty> | <empty> | <empty> | <empty> | <empty> | <empty> | <empty> | Shall not be placed on the market, or used, as substance or in mixtures in concentrations equal to ot greater than 0.1% by weight | <empty> | <empty> | <empty> | <empty> | Shall not be used as propellant in aerosols for any use. Aerosols dispenser containing the substance as propellant shall not be placed on the market | <empty> | <empty> | <empty> | <empty> | <empty> | <empty> | <empty> | <empty> | <empty> | <empty> | <empty> | <empty> | <empty> | <empty> | <empty> | <empty> | <empty> | <empty> | <empty> | <empty> | <empty> | <empty> | <empty> | <empty> | <empty> | <empty> | <empty> | <empty> | <empty> | <empty> | <empty> | <empty> | <empty> | <empty> | <empty> | <empty> | <empty> | <empty> | <empty> | <empty> | <empty> | <empty> | <empty>",,[],,,N,2013-07-11T00:00:00.000+0200,1
257,III,Laureth-9,Polidocanol,,,3055-99-0,221-284-4,,,,,"(a) 3,0 %
(b) 4,0 %","(a) Leave-on products 
(b) Rinse-off products","<empty> | <empty> | <empty> | <empty> | <empty> | <empty> | <empty> | as a constituent of other substances, or in mixtures, in concentrations equal to, or greater than 0.1% by weight | <empty> | <empty> | <empty> | <empty> | <empty> | <empty> | <empty> | <empty> | Shall not be placed on the market, or used, as substance or in mixtures in concentrations equal to ot greater than 0.1% by weight | <empty> | <empty> | <empty> | <empty> | Shall not be used as propellant in aerosols for any use. Aerosols dispenser containing the substance as propellant shall not be placed on the market | <empty> | <empty> | <empty> | <empty> | <empty> | <empty> | <empty> | <empty> | <empty> | <empty> | <empty> | <empty> | <empty> | <empty> | <empty> | <empty> | <empty> | <empty> | <empty> | <empty> | <empty> | <empty> | <empty> | <empty> | <empty> | <empty> | <empty> | <empty> | <empty> | <empty> | <empty> | <empty> | <empty> | <empty> | <empty> | <empty> | <empty> | <empty> | <empty> | <empty> | <empty> | <empty> | <empty>",,[],,,N,2013-05-24T00:00:00.000+0200,1
258,III,"2-Nitro-N1-phenyl-benzene-1,4- diamine","2-Nitro-N1-phenyl-benzene-1,4- diamine",,,2784-89-6,220-494-3,,,,,"1,0%",Hair dye substance in non-oxidative hair dye products,"<empty> | <empty> | <empty> | <empty> | <empty> | <empty> | <empty> | as a constituent of other substances, or in mixtures, in concentrations equal to, or greater than 0.1% by weight | <empty> | <empty> | <empty> | <empty> | <empty> | <empty> | <empty> | <empty> | Shall not be placed on the market, or used, as substance or in mixtures in concentrations equal to ot greater than 0.1% by weight | <empty> | <empty> | <empty> | <empty> | Shall not be used as propellant in aerosols for any use. Aerosols dispenser containing the substance as propellant shall not be placed on the market | <empty> | <empty> | <empty> | <empty> | <empty> | <empty> | <empty> | <empty> | <empty> | <empty> | <empty> | <empty> | <empty> | <empty> | <empty> | <empty> | <empty> | <empty> | <empty> | <empty> | <empty> | <empty> | <empty> | <empty> | <empty> | <empty> | <empty> | <empty> | <empty> | <empty> | <empty> | <empty> | <empty> | <empty>",,[],,,N,2013-07-11T00:00:00.000+0200,1
259,III,"1-Methoxy-3-(β-aminoethyl) amino-4-nitrobenzene, hydrochloride","1-Methoxy-3-(β-aminoethyl) amino-4-nitrobenzene, hydrochloride",,,86419-69-4,415-480-1,,,,,"0,5% (calculated as hydrochloride)",Hair dye substance in non-oxidative hair dye products,"<empty> | <empty> | <empty> | <empty> | <empty> | <empty> | <empty> | as a constituent of other substances, or in mixtures, in concentrations equal to, or greater than 0.1% by weight | <empty> | <empty> | <empty> | <empty> | <empty> | <empty> | <empty> | <empty> | Shall not be placed on the market, or used, as substance or in mixtures in concentrations equal to ot greater than 0.1% by weight | <empty> | <empty> | <empty> | <empty> | Shall not be used as propellant in aerosols for any use. Aerosols dispenser containing the substance as propellant shall not be placed on the market | <empty> | <empty> | <empty> | <empty> | <empty> | <empty> | <empty> | <empty> | <empty> | <empty> | <empty> | <empty> | <empty> | <empty> | <empty> | <empty> | <empty> | <empty> | <empty> | <empty> | <empty> | <empty> | <empty> | <empty> | <empty> | <empty> | <empty> | <empty> | <empty> | <empty> | <empty> | <empty> | <empty> | <empty>",,[],,,N,2013-07-11T00:00:00.000+0200,1
260,III,1-(4’-Aminophenylazo)-2-methyl- 4-(bis-2-hydroxyethyl) aminobenzene,1-(4’-Aminophenylazo)-2-methyl- 4-(bis-2-hydroxyethyl) aminobenzene,,,104226-21-3,146-420-6,,,,,"0,25%",Hair dye substance in oxidative hair dye products,"<empty> | <empty> | <empty> | <empty> | <empty> | <empty> | <empty> | as a constituent of other substances, or in mixtures, in concentrations equal to, or greater than 0.1% by weight | <empty> | <empty> | <empty> | <empty> | <empty> | <empty> | <empty> | <empty> | Shall not be placed on the market, or used, as substance or in mixtures in concentrations equal to ot greater than 0.1% by weight | <empty> | <empty> | <empty> | <empty> | Shall not be used as propellant in aerosols for any use. Aerosols dispenser containing the substance as propellant shall not be placed on the market | <empty> | <empty> | <empty> | <empty> | <empty> | <empty> | <empty> | <empty> | <empty> | <empty> | <empty> | <empty> | <empty> | <empty> | <empty> | <empty> | <empty> | <empty> | <empty> | <empty> | <empty> | <empty> | <empty> | <empty> | <empty> | <empty> | <empty> | <empty> | <empty> | <empty> | <empty> | <empty> | <empty> | <empty>",,[],,,N,2013-07-11T00:00:00.000+0200,1
261,III,N-(2-Hydroxyethyl)-2-nitro-4- trifluormethyl-aniline,N-(2-Hydroxyethyl)-2-nitro-4- trifluormethyl-aniline,,,10442-83-8,443-760-2,,,,,,"(a) After mixing under oxidative conditions the maximum concentration applied to hair must not exceed 2,5%
For (a) and (b):
- Do not use with nitrosating agents
- Maximum nitrosamine content: 50 microgram/Kg
- Keep in nitrite-free containers","<empty> | <empty> | <empty> | <empty> | <empty> | <empty> | <empty> | as a constituent of other substances, or in mixtures, in concentrations equal to, or greater than 0.1% by weight | <empty> | <empty> | <empty> | <empty> | <empty> | <empty> | <empty> | <empty> | Shall not be placed on the market, or used, as substance or in mixtures in concentrations equal to ot greater than 0.1% by weight | <empty> | <empty> | <empty> | <empty> | Shall not be used as propellant in aerosols for any use. Aerosols dispenser containing the substance as propellant shall not be placed on the market | <empty> | <empty> | <empty> | <empty> | <empty> | <empty> | <empty> | <empty> | <empty> | <empty> | <empty> | <empty> | <empty> | <empty> | <empty> | <empty> | <empty> | <empty> | <empty> | <empty> | <empty> | <empty> | <empty> | <empty> | <empty> | <empty> | <empty> | <empty> | <empty> | <empty> | <empty> | <empty> | <empty> | <empty>",,[],,,N,2013-07-11T00:00:00.000+0200,1
262,III,"Benzenaminium, 3-[(4,5-dihydro- 3-methyl-5-oxo-1-phenyl-1H- pyrazol-4-yl)azo]-N,N,Ntrimethyl-, chloride","Benzenaminium, 3-[(4,5-dihydro- 3-methyl-5-oxo-1-phenyl-1H- pyrazol-4-yl)azo]-N,N,Ntrimethyl-, chloride",,,68391-31-1,269-943-5,,,HAIR DYEING,,"2,0%",Hair dye substance in non-oxidative hair dye products,"<empty> | <empty> | <empty> | <empty> | <empty> | <empty> | <empty> | as a constituent of other substances, or in mixtures, in concentrations equal to, or greater than 0.1% by weight | <empty> | <empty> | <empty> | <empty> | <empty> | <empty> | <empty> | <empty> | Shall not be placed on the market, or used, as substance or in mixtures in concentrations equal to ot greater than 0.1% by weight | <empty> | <empty> | <empty> | <empty> | Shall not be used as propellant in aerosols for any use. Aerosols dispenser containing the substance as propellant shall not be placed on the market | <empty> | <empty> | <empty> | <empty> | <empty> | <empty> | <empty> | <empty> | <empty> | <empty> | <empty> | <empty> | <empty> | <empty> | <empty> | <empty> | <empty> | <empty> | <empty> | <empty> | <empty> | <empty> | <empty> | <empty> | <empty> | <empty> | <empty> | <empty> | <empty> | <empty> | <empty> | <empty> | <empty> | <empty>",,[],,,N,2013-07-11T00:00:00.000+0200,1
263,III,"Ethanol, 2,2′-[[4-[(4-aminophenyl) azo]phenyl]imino]bis-","Ethanol, 2,2′-[[4-[(4-aminophenyl) azo]phenyl]imino]bis-",,,20721-50-0,243-987-5,,,,,"0,3% (of the  mixture in the ratio 1:1 of 2,2' -[4-(4-aminopheny-lazo)pheny-limino]diethanol and lignosulfate)",Hair dye substance in non-oxidative hair dye products,,,[],,,N,2013-07-11T00:00:00.000+0200,1
264,III,"9,10-Anthracenedione, 1,4-bis [(2,3-dihydroxypropyl)amino]-","9,10-Anthracenedione, 1,4-bis [(2,3-dihydroxypropyl)amino]-",,,99788-75-7,421-470-7,,,HAIR DYEING,,"0,3%",Hair dye substance in non-oxidative hair dye products,"<empty> | <empty> | <empty> | <empty> | <empty> | <empty> | <empty> | as a constituent of other substances, or in mixtures, in concentrations equal to, or greater than 0.1% by weight | <empty> | <empty> | <empty> | <empty> | <empty> | <empty> | <empty> | <empty> | Shall not be placed on the market, or used, as substance or in mixtures in concentrations equal to ot greater than 0.1% by weight | <empty> | <empty> | <empty> | <empty> | Shall not be used as propellant in aerosols for any use. Aerosols dispenser containing the substance as propellant shall not be placed on the market | <empty> | <empty> | <empty> | <empty> | <empty> | <empty> | <empty> | <empty> | <empty> | <empty> | <empty> | <empty> | <empty> | <empty> | <empty> | <empty> | <empty> | <empty> | <empty> | <empty> | <empty> | <empty> | <empty> | <empty> | <empty> | <empty> | <empty> | <empty> | <empty> | <empty> | <empty> | <empty> | <empty> | <empty> | <empty> | <empty> | <empty> | <empty> | <empty> | <empty> | <empty> | <empty> | <empty>",,[],,,N,2013-07-11T00:00:00.000+0200,1
265,III,"1,4-Diaminoanthraquinone","1,4-Diaminoanthraquinone",,,128-95-0,204-922-6,,,COLORANT,,0.5%,Hair dye substance in non-oxidative hair dye products,"<empty> | <empty> | <empty> | <empty> | <empty> | <empty> | <empty> | as a constituent of other substances, or in mixtures, in concentrations equal to, or greater than 0.1% by weight | <empty> | <empty> | <empty> | <empty> | <empty> | <empty> | <empty> | <empty> | Shall not be placed on the market, or used, as substance or in mixtures in concentrations equal to ot greater than 0.1% by weight | <empty> | <empty> | <empty> | <empty> | Shall not be used as propellant in aerosols for any use. Aerosols dispenser containing the substance as propellant shall not be placed on the market | <empty> | <empty> | <empty> | <empty> | <empty> | <empty> | <empty> | <empty> | <empty> | <empty> | <empty> | <empty> | <empty> | <empty> | <empty> | <empty> | <empty> | <empty> | <empty> | <empty> | <empty> | <empty> | <empty> | <empty> | <empty> | <empty> | <empty> | <empty> | <empty> | <empty> | <empty> | <empty> | <empty> | <empty> | <empty> | <empty> | <empty> | <empty> | <empty> | <empty> | <empty> | <empty> | <empty>",,[],,,N,2013-11-25T00:00:00.000+0100,1
266,III,"Ethanol, 2-((4- amino-2-nitrophenyl)amino)-","Ethanol, 2-((4- amino-2-nitrophenyl)amino)-",,,2871-01-4,220-701-7,,,,,"(b) 3,0%","a) Hair dye substance in oxidative hair dye products
(b) Hair dye substance in non-oxidative hair dye products","<empty> | <empty> | <empty> | <empty> | <empty> | <empty> | <empty> | as a constituent of other substances, or in mixtures, in concentrations equal to, or greater than 0.1% by weight | <empty> | <empty> | <empty> | <empty> | <empty> | <empty> | <empty> | <empty> | Shall not be placed on the market, or used, as substance or in mixtures in concentrations equal to ot greater than 0.1% by weight | <empty> | <empty> | <empty> | <empty> | Shall not be used as propellant in aerosols for any use. Aerosols dispenser containing the substance as propellant shall not be placed on the market | <empty> | <empty> | <empty> | <empty> | <empty> | <empty> | <empty> | <empty> | <empty> | <empty> | <empty> | <empty> | <empty> | <empty> | <empty> | <empty> | <empty> | <empty> | <empty> | <empty> | <empty> | <empty> | <empty> | <empty> | <empty> | <empty> | <empty> | <empty> | <empty> | <empty> | <empty> | <empty> | <empty> | <empty> | <empty> | <empty> | <empty> | <empty> | <empty> | <empty> | <empty> | <empty> | <empty>",,[],,,N,2013-11-25T00:00:00.000+0100,1
267,III,[7-Hydroxy-8-[(2- methoxyphenyl)azo]-2-naphthyl]trimethylammonium chloride,[7-Hydroxy-8-[(2- methoxyphenyl)azo]-2-naphthyl]trimethylammonium chloride,,,68391-30-0,269-941-4,,,,,"2,0 %",Hair dye substance non-oxidative hair dye products,"<empty> | <empty> | <empty> | <empty> | <empty> | <empty> | <empty> | as a constituent of other substances, or in mixtures, in concentrations equal to, or greater than 0.1% by weight | <empty> | <empty> | <empty> | <empty> | <empty> | <empty> | <empty> | <empty> | Shall not be placed on the market, or used, as substance or in mixtures in concentrations equal to ot greater than 0.1% by weight | <empty> | <empty> | <empty> | <empty> | Shall not be used as propellant in aerosols for any use. Aerosols dispenser containing the substance as propellant shall not be placed on the market | <empty> | <empty> | <empty> | <empty> | <empty> | <empty> | <empty> | <empty> | <empty> | <empty> | <empty> | <empty> | <empty> | <empty> | <empty> | <empty> | <empty> | <empty> | <empty> | <empty> | <empty> | <empty> | <empty> | <empty> | <empty> | <empty> | <empty> | <empty> | <empty> | <empty> | <empty> | <empty> | <empty> | <empty> | <empty> | <empty> | <empty> | <empty> | <empty> | <empty> | <empty> | <empty> | <empty>",,[],,,N,2013-11-25T00:00:00.000+0100,1
269,III,"2-[[4-(Dimethylamino)phenyl]azo]-1,3- dimethyl-1H-imidazolium chloride","2-[[4-(Dimethylamino)phenyl]azo]-1,3- dimethyl-1H-imidazolium chloride",,,77061-58-6,278-601-4,,,COLORANT,,"(b) 1,0 %","(a) Hair dye substance in oxidative hair dye products
(b) Hair dye substance in non-oxidatie hair dye products","<empty> | <empty> | <empty> | <empty> | <empty> | <empty> | <empty> | as a constituent of other substances, or in mixtures, in concentrations equal to, or greater than 0.1% by weight | <empty> | <empty> | <empty> | <empty> | <empty> | <empty> | <empty> | <empty> | Shall not be placed on the market, or used, as substance or in mixtures in concentrations equal to ot greater than 0.1% by weight | <empty> | <empty> | <empty> | <empty> | Shall not be used as propellant in aerosols for any use. Aerosols dispenser containing the substance as propellant shall not be placed on the market | <empty> | <empty> | <empty> | <empty> | <empty> | <empty> | <empty> | <empty> | <empty> | <empty> | <empty> | <empty> | <empty> | <empty> | <empty> | <empty> | <empty> | <empty> | <empty> | <empty> | <empty> | <empty> | <empty> | <empty> | <empty> | <empty> | <empty> | <empty> | <empty> | <empty> | <empty> | <empty> | <empty> | <empty> | <empty> | <empty> | <empty> | <empty> | <empty> | <empty> | <empty> | <empty> | <empty>",,[],,,N,2013-11-25T00:00:00.000+0100,1
269,III,"Phenol, 2-Amino- 5-Ethyl-, Hydrochloride","Phenol, 2-Amino- 5-Ethyl-, Hydrochloride",,,,,,,COLORANT,,,Hair dye substance in oxidative hair dye products,"<empty> | <empty> | <empty> | <empty> | <empty> | <empty> | <empty> | as a constituent of other substances, or in mixtures, in concentrations equal to, or greater than 0.1% by weight | <empty> | <empty> | <empty> | <empty> | <empty> | <empty> | <empty> | <empty> | Shall not be placed on the market, or used, as substance or in mixtures in concentrations equal to ot greater than 0.1% by weight | <empty> | <empty> | <empty> | <empty> | Shall not be used as propellant in aerosols for any use. Aerosols dispenser containing the substance as propellant shall not be placed on the market | <empty> | <empty> | <empty> | <empty> | <empty> | <empty> | <empty> | <empty> | <empty> | <empty> | <empty> | <empty> | <empty> | <empty> | <empty> | <empty> | <empty> | <empty> | <empty> | <empty> | <empty> | <empty> | <empty> | <empty> | <empty> | <empty> | <empty> | <empty> | <empty> | <empty> | <empty> | <empty> | <empty> | <empty> | <empty> | <empty> | <empty> | <empty> | <empty> | <empty> | <empty> | <empty> | <empty>",,[],,,N,2013-11-25T00:00:00.000+0100,1
270,III,"Fluorescein, 2',4',5',7'-tetrabromo-4,5,6,7- tetrachloro-, disodium salt (CI 45410)","Fluorescein, 2',4',5',7'-tetrabromo-4,5,6,7- tetrachloro-, disodium salt (CI 45410)",,,18472-87-2,242-355-6,,30483 | 31632 | 32772,COLORANT,,"(b) 0,4 %","(a) Hair dye substance in oxidative hair dye products
(b) Hair dye substance in non-oxidative hair dye products","<empty> | <empty> | <empty> | <empty> | <empty> | <empty> | <empty> | as a constituent of other substances, or in mixtures, in concentrations equal to, or greater than 0.1% by weight | <empty> | <empty> | <empty> | <empty> | <empty> | <empty> | <empty> | <empty> | Shall not be placed on the market, or used, as substance or in mixtures in concentrations equal to ot greater than 0.1% by weight | <empty> | <empty> | <empty> | <empty> | Shall not be used as propellant in aerosols for any use. Aerosols dispenser containing the substance as propellant shall not be placed on the market | <empty> | <empty> | <empty> | <empty> | <empty> | <empty> | <empty> | <empty> | <empty> | <empty> | <empty> | <empty> | <empty> | <empty> | <empty> | <empty> | <empty> | <empty> | <empty> | <empty> | <empty> | <empty> | <empty> | <empty> | <empty> | <empty> | <empty> | <empty> | <empty> | <empty> | <empty> | <empty> | <empty> | <empty> | <empty> | <empty> | <empty> | <empty> | <empty> | <empty> | <empty> | <empty> | <empty>",,[],,,N,2013-11-25T00:00:00.000+0100,1
271,III,"Mixture of (1), (2) & (3) in dispersing agent (lignosulphate):
(1) 9,10-Anthracenedione- 1,4-bis[(2- Hydroxyethyl)amino]
(2) 9,10-Anthracenedione-1- [(2-Hydroxyethyl)amino]- 4-[(3- Hydroxypropyl)amino]
(3) 9,10-anthracenedione- 1,4-bis[(3- hydroxypropyl)amino","Mixture of (1), (2) & (3) in dispersing agent (lignosulphate):
(1) 9,10-Anthracenedione- 1,4-bis[(2- Hydroxyethyl)amino]
(2) 9,10-Anthracenedione-1- [(2-Hydroxyethyl)amino]- 4-[(3- Hydroxypropyl)amino]
(3) 9,10-anthracenedione- 1,4-bis[(3- hydroxypropyl)amino",,,(1) 4471-41-4/(2) 67674-26-4/(3) 67701-36-4,(1) 224-743-7/(2) 266-865-3/(3) 266-954-7,,,COLORANT,,"2,0 %",Hair dye substance in non-oxidative hair dye products,"<empty> | <empty> | <empty> | <empty> | <empty> | <empty> | <empty> | as a constituent of other substances, or in mixtures, in concentrations equal to, or greater than 0.1% by weight | <empty> | <empty> | <empty> | <empty> | <empty> | <empty> | <empty> | <empty> | Shall not be placed on the market, or used, as substance or in mixtures in concentrations equal to ot greater than 0.1% by weight | <empty> | <empty> | <empty> | <empty> | Shall not be used as propellant in aerosols for any use. Aerosols dispenser containing the substance as propellant shall not be placed on the market | <empty> | <empty> | <empty> | <empty> | <empty> | <empty> | <empty> | <empty> | <empty> | <empty> | <empty> | <empty> | <empty> | <empty> | <empty> | <empty> | <empty> | <empty> | <empty> | <empty> | <empty> | <empty> | <empty> | <empty> | <empty> | <empty> | <empty> | <empty> | <empty> | <empty> | <empty> | <empty> | <empty> | <empty> | <empty> | <empty> | <empty> | <empty> | <empty> | <empty> | <empty> | <empty> | <empty>",,[],,,N,2013-11-25T00:00:00.000+0100,1
272,III,4-Aminophenol,4-Aminophenol,,,123-30-8,204-616-2,,35831,,,,"(a) Hair dye sub­stance in oxidat­ive hair dye products
(b) Products in­tended for col­ouring eyelashes","<empty> | <empty> | <empty> | <empty> | <empty> | <empty> | <empty> | as a constituent of other substances, or in mixtures, in concentrations equal to, or greater than 0.1% by weight | <empty> | <empty> | <empty> | <empty> | <empty> | <empty> | <empty> | <empty> | Shall not be placed on the market, or used, as substance or in mixtures in concentrations equal to ot greater than 0.1% by weight | <empty> | <empty> | <empty> | <empty> | Shall not be used as propellant in aerosols for any use. Aerosols dispenser containing the substance as propellant shall not be placed on the market | <empty> | <empty> | <empty> | <empty> | <empty> | <empty> | <empty> | <empty> | <empty> | <empty> | <empty> | <empty> | <empty> | <empty> | <empty> | <empty> | <empty> | <empty> | <empty> | <empty> | <empty> | <empty> | <empty> | <empty> | <empty> | <empty> | <empty> | <empty> | <empty> | <empty> | <empty> | <empty> | <empty> | <empty> | <empty> | <empty> | <empty> | <empty> | <empty> | <empty> | <empty> | <empty> | <empty>",,[],,,N,2017-02-11T00:00:00.000+0100,1
273,III,"4,5-Diamino-1-(2- hydroxyethyl)-1H- pyrazole","4,5-Diamino-1-(2- hydroxyethyl)-1H- pyrazole",,,155601-30-2,429-300-3,,,COLORANT,,,Hair dye substance in oxidative hair dye products,"<empty> | <empty> | <empty> | <empty> | <empty> | <empty> | <empty> | as a constituent of other substances, or in mixtures, in concentrations equal to, or greater than 0.1% by weight | <empty> | <empty> | <empty> | <empty> | <empty> | <empty> | <empty> | <empty> | Shall not be placed on the market, or used, as substance or in mixtures in concentrations equal to ot greater than 0.1% by weight | <empty> | <empty> | <empty> | <empty> | Shall not be used as propellant in aerosols for any use. Aerosols dispenser containing the substance as propellant shall not be placed on the market | <empty> | <empty> | <empty> | <empty> | <empty> | <empty> | <empty> | <empty> | <empty> | <empty> | <empty> | <empty> | <empty> | <empty> | <empty> | <empty> | <empty> | <empty> | <empty> | <empty> | <empty> | <empty> | <empty> | <empty> | <empty> | <empty> | <empty> | <empty> | <empty> | <empty> | <empty> | <empty> | <empty> | <empty> | <empty> | <empty> | <empty> | <empty> | <empty> | <empty> | <empty> | <empty> | <empty>",,[],,,N,2013-11-25T00:00:00.000+0100,1
274,III,"Quinolinium, 4- formyl-1-methyl-, salt with 4- methylbenzenesulfonic acid (1:1)","Quinolinium, 4- formyl-1-methyl-, salt with 4- methylbenzenesulfonic acid (1:1)",,,223398-02-5,453-790-8,,,COLORANT,,,Hair dye substance in oxidative hair dye products,"<empty> | <empty> | <empty> | <empty> | <empty> | <empty> | <empty> | as a constituent of other substances, or in mixtures, in concentrations equal to, or greater than 0.1% by weight | <empty> | <empty> | <empty> | <empty> | <empty> | <empty> | <empty> | <empty> | Shall not be placed on the market, or used, as substance or in mixtures in concentrations equal to ot greater than 0.1% by weight | <empty> | <empty> | <empty> | <empty> | Shall not be used as propellant in aerosols for any use. Aerosols dispenser containing the substance as propellant shall not be placed on the market | <empty> | <empty> | <empty> | <empty> | <empty> | <empty> | <empty> | <empty> | <empty> | <empty> | <empty> | <empty> | <empty> | <empty> | <empty> | <empty> | <empty> | <empty> | <empty> | <empty> | <empty> | <empty> | <empty> | <empty> | <empty> | <empty> | <empty> | <empty> | <empty> | <empty> | <empty> | <empty> | <empty> | <empty> | <empty> | <empty> | <empty> | <empty> | <empty> | <empty> | <empty> | <empty> | <empty>",,[],,,N,2013-11-25T00:00:00.000+0100,1
275,III,"Pyridinium, 1- methyl-4-[( methylphenylhydrazono)methyl]-, methyl sulfate","Pyridinium, 1- methyl-4-[( methylphenylhydrazono)methyl]-, methyl sulfate",,,68259-00-7,269-503-2,,,COLORANT,,"(b) 1,0 %","(a) Hair dye substance in oxidative hair dye products
(b) Hair dye substance in non-oxidative hair dye products","<empty> | <empty> | <empty> | <empty> | <empty> | <empty> | <empty> | as a constituent of other substances, or in mixtures, in concentrations equal to, or greater than 0.1% by weight | <empty> | <empty> | <empty> | <empty> | <empty> | <empty> | <empty> | <empty> | Shall not be placed on the market, or used, as substance or in mixtures in concentrations equal to ot greater than 0.1% by weight | <empty> | <empty> | <empty> | <empty> | Shall not be used as propellant in aerosols for any use. Aerosols dispenser containing the substance as propellant shall not be placed on the market | <empty> | <empty> | <empty> | <empty> | <empty> | <empty> | <empty> | <empty> | <empty> | <empty> | <empty> | <empty> | <empty> | <empty> | <empty> | <empty> | <empty> | <empty> | <empty> | <empty> | <empty> | <empty> | <empty> | <empty> | <empty> | <empty> | <empty> | <empty> | <empty> | <empty> | <empty> | <empty> | <empty> | <empty> | <empty> | <empty> | <empty> | <empty> | <empty> | <empty> | <empty> | <empty> | <empty>",,[],,,N,2013-11-25T00:00:00.000+0100,1
276,III,"2-[(4-Aminophenyl)azo]-1,3- dimethyl-1H-imidazolium chloride","2-[(4-Aminophenyl)azo]-1,3- dimethyl-1H-imidazolium chloride",,,97404-02-9,306-764-4,,41527,HAIR DYEING,,"(b) 1,0 %","(a) Hair dye substance in oxidative hair dye products
(b) Hair dye substance in non-oxidative hair dye products","<empty> | <empty> | <empty> | <empty> | <empty> | <empty> | <empty> | as a constituent of other substances, or in mixtures, in concentrations equal to, or greater than 0.1% by weight | <empty> | <empty> | <empty> | <empty> | <empty> | <empty> | <empty> | <empty> | Shall not be placed on the market, or used, as substance or in mixtures in concentrations equal to ot greater than 0.1% by weight | <empty> | <empty> | <empty> | <empty> | Shall not be used as propellant in aerosols for any use. Aerosols dispenser containing the substance as propellant shall not be placed on the market | <empty> | <empty> | <empty> | <empty> | <empty> | <empty> | <empty> | <empty> | <empty> | <empty> | <empty> | <empty> | <empty> | <empty> | <empty> | <empty> | <empty> | <empty> | <empty> | <empty> | <empty> | <empty> | <empty> | <empty> | <empty> | <empty> | <empty> | <empty> | <empty> | <empty> | <empty> | <empty> | <empty> | <empty> | <empty> | <empty> | <empty> | <empty> | <empty> | <empty> | <empty> | <empty> | <empty>",,[],,,N,2013-11-25T00:00:00.000+0100,1
277,III,"2,6-Pyridinediamine, 3-(3- pyridinylazo)","2,6-Pyridinediamine, 3-(3- pyridinylazo)",,,28365-08-4,421-430-9,,,COLORANT,,(b) 0.25 %,"(a) Hair dye substance in oxidative hair dye products
b) Hair dye substance in non-oxidative hair dye products","<empty> | <empty> | <empty> | <empty> | <empty> | <empty> | <empty> | as a constituent of other substances, or in mixtures, in concentrations equal to, or greater than 0.1% by weight | <empty> | <empty> | <empty> | <empty> | <empty> | <empty> | <empty> | <empty> | Shall not be placed on the market, or used, as substance or in mixtures in concentrations equal to ot greater than 0.1% by weight | <empty> | <empty> | <empty> | <empty> | Shall not be used as propellant in aerosols for any use. Aerosols dispenser containing the substance as propellant shall not be placed on the market | <empty> | <empty> | <empty> | <empty> | <empty> | <empty> | <empty> | <empty> | <empty> | <empty> | <empty> | <empty> | <empty> | <empty> | <empty> | <empty> | <empty> | <empty> | <empty> | <empty> | <empty> | <empty> | <empty> | <empty> | <empty> | <empty> | <empty> | <empty> | <empty> | <empty> | <empty> | <empty> | <empty> | <empty> | <empty> | <empty> | <empty> | <empty> | <empty> | <empty> | <empty> | <empty> | <empty>",,[],,,N,2013-11-25T00:00:00.000+0100,1
278,III,"4-((4-Amino-3- methylphenyl)(4- imino-3-methyl- 2,5-cyclohexadien-1- ylidene)methyl)-2- methylphenylamine monohydrochloride (CI 42520)","4-((4-Amino-3- methylphenyl)(4- imino-3-methyl- 2,5-cyclohexadien-1- ylidene)methyl)-2- methylphenylamine monohydrochloride (CI 42520)",,,3248-91-7,221-831-7,,54825,COLORANT,,0.5 %,"a) Hair dye substance in oxidative hair dye products
b) Hair dye substance in non-oxidative hair dye products",,,[],,,N,2013-11-25T00:00:00.000+0100,1
279,III,"2,3-Diamino-6,7- dihydro-1H,5H- pyrazolo[1,2-a] Pyrazol-1-one dimethanesulfonate","2,3-Diamino-6,7- dihydro-1H,5H- pyrazolo[1,2-a] Pyrazol-1-one dimethanesulfonate",,,857035-95-1,469-500-8,,,COLORANT,,,Hair dye substance in oxidative hair dye products,"<empty> | <empty> | <empty> | <empty> | <empty> | <empty> | <empty> | as a constituent of other substances, or in mixtures, in concentrations equal to, or greater than 0.1% by weight | <empty> | <empty> | <empty> | <empty> | <empty> | <empty> | <empty> | <empty> | Shall not be placed on the market, or used, as substance or in mixtures in concentrations equal to ot greater than 0.1% by weight | <empty> | <empty> | <empty> | <empty> | Shall not be used as propellant in aerosols for any use. Aerosols dispenser containing the substance as propellant shall not be placed on the market | <empty> | <empty> | <empty> | <empty> | <empty> | <empty> | <empty> | <empty> | <empty> | <empty> | <empty> | <empty> | <empty> | <empty> | <empty> | <empty> | <empty> | <empty> | <empty> | <empty> | <empty> | <empty> | <empty> | <empty> | <empty> | <empty> | <empty> | <empty> | <empty> | <empty> | <empty> | <empty> | <empty> | <empty> | <empty> | <empty> | <empty> | <empty> | <empty> | <empty> | <empty> | <empty> | <empty>",,[],,,N,2013-11-25T00:00:00.000+0100,1
280,III,"2-Amino-4,6-dinitrophenol and 2- amino-4,6-dinitrophenol, sodium salt","2-Amino-4,6-dinitrophenol and 2- amino-4,6-dinitrophenol, sodium salt",,,96-91-3 / 831-52-7,202-544-6 / 212-603-8,,,,,(b) 0.6 %,"(a) Hair dye substance in oxidative hair dye products
(b) Hair dye substance in non-oxidative hair dye products","<empty> | <empty> | <empty> | <empty> | <empty> | <empty> | <empty> | as a constituent of other substances, or in mixtures, in concentrations equal to, or greater than 0.1% by weight | <empty> | <empty> | <empty> | <empty> | <empty> | <empty> | <empty> | <empty> | Shall not be placed on the market, or used, as substance or in mixtures in concentrations equal to ot greater than 0.1% by weight | <empty> | <empty> | <empty> | <empty> | Shall not be used as propellant in aerosols for any use. Aerosols dispenser containing the substance as propellant shall not be placed on the market | <empty> | <empty> | <empty> | <empty> | <empty> | <empty> | <empty> | <empty> | <empty> | <empty> | <empty> | <empty> | <empty> | <empty> | <empty> | <empty> | <empty> | <empty> | <empty> | <empty> | <empty> | <empty> | <empty> | <empty> | <empty> | <empty> | <empty> | <empty> | <empty> | <empty> | <empty> | <empty> | <empty> | <empty> | <empty> | <empty> | <empty> | <empty> | <empty> | <empty> | <empty> | <empty> | <empty>",,[],,,N,2013-11-25T00:00:00.000+0100,1
281,III,"1-Methylamino-2- nitro-5-(2,3-dihydroxy-propyloxy)- benzene","1-Methylamino-2- nitro-5-(2,3-dihydroxy-propyloxy)- benzene",,,80062-31-3,279-383-3,,,COLORANT,,(b) 1.0 %,"(a) Hair dye substance in oxidative hair dye products
(b) Hair dye substance in non-oxidative hair dye products","<empty> | <empty> | <empty> | <empty> | <empty> | <empty> | <empty> | as a constituent of other substances, or in mixtures, in concentrations equal to, or greater than 0.1% by weight | <empty> | <empty> | <empty> | <empty> | <empty> | <empty> | <empty> | <empty> | Shall not be placed on the market, or used, as substance or in mixtures in concentrations equal to ot greater than 0.1% by weight | <empty> | <empty> | <empty> | <empty> | Shall not be used as propellant in aerosols for any use. Aerosols dispenser containing the substance as propellant shall not be placed on the market | <empty> | <empty> | <empty> | <empty> | <empty> | <empty> | <empty> | <empty> | <empty> | <empty> | <empty> | <empty> | <empty> | <empty> | <empty> | <empty> | <empty> | <empty> | <empty> | <empty> | <empty> | <empty> | <empty> | <empty> | <empty> | <empty> | <empty> | <empty> | <empty> | <empty> | <empty> | <empty> | <empty> | <empty> | <empty> | <empty> | <empty> | <empty> | <empty> | <empty> | <empty> | <empty> | <empty>",,[],,,N,2013-11-25T00:00:00.000+0100,1
282,III,"1-Propanaminium, 3-[[9,10-dihydro- 4-(methylamino)- 9,10-dioxo-1- anthracenyl] amino]-N,N- dimethyl-N- propyl-, bromide","1-Propanaminium, 3-[[9,10-dihydro- 4-(methylamino)- 9,10-dioxo-1- anthracenyl] amino]-N,N- dimethyl-N- propyl-, bromide",,,502453-61-4,481-170-7,,,COLORANT,,"3,0 %",Hair dye substance in non-oxidative hair dye products,"<empty> | <empty> | <empty> | <empty> | <empty> | <empty> | <empty> | as a constituent of other substances, or in mixtures, in concentrations equal to, or greater than 0.1% by weight | <empty> | <empty> | <empty> | <empty> | <empty> | <empty> | <empty> | <empty> | Shall not be placed on the market, or used, as substance or in mixtures in concentrations equal to ot greater than 0.1% by weight | <empty> | <empty> | <empty> | <empty> | Shall not be used as propellant in aerosols for any use. Aerosols dispenser containing the substance as propellant shall not be placed on the market | <empty> | <empty> | <empty> | <empty> | <empty> | <empty> | <empty> | <empty> | <empty> | <empty> | <empty> | <empty> | <empty> | <empty> | <empty> | <empty> | <empty> | <empty> | <empty> | <empty> | <empty> | <empty> | <empty> | <empty> | <empty> | <empty> | <empty> | <empty> | <empty> | <empty> | <empty> | <empty> | <empty> | <empty> | <empty> | <empty> | <empty> | <empty> | <empty> | <empty> | <empty> | <empty> | <empty>",,[],,,N,2013-11-25T00:00:00.000+0100,1
283,III,"3-amino-2-chlor- 6-methylphenol 
3-amino-4-chloro- 6-methylphenol HCl","3-amino-2-chlor- 6-methylphenol 
3-amino-4-chloro- 6-methylphenol HCl",,,84540-50-1 / 80419-48-3,283-144-9,,,COLORANT,,(b) 0.5 %,"(a) Hair dye substance in oxidative hair dye products
(b) Hair dye substance in non-oxidative hair dye products","<empty> | <empty> | <empty> | <empty> | <empty> | <empty> | <empty> | as a constituent of other substances, or in mixtures, in concentrations equal to, or greater than 0.1% by weight | <empty> | <empty> | <empty> | <empty> | <empty> | <empty> | <empty> | <empty> | Shall not be placed on the market, or used, as substance or in mixtures in concentrations equal to ot greater than 0.1% by weight | <empty> | <empty> | <empty> | <empty> | Shall not be used as propellant in aerosols for any use. Aerosols dispenser containing the substance as propellant shall not be placed on the market | <empty> | <empty> | <empty> | <empty> | <empty> | <empty> | <empty> | <empty> | <empty> | <empty> | <empty> | <empty> | <empty> | <empty> | <empty> | <empty> | <empty> | <empty> | <empty> | <empty> | <empty> | <empty> | <empty> | <empty> | <empty> | <empty> | <empty> | <empty> | <empty> | <empty> | <empty> | <empty> | <empty> | <empty> | <empty> | <empty> | <empty> | <empty> | <empty> | <empty> | <empty> | <empty> | <empty>",,[],,,N,2013-11-25T00:00:00.000+0100,1
284,III,"Phenol, 2,2'- methylenebis[4- amino-], dihydrochloride","Phenol, 2,2'- methylenebis[4- amino-], dihydrochloride",,,27311-52-0 / 63969-46-0,440-850-3,,54179,COLORANT,,(b) 1.0 %,"(a) Hair dye substance in oxidative hair dye products
(b) Hair dye substance in non-oxidative hair dye products","<empty> | <empty> | <empty> | <empty> | <empty> | <empty> | <empty> | as a constituent of other substances, or in mixtures, in concentrations equal to, or greater than 0.1% by weight | <empty> | <empty> | <empty> | <empty> | <empty> | <empty> | <empty> | <empty> | Shall not be placed on the market, or used, as substance or in mixtures in concentrations equal to ot greater than 0.1% by weight | <empty> | <empty> | <empty> | <empty> | Shall not be used as propellant in aerosols for any use. Aerosols dispenser containing the substance as propellant shall not be placed on the market | <empty> | <empty> | <empty> | <empty> | <empty> | <empty> | <empty> | <empty> | <empty> | <empty> | <empty> | <empty> | <empty> | <empty> | <empty> | <empty> | <empty> | <empty> | <empty> | <empty> | <empty> | <empty> | <empty> | <empty> | <empty> | <empty> | <empty> | <empty> | <empty> | <empty> | <empty> | <empty> | <empty> | <empty> | <empty> | <empty> | <empty> | <empty> | <empty> | <empty> | <empty> | <empty> | <empty>",,[],,,N,2013-11-25T00:00:00.000+0100,1
285,III,"Pyridine-2,6- diyldiamine","Pyridine-2,6- diyldiamine",,,141-86-6,205-507-2,,,,,,"(a) Hair dye substance in oxidative hair dye products
(b) Products intended for colouring eyelashes","<empty> | <empty> | <empty> | <empty> | <empty> | <empty> | <empty> | as a constituent of other substances, or in mixtures, in concentrations equal to, or greater than 0.1% by weight | <empty> | <empty> | <empty> | <empty> | <empty> | <empty> | <empty> | <empty> | Shall not be placed on the market, or used, as substance or in mixtures in concentrations equal to ot greater than 0.1% by weight | <empty> | <empty> | <empty> | <empty> | Shall not be used as propellant in aerosols for any use. Aerosols dispenser containing the substance as propellant shall not be placed on the market | <empty> | <empty> | <empty> | <empty> | <empty> | <empty> | <empty> | <empty> | <empty> | <empty> | <empty> | <empty> | <empty> | <empty> | <empty> | <empty> | <empty> | <empty> | <empty> | <empty> | <empty> | <empty> | <empty> | <empty> | <empty> | <empty> | <empty> | <empty> | <empty> | <empty> | <empty> | <empty> | <empty> | <empty> | <empty> | <empty> | <empty> | <empty> | <empty> | <empty> | <empty> | <empty> | <empty>",,[],,,N,2013-11-25T00:00:00.000+0100,1
286,III,"C16-alkyltrimethylammonium chloride
C18-alkyltrimethyammonium chloride","C16-alkyltrimethylammonium chloride
C18-alkyltrimethyammonium chloride",,,112-02-7,203-928-6,,,,,"(a) 2,5% for the individual concentrarions or the sum of the individual concentrations of cetrimonium chloride and streartrimonium chloride
(b) 1,0% for the individual concentrarions or the sum of the individual concentrations of cetrimonium chloride and streartrimonium chloride
(c) 0,5% for the individual concentrarions or the sum of the individual concentrations of cetrimonium chloride and streartrimonium chloride","(a) Rinse-off hair products
(b) Leave-on hair products
(c) Leave-on face products","<empty> | <empty> | <empty> | <empty> | <empty> | <empty> | <empty> | as a constituent of other substances, or in mixtures, in concentrations equal to, or greater than 0.1% by weight | <empty> | <empty> | <empty> | <empty> | <empty> | <empty> | <empty> | <empty> | Shall not be placed on the market, or used, as substance or in mixtures in concentrations equal to ot greater than 0.1% by weight | <empty> | <empty> | <empty> | <empty> | Shall not be used as propellant in aerosols for any use. Aerosols dispenser containing the substance as propellant shall not be placed on the market | <empty> | <empty> | <empty> | <empty> | <empty> | <empty> | <empty> | <empty> | <empty> | <empty> | <empty> | <empty> | <empty> | <empty> | <empty> | <empty> | <empty> | <empty> | <empty> | <empty> | <empty> | <empty> | <empty> | <empty> | <empty> | <empty> | <empty> | <empty> | <empty> | <empty> | <empty> | <empty> | <empty> | <empty> | <empty> | <empty> | <empty> | <empty> | <empty> | <empty> | <empty> | <empty> | <empty>",,[],"III (1) For use as a preservative, see Annex V, entry No 44",,N,2014-08-09T00:00:00.000+0200,1
287,III,C22-alkyltrimethylammonium chloride,,,,17301-53-0,241-327-0,,,,,"(a) 5,0% for the individual concentration of behentrimonium chloride or the sum of the individual concentrations of cetrimonium chloride, steartrimonium chloride and behentrimonium chloride, while at the same time respecting the relevant maximum concentration for the sum of cetrimonium chloride and streartrimonium chloride set out in entry 286.

(b) 3,0% for the individual concentration of behentrimonium chloride or the sum of the individual concentrations of cetrimonium chloride, steartrimonium chloride and behentrimonium chloride, while at the same time respecting the relevant maximum concentration for the sum of cetrimonium chloride and streartrimonium chloride set out in entry 286.

(c) 3,0% for the individual concentration of behentrimonium chloride or the sum of the individual concentrations of cetrimonium chloride, steartrimonium chloride and behentrimonium chloride, while at the same time respecting the relevant maximum concentration for the sum of cetrimonium chloride and streartrimonium chloride set out in entry 286.","(a) Rinse-off hair products
(b) Leave-on hair products
(c) Leave-on face products","<empty> | <empty> | <empty> | <empty> | <empty> | <empty> | <empty> | as a constituent of other substances, or in mixtures, in concentrations equal to, or greater than 0.1% by weight | <empty> | <empty> | <empty> | <empty> | <empty> | <empty> | <empty> | <empty> | Shall not be placed on the market, or used, as substance or in mixtures in concentrations equal to ot greater than 0.1% by weight | <empty> | <empty> | <empty> | <empty> | Shall not be used as propellant in aerosols for any use. Aerosols dispenser containing the substance as propellant shall not be placed on the market | <empty> | <empty> | <empty> | <empty> | <empty> | <empty> | <empty> | <empty> | <empty> | <empty> | <empty> | <empty> | <empty> | <empty> | <empty> | <empty> | <empty> | <empty> | <empty> | <empty> | <empty> | <empty> | <empty> | <empty> | <empty> | <empty> | <empty> | <empty> | <empty> | <empty> | <empty> | <empty> | <empty> | <empty> | <empty> | <empty> | <empty> | <empty> | <empty> | <empty> | <empty> | <empty> | <empty>",,[],"III (1) For use as a preservative, see Annex V, entry No 44",,N,2014-08-09T00:00:00.000+0200,1
288,III,"3-[(4-amino-3- methyl-9,10-dioxo-9,10-dihydroanthracen-1- yl)amino]-N,N,N -trimethylpropan-1-aminium, methylsulfate salt","3-[(4-amino-3- methyl-9,10-dioxo-9,10-dihydroanthracen-1- yl)amino]-N,N,N -trimethylpropan-1-aminium, methylsulfate salt",,,16517-75-2,605-392-2,,,COLORANT,,"(b) 2,0%","(a) Hair dye substance in oxidative hair dye products
(b) Hair dye substance in non-oxidative hair dye products","<empty> | <empty> | <empty> | <empty> | <empty> | <empty> | <empty> | as a constituent of other substances, or in mixtures, in concentrations equal to, or greater than 0.1% by weight | <empty> | <empty> | <empty> | <empty> | <empty> | <empty> | <empty> | <empty> | Shall not be placed on the market, or used, as substance or in mixtures in concentrations equal to ot greater than 0.1% by weight | <empty> | <empty> | <empty> | <empty> | Shall not be used as propellant in aerosols for any use. Aerosols dispenser containing the substance as propellant shall not be placed on the market | <empty> | <empty> | <empty> | <empty> | <empty> | <empty> | <empty> | <empty> | <empty> | <empty> | <empty> | <empty> | <empty> | <empty> | <empty> | <empty> | <empty> | <empty> | <empty> | <empty> | <empty> | <empty> | <empty> | <empty> | <empty> | <empty> | <empty> | <empty> | <empty> | <empty> | <empty> | <empty> | <empty> | <empty> | <empty> | <empty> | <empty> | <empty> | <empty> | <empty> | <empty> | <empty> | <empty>",,[],,,N,2015-07-21T00:00:00.000+0200,1
289,III,"Phosphoric acid compound with 4-[(2,6-dichlorophenyl) (4-imino- 3,5-dimethyl-2,5- cyclohexadien-1- ylidene) methyl]- 2,6-dimethylaniline (1:1)","Phosphoric acid compound with 4-[(2,6-dichlorophenyl) (4-imino- 3,5-dimethyl-2,5- cyclohexadien-1- ylidene) methyl]- 2,6-dimethylaniline (1:1)",,,74578-10-2,277-929-5,,,CMR,,"(b) 0,2 %","(a) Hair dye substance in oxidative hair dye products
(b) Hair dye substance in non-oxidative hair dye products","<empty> | <empty> | <empty> | <empty> | <empty> | <empty> | <empty> | as a constituent of other substances, or in mixtures, in concentrations equal to, or greater than 0.1% by weight | <empty> | <empty> | <empty> | <empty> | <empty> | <empty> | <empty> | <empty> | Shall not be placed on the market, or used, as substance or in mixtures in concentrations equal to ot greater than 0.1% by weight | <empty> | <empty> | <empty> | <empty> | Shall not be used as propellant in aerosols for any use. Aerosols dispenser containing the substance as propellant shall not be placed on the market | <empty> | <empty> | <empty> | <empty> | <empty> | <empty> | <empty> | <empty> | <empty> | <empty> | <empty> | <empty> | <empty> | <empty> | <empty> | <empty> | <empty> | <empty> | <empty> | <empty> | <empty> | <empty> | <empty> | <empty> | <empty> | <empty> | <empty> | <empty> | <empty> | <empty> | <empty> | <empty> | <empty> | <empty> | <empty> | <empty> | <empty> | <empty> | <empty> | <empty> | <empty> | <empty> | <empty>",,[],,,N,2015-07-21T00:00:00.000+0200,1
290,III,"Disodium 2,2′- (9,10-dioxoanthracene-1,4-diyldiimino)bis(5- methylsulphonate)","Disodium 2,2′- (9,10-dioxoanthracene-1,4-diyldiimino)bis(5- methylsulphonate)",,,4403-90-1,224-546-6,,,COLORANT,,"0,3 %",Hair dye substance in non-oxidative hair dye products,"<empty> | <empty> | <empty> | <empty> | <empty> | <empty> | <empty> | as a constituent of other substances, or in mixtures, in concentrations equal to, or greater than 0.1% by weight | <empty> | <empty> | <empty> | <empty> | <empty> | <empty> | <empty> | <empty> | Shall not be placed on the market, or used, as substance or in mixtures in concentrations equal to ot greater than 0.1% by weight | <empty> | <empty> | <empty> | <empty> | Shall not be used as propellant in aerosols for any use. Aerosols dispenser containing the substance as propellant shall not be placed on the market | <empty> | <empty> | <empty> | <empty> | <empty> | <empty> | <empty> | <empty> | <empty> | <empty> | <empty> | <empty> | <empty> | <empty> | <empty> | <empty> | <empty> | <empty> | <empty> | <empty> | <empty> | <empty> | <empty> | <empty> | <empty> | <empty> | <empty> | <empty> | <empty> | <empty> | <empty> | <empty> | <empty> | <empty> | <empty> | <empty> | <empty> | <empty> | <empty> | <empty> | <empty> | <empty> | <empty>",,[],,,N,2015-07-21T00:00:00.000+0200,1
291,III,"Sodium, 4- [(9,10-dihydro-4- hydroxy-9,10-dioxo-1-anthryl) amino]toluene-3- sulphonate","Sodium, 4- [(9,10-dihydro-4- hydroxy-9,10-dioxo-1-anthryl) amino]toluene-3- sulphonate",,,4430-18-6,224-618-7,,,COLORANT,,"0,5 %",Hair dye substance in non-oxidative hair dye products,"<empty> | <empty> | <empty> | <empty> | <empty> | <empty> | <empty> | as a constituent of other substances, or in mixtures, in concentrations equal to, or greater than 0.1% by weight | <empty> | <empty> | <empty> | <empty> | <empty> | <empty> | <empty> | <empty> | Shall not be placed on the market, or used, as substance or in mixtures in concentrations equal to ot greater than 0.1% by weight | <empty> | <empty> | <empty> | <empty> | Shall not be used as propellant in aerosols for any use. Aerosols dispenser containing the substance as propellant shall not be placed on the market | <empty> | <empty> | <empty> | <empty> | <empty> | <empty> | <empty> | <empty> | <empty> | <empty> | <empty> | <empty> | <empty> | <empty> | <empty> | <empty> | <empty> | <empty> | <empty> | <empty> | <empty> | <empty> | <empty> | <empty> | <empty> | <empty> | <empty> | <empty> | <empty> | <empty> | <empty> | <empty> | <empty> | <empty> | <empty> | <empty> | <empty> | <empty> | <empty> | <empty> | <empty> | <empty> | <empty>",,[],,,N,2015-07-21T00:00:00.000+0200,1
292,III,"1,4-Benzenediamine, 2-(methoxymethyl)

1,4-Benzenediamine, 2-(methoxymethyl)-, sulfate","1,4-Benzenediamine, 2-(methoxymethyl)

1,4-Benzenediamine, 2-(methoxymethyl)-, sulfate",,,337906-36-2 ; 337906-37-3,679-526-3; 638-749-6,,86015 | 98564,,,,"(a) Hair dye substance in oxidative hair dye products

(b) Products intended for colouring eyelashes","<empty> | <empty> | <empty> | <empty> | <empty> | <empty> | <empty> | as a constituent of other substances, or in mixtures, in concentrations equal to, or greater than 0.1% by weight | <empty> | <empty> | <empty> | <empty> | <empty> | <empty> | <empty> | <empty> | Shall not be placed on the market, or used, as substance or in mixtures in concentrations equal to ot greater than 0.1% by weight | <empty> | <empty> | <empty> | <empty> | Shall not be used as propellant in aerosols for any use. Aerosols dispenser containing the substance as propellant shall not be placed on the market | <empty> | <empty> | <empty> | <empty> | <empty> | <empty> | <empty> | <empty> | <empty> | <empty> | <empty> | <empty> | <empty> | <empty> | <empty> | <empty> | <empty> | <empty> | <empty> | <empty> | <empty> | <empty> | <empty> | <empty> | <empty> | <empty> | <empty> | <empty> | <empty> | <empty> | <empty> | <empty> | <empty> | <empty> | <empty> | <empty> | <empty> | <empty> | <empty> | <empty> | <empty> | <empty> | <empty>",,[],,,N,2020-11-13T00:00:00.000+0100,1
293,III,"1-N-Methylmorpholiniumpropylamino-4-hydroxyanthraquinone, methyl sulfate","1-N-Methylmorpholiniumpropylamino-4-hydroxyanthraquinone, methyl sulfate",,,38866-20-5,254-161-9,,,,,"0,5 %",Hair dye substance in non-oxidative hair dye products,"<empty> | <empty> | <empty> | <empty> | <empty> | <empty> | <empty> | as a constituent of other substances, or in mixtures, in concentrations equal to, or greater than 0.1% by weight | <empty> | <empty> | <empty> | <empty> | <empty> | <empty> | <empty> | <empty> | Shall not be placed on the market, or used, as substance or in mixtures in concentrations equal to ot greater than 0.1% by weight | <empty> | <empty> | <empty> | <empty> | Shall not be used as propellant in aerosols for any use. Aerosols dispenser containing the substance as propellant shall not be placed on the market | <empty> | <empty> | <empty> | <empty> | <empty> | <empty> | <empty> | <empty> | <empty> | <empty> | <empty> | <empty> | <empty> | <empty> | <empty> | <empty> | <empty> | <empty> | <empty> | <empty> | <empty> | <empty> | <empty> | <empty> | <empty> | <empty> | <empty> | <empty> | <empty> | <empty> | <empty> | <empty> | <empty> | <empty> | <empty> | <empty> | <empty> | <empty> | <empty> | <empty> | <empty> | <empty> | <empty>",,[],,,N,2015-07-21T00:00:00.000+0200,1
294,III,"Ethanol, 2,2′-[[3- methyl-4-[(E)-(4- nitrophenyl)azo] phenyl]imino]bis-","Ethanol, 2,2′-[[3- methyl-4-[(E)-(4- nitrophenyl)azo] phenyl]imino]bis-",,,3179-89-3,221-665-5,,,,,"(b) 0,2 %","(a)Hair dye substance in oxidative hair dye products 
(b)Hair dye substance in non-oxidative hair dye products","<empty> | <empty> | <empty> | <empty> | <empty> | <empty> | <empty> | as a constituent of other substances, or in mixtures, in concentrations equal to, or greater than 0.1% by weight | <empty> | <empty> | <empty> | <empty> | <empty> | <empty> | <empty> | <empty> | Shall not be placed on the market, or used, as substance or in mixtures in concentrations equal to ot greater than 0.1% by weight | <empty> | <empty> | <empty> | <empty> | Shall not be used as propellant in aerosols for any use. Aerosols dispenser containing the substance as propellant shall not be placed on the market | <empty> | <empty> | <empty> | <empty> | <empty> | <empty> | <empty> | <empty> | <empty> | <empty> | <empty> | <empty> | <empty> | <empty> | <empty> | <empty> | <empty> | <empty> | <empty> | <empty> | <empty> | <empty> | <empty> | <empty> | <empty> | <empty> | <empty> | <empty> | <empty> | <empty> | <empty> | <empty> | <empty> | <empty> | <empty> | <empty> | <empty> | <empty> | <empty> | <empty> | <empty> | <empty> | <empty>",,[],,,N,2015-07-21T00:00:00.000+0200,1
295,III,"4-Amino-5-hydroxy-3-(4-nitrophenylazo)-6- (phenylazo)-2,7- naphthalenedisulfonic acid, disodium salt","4-Amino-5-hydroxy-3-(4-nitrophenylazo)-6- (phenylazo)-2,7- naphthalenedisulfonic acid, disodium salt",,,1064-48-8,213-903-1,,,,,"0,5 %",Hair dye substance in non-oxidative hair dye products,"<empty> | <empty> | <empty> | <empty> | <empty> | <empty> | <empty> | as a constituent of other substances, or in mixtures, in concentrations equal to, or greater than 0.1% by weight | <empty> | <empty> | <empty> | <empty> | <empty> | <empty> | <empty> | <empty> | Shall not be placed on the market, or used, as substance or in mixtures in concentrations equal to ot greater than 0.1% by weight | <empty> | <empty> | <empty> | <empty> | Shall not be used as propellant in aerosols for any use. Aerosols dispenser containing the substance as propellant shall not be placed on the market | <empty> | <empty> | <empty> | <empty> | <empty> | <empty> | <empty> | <empty> | <empty> | <empty> | <empty> | <empty> | <empty> | <empty> | <empty> | <empty> | <empty> | <empty> | <empty> | <empty> | <empty> | <empty> | <empty> | <empty> | <empty> | <empty> | <empty> | <empty> | <empty> | <empty> | <empty> | <empty> | <empty> | <empty> | <empty> | <empty> | <empty> | <empty> | <empty> | <empty> | <empty> | <empty> | <empty>",,[],,,N,2015-07-21T00:00:00.000+0200,1
296,III,Disodium 3-hydroxy-4-[(E)-(4- methyl-2-sulfonatophenyl)diazenyl]-2-naphthoate,Disodium 3-hydroxy-4-[(E)-(4- methyl-2-sulfonatophenyl)diazenyl]-2-naphthoate,,,5858-81-1,227-497-9,,,COLORANT,,"0,4 %",Hair dye substance in non-oxidative hair dye products,"<empty> | <empty> | <empty> | <empty> | <empty> | <empty> | <empty> | as a constituent of other substances, or in mixtures, in concentrations equal to, or greater than 0.1% by weight | <empty> | <empty> | <empty> | <empty> | <empty> | <empty> | <empty> | <empty> | Shall not be placed on the market, or used, as substance or in mixtures in concentrations equal to ot greater than 0.1% by weight | <empty> | <empty> | <empty> | <empty> | Shall not be used as propellant in aerosols for any use. Aerosols dispenser containing the substance as propellant shall not be placed on the market | <empty> | <empty> | <empty> | <empty> | <empty> | <empty> | <empty> | <empty> | <empty> | <empty> | <empty> | <empty> | <empty> | <empty> | <empty> | <empty> | <empty> | <empty> | <empty> | <empty> | <empty> | <empty> | <empty> | <empty> | <empty> | <empty> | <empty> | <empty> | <empty> | <empty> | <empty> | <empty> | <empty> | <empty> | <empty> | <empty> | <empty> | <empty> | <empty> | <empty> | <empty> | <empty> | <empty>",,[],,,N,2015-07-21T00:00:00.000+0200,1
297,III,"2-(2-ethoxyethoxy)ethanol Diethylene Glycol Monoethyl Ether (DEGEE), Ethoxydiglycol",2-(2-ethoxyethoxy)ethanol Diethylene Glycol Monoethyl Ether (DEGEE),,,111-90-0,203-919-7,,,SOLVENT,,"(a) 7%
(b) 5%
(c) 10%
(d) 2,6%
(e)2,6%","(a) Oxidative hair day products
(b) Non-oxidative hair dye products
(c) Rinse-off products other than hair dye products
(d) Other non-spray cosmetic products
(e) The following spray products: fine fragrances, hair sprays, antiperspirant and deodorant","<empty> | <empty> | <empty> | <empty> | <empty> | <empty> | <empty> | as a constituent of other substances, or in mixtures, in concentrations equal to, or greater than 0.1% by weight | <empty> | <empty> | <empty> | <empty> | <empty> | <empty> | <empty> | <empty> | Shall not be placed on the market, or used, as substance or in mixtures in concentrations equal to ot greater than 0.1% by weight | <empty> | <empty> | <empty> | <empty> | Shall not be used as propellant in aerosols for any use. Aerosols dispenser containing the substance as propellant shall not be placed on the market | <empty> | <empty> | <empty> | <empty> | <empty> | <empty> | <empty> | <empty> | <empty> | <empty> | <empty> | <empty> | <empty> | <empty> | <empty> | <empty> | <empty> | <empty> | <empty> | <empty> | <empty> | <empty> | <empty> | <empty> | <empty> | <empty> | <empty> | <empty> | <empty> | <empty> | <empty> | <empty> | <empty> | <empty> | <empty> | <empty> | <empty> | <empty> | <empty> | <empty> | <empty> | <empty> | <empty>",,[],,,N,2016-03-05T00:00:00.000+0100,1
298,III,Di[2-[4-[(E)-2-[4- [bis(2-hydroxyethyl)aminophenyl]vinyl]pyridin-1- ium] butanoyl]aminoethyl]di-sulfanyl dichloride,Di[2-[4-[(E)-2-[4- [bis(2-hydroxyethyl)aminophenyl]vinyl]pyridin-1- ium] butanoyl]aminoethyl]di-sulfanyl dichloride,,,1449471-67-3,,,,,,"As from 3 September 2017: 0,5 %",Hair dye substance in non-oxidative hair dye products,"<empty> | <empty> | <empty> | <empty> | <empty> | <empty> | <empty> | as a constituent of other substances, or in mixtures, in concentrations equal to, or greater than 0.1% by weight | <empty> | <empty> | <empty> | <empty> | <empty> | <empty> | <empty> | <empty> | Shall not be placed on the market, or used, as substance or in mixtures in concentrations equal to ot greater than 0.1% by weight | <empty> | <empty> | <empty> | <empty> | Shall not be used as propellant in aerosols for any use. Aerosols dispenser containing the substance as propellant shall not be placed on the market | <empty> | <empty> | <empty> | <empty> | <empty> | <empty> | <empty> | <empty> | <empty> | <empty> | <empty> | <empty> | <empty> | <empty> | <empty> | <empty> | <empty> | <empty> | <empty> | <empty> | <empty> | <empty> | <empty> | <empty> | <empty> | <empty> | <empty> | <empty> | <empty> | <empty> | <empty> | <empty> | <empty> | <empty> | <empty> | <empty> | <empty> | <empty> | <empty> | <empty> | <empty> | <empty> | <empty> | <empty> | <empty>",,[],,,N,2017-02-11T00:00:00.000+0100,1
299,III,"Di[2-[4-[(E)-2- [2,4,5-trimethoxyphenyl]vinyl]pyridinin-1-ium]butanoyl]aminoethyl]disulfanyl dichloride","Di[2-[4-[(E)-2- [2,4,5-trimethoxyphenyl]vinyl]pyridinin-1-ium]butanoyl]aminoethyl]disulfanyl dichloride",,,1450801-55-4,,,,,,"As from 3 September 2017: 0,5 %",Hair dye substance in non-oxidative hair dye products,"<empty> | <empty> | <empty> | <empty> | <empty> | <empty> | <empty> | as a constituent of other substances, or in mixtures, in concentrations equal to, or greater than 0.1% by weight | <empty> | <empty> | <empty> | <empty> | <empty> | <empty> | <empty> | <empty> | Shall not be placed on the market, or used, as substance or in mixtures in concentrations equal to ot greater than 0.1% by weight | <empty> | <empty> | <empty> | <empty> | Shall not be used as propellant in aerosols for any use. Aerosols dispenser containing the substance as propellant shall not be placed on the market | <empty> | <empty> | <empty> | <empty> | <empty> | <empty> | <empty> | <empty> | <empty> | <empty> | <empty> | <empty> | <empty> | <empty> | <empty> | <empty> | <empty> | <empty> | <empty> | <empty> | <empty> | <empty> | <empty> | <empty> | <empty> | <empty> | <empty> | <empty> | <empty> | <empty> | <empty> | <empty> | <empty> | <empty> | <empty> | <empty> | <empty> | <empty> | <empty> | <empty> | <empty> | <empty> | <empty> | <empty> | <empty>",,[],,,N,2017-02-11T00:00:00.000+0100,1
300,III,"1H-Pyrazole-4,5- diamine, 1-hexyl-, sulfate (2:1)","1H-Pyrazole-4,5- diamine, 1-hexyl-, sulfate (2:1)",,,1361000-03-4,,,,,,,Hair dye substance in oxidative hair dye products,"<empty> | <empty> | <empty> | <empty> | <empty> | <empty> | <empty> | as a constituent of other substances, or in mixtures, in concentrations equal to, or greater than 0.1% by weight | <empty> | <empty> | <empty> | <empty> | <empty> | <empty> | <empty> | <empty> | Shall not be placed on the market, or used, as substance or in mixtures in concentrations equal to ot greater than 0.1% by weight | <empty> | <empty> | <empty> | <empty> | Shall not be used as propellant in aerosols for any use. Aerosols dispenser containing the substance as propellant shall not be placed on the market | <empty> | <empty> | <empty> | <empty> | <empty> | <empty> | <empty> | <empty> | <empty> | <empty> | <empty> | <empty> | <empty> | <empty> | <empty> | <empty> | <empty> | <empty> | <empty> | <empty> | <empty> | <empty> | <empty> | <empty> | <empty> | <empty> | <empty> | <empty> | <empty> | <empty> | <empty> | <empty> | <empty> | <empty> | <empty> | <empty> | <empty> | <empty> | <empty> | <empty> | <empty> | <empty> | <empty> | <empty> | <empty>",,[],,,N,2017-02-11T00:00:00.000+0100,1
301,III,"4-Hydroxy-2,5,6- triaminopyrimidine sulfate","4-Hydroxy-2,5,6- triaminopyrimidine sulfate",,,1603-02-7,216-500-9,,,,,,Hair dye substance in oxidative hair dye products,"<empty> | <empty> | <empty> | <empty> | <empty> | <empty> | <empty> | as a constituent of other substances, or in mixtures, in concentrations equal to, or greater than 0.1% by weight | <empty> | <empty> | <empty> | <empty> | <empty> | <empty> | <empty> | <empty> | Shall not be placed on the market, or used, as substance or in mixtures in concentrations equal to ot greater than 0.1% by weight | <empty> | <empty> | <empty> | <empty> | Shall not be used as propellant in aerosols for any use. Aerosols dispenser containing the substance as propellant shall not be placed on the market | <empty> | <empty> | <empty> | <empty> | <empty> | <empty> | <empty> | <empty> | <empty> | <empty> | <empty> | <empty> | <empty> | <empty> | <empty> | <empty> | <empty> | <empty> | <empty> | <empty> | <empty> | <empty> | <empty> | <empty> | <empty> | <empty> | <empty> | <empty> | <empty> | <empty> | <empty> | <empty> | <empty> | <empty> | <empty> | <empty> | <empty> | <empty> | <empty> | <empty> | <empty> | <empty> | <empty> | <empty> | <empty>",,[],,,N,2017-02-11T00:00:00.000+0100,1
302,III,"2-[(3-Aminopyrazolo[1,5-a]pyridin-2- yl)oxy]ethanol hydrochloride","2-[(3-Aminopyrazolo[1,5-a]pyridin-2- yl)oxy]ethanol hydrochloride",,,1079221-49-0,695-745-7,,,,,,Hair dye substance in oxidative hair dye products,"<empty> | <empty> | <empty> | <empty> | <empty> | <empty> | <empty> | as a constituent of other substances, or in mixtures, in concentrations equal to, or greater than 0.1% by weight | <empty> | <empty> | <empty> | <empty> | <empty> | <empty> | <empty> | <empty> | Shall not be placed on the market, or used, as substance or in mixtures in concentrations equal to ot greater than 0.1% by weight | <empty> | <empty> | <empty> | <empty> | Shall not be used as propellant in aerosols for any use. Aerosols dispenser containing the substance as propellant shall not be placed on the market | <empty> | <empty> | <empty> | <empty> | <empty> | <empty> | <empty> | <empty> | <empty> | <empty> | <empty> | <empty> | <empty> | <empty> | <empty> | <empty> | <empty> | <empty> | <empty> | <empty> | <empty> | <empty> | <empty> | <empty> | <empty> | <empty> | <empty> | <empty> | <empty> | <empty> | <empty> | <empty> | <empty> | <empty> | <empty> | <empty> | <empty> | <empty> | <empty> | <empty> | <empty> | <empty> | <empty> | <empty> | <empty>",,[],,,N,2017-02-11T00:00:00.000+0100,1
303,III,"Phenol, 3-amino-2,6- dimethyl","Phenol, 3-amino-2,6- dimethyl",,,6994-64-5,230-268-6,,,,,,Hair dye substance in oxidative hair dye products,"<empty> | <empty> | <empty> | <empty> | <empty> | <empty> | <empty> | as a constituent of other substances, or in mixtures, in concentrations equal to, or greater than 0.1% by weight | <empty> | <empty> | <empty> | <empty> | <empty> | <empty> | <empty> | <empty> | Shall not be placed on the market, or used, as substance or in mixtures in concentrations equal to ot greater than 0.1% by weight | <empty> | <empty> | <empty> | <empty> | Shall not be used as propellant in aerosols for any use. Aerosols dispenser containing the substance as propellant shall not be placed on the market | <empty> | <empty> | <empty> | <empty> | <empty> | <empty> | <empty> | <empty> | <empty> | <empty> | <empty> | <empty> | <empty> | <empty> | <empty> | <empty> | <empty> | <empty> | <empty> | <empty> | <empty> | <empty> | <empty> | <empty> | <empty> | <empty> | <empty> | <empty> | <empty> | <empty> | <empty> | <empty> | <empty> | <empty> | <empty> | <empty> | <empty> | <empty> | <empty> | <empty> | <empty> | <empty> | <empty> | <empty> | <empty>",,[],,,N,2017-02-11T00:00:00.000+0100,1
304,III,"2-Naphthalenaminium, 8-[(4- amino-3-nitrophenyl)azo]-7-hydroxy- N,N,N-trimethyl-, chloride","2-Naphthalenaminium, 8-[(4- amino-3-nitrophenyl)azo]-7-hydroxy- N,N,N-trimethyl-, chloride",,,68391-32-2,269-944-0,,,,,"As from 3 September 2017: 2,0 %",Hair dye substance in non-oxidative hair dye products,"<empty> | <empty> | <empty> | <empty> | <empty> | <empty> | <empty> | as a constituent of other substances, or in mixtures, in concentrations equal to, or greater than 0.1% by weight | <empty> | <empty> | <empty> | <empty> | <empty> | <empty> | <empty> | <empty> | Shall not be placed on the market, or used, as substance or in mixtures in concentrations equal to ot greater than 0.1% by weight | <empty> | <empty> | <empty> | <empty> | Shall not be used as propellant in aerosols for any use. Aerosols dispenser containing the substance as propellant shall not be placed on the market | <empty> | <empty> | <empty> | <empty> | <empty> | <empty> | <empty> | <empty> | <empty> | <empty> | <empty> | <empty> | <empty> | <empty> | <empty> | <empty> | <empty> | <empty> | <empty> | <empty> | <empty> | <empty> | <empty> | <empty> | <empty> | <empty> | <empty> | <empty> | <empty> | <empty> | <empty> | <empty> | <empty> | <empty> | <empty> | <empty> | <empty> | <empty> | <empty> | <empty> | <empty> | <empty> | <empty> | <empty> | <empty>",,[],,,N,2017-02-11T00:00:00.000+0100,1
305,III,3-Amino-7- (dimethylamino)-2- methoxyphenoxazin- 5-ium chloride,3-Amino-7- (dimethylamino)-2- methoxyphenoxazin- 5-ium chloride,,,67846-56-4,267-370-5,,,,,"As from 3 September 2017: 0,5 %",Hair dye substance in non-oxidative hair dye products,"<empty> | <empty> | <empty> | <empty> | <empty> | <empty> | <empty> | as a constituent of other substances, or in mixtures, in concentrations equal to, or greater than 0.1% by weight | <empty> | <empty> | <empty> | <empty> | <empty> | <empty> | <empty> | <empty> | Shall not be placed on the market, or used, as substance or in mixtures in concentrations equal to ot greater than 0.1% by weight | <empty> | <empty> | <empty> | <empty> | Shall not be used as propellant in aerosols for any use. Aerosols dispenser containing the substance as propellant shall not be placed on the market | <empty> | <empty> | <empty> | <empty> | <empty> | <empty> | <empty> | <empty> | <empty> | <empty> | <empty> | <empty> | <empty> | <empty> | <empty> | <empty> | <empty> | <empty> | <empty> | <empty> | <empty> | <empty> | <empty> | <empty> | <empty> | <empty> | <empty> | <empty> | <empty> | <empty> | <empty> | <empty> | <empty> | <empty> | <empty> | <empty> | <empty> | <empty> | <empty> | <empty> | <empty> | <empty> | <empty> | <empty> | <empty>",,[],,,N,2017-02-11T00:00:00.000+0100,1
306,III,"Peanut oil, extracts and derivatives","Peanut oil, extracts and derivatives","Peanut oil, extracts and derivatives",,8002-03-7; 68425-36-5;  91051-35-3; 91744-77-3; 68440-49-3; 93572-05-5; 61789-56-8; 61789-57-9; 73138-79-1,232-296-4; 270-350-9; 293-087-1; 294-643-6; -; 297-433-2; 263-069-8; 263-070-3; 277-298-6,,,,,,,,,[],,,N,2017-12-09T00:00:00.000+0100,1
307,III,Hydrolyzed wheat protein,Hydrolyzed wheat protein,,,94350-06-8 / 222400-28-4 / 70084-87-6 / 100209- 50-5,305-225-0/ -/ 309-358-5,,,,,,,"<empty> | <empty> | <empty> | <empty> | <empty> | <empty> | <empty> | as a constituent of other substances, or in mixtures, in concentrations equal to, or greater than 0.1% by weight | <empty> | <empty> | <empty> | <empty> | <empty> | <empty> | <empty> | <empty> | Shall not be placed on the market, or used, as substance or in mixtures in concentrations equal to ot greater than 0.1% by weight | <empty> | <empty> | <empty> | <empty> | Shall not be used as propellant in aerosols for any use. Aerosols dispenser containing the substance as propellant shall not be placed on the market | <empty> | <empty> | <empty> | <empty> | <empty> | <empty> | <empty> | <empty> | <empty> | <empty> | <empty> | <empty> | <empty> | <empty> | <empty> | <empty> | <empty> | <empty> | <empty> | <empty> | <empty> | <empty> | <empty> | <empty> | <empty> | <empty> | <empty> | <empty> | <empty> | <empty> | <empty> | <empty> | <empty> | <empty> | <empty> | <empty> | <empty> | <empty> | <empty> | <empty> | <empty> | <empty> | <empty> | <empty> | <empty>",,[],,,N,2017-12-09T00:00:00.000+0100,1
308,III,Tagetes minuta flower extract; Tagetes minuta flower oil,"Tagetes minuta flower extract

Tagetes minuta flower oil",,,91770-75-1; 91770-75-1/8016-84-0,294-862-7; 294-862-7,,,PERFUMING,,"(a) 0,01 %
(b) 0,1 %","(a) Leave-on products
(b) Rinse-off products","<empty> | <empty> | <empty> | <empty> | <empty> | <empty> | <empty> | as a constituent of other substances, or in mixtures, in concentrations equal to, or greater than 0.1% by weight | <empty> | <empty> | <empty> | <empty> | <empty> | <empty> | <empty> | <empty> | Shall not be placed on the market, or used, as substance or in mixtures in concentrations equal to ot greater than 0.1% by weight | <empty> | <empty> | <empty> | <empty> | Shall not be used as propellant in aerosols for any use. Aerosols dispenser containing the substance as propellant shall not be placed on the market | <empty> | <empty> | <empty> | <empty> | <empty> | <empty> | <empty> | <empty> | <empty> | <empty> | <empty> | <empty> | <empty> | <empty> | <empty> | <empty> | <empty> | <empty> | <empty> | <empty> | <empty> | <empty> | <empty> | <empty> | <empty> | <empty> | <empty> | <empty> | <empty> | <empty> | <empty> | <empty> | <empty> | <empty> | <empty> | <empty> | <empty> | <empty> | <empty> | <empty> | <empty> | <empty> | <empty> | <empty> | <empty>",,[],,,N,2018-07-19T00:00:00.000+0200,1
309,III,Tagetes patula flower extract; Tagetes patula flower oil,Tagetes patula flower extract; Tagetes patula flower oil,,,91722-29-1; 91722-29-1/8016-84-0,294-431-3; 294-431-3/-,,,PERFUMING,,"(a) 0,01 %
(b) 0,1 %","(a) Leave-on products
(b) Rinse-off products","<empty> | <empty> | <empty> | <empty> | <empty> | <empty> | <empty> | as a constituent of other substances, or in mixtures, in concentrations equal to, or greater than 0.1% by weight | <empty> | <empty> | <empty> | <empty> | <empty> | <empty> | <empty> | <empty> | Shall not be placed on the market, or used, as substance or in mixtures in concentrations equal to ot greater than 0.1% by weight | <empty> | <empty> | <empty> | <empty> | Shall not be used as propellant in aerosols for any use. Aerosols dispenser containing the substance as propellant shall not be placed on the market | <empty> | <empty> | <empty> | <empty> | <empty> | <empty> | <empty> | <empty> | <empty> | <empty> | <empty> | <empty> | <empty> | <empty> | <empty> | <empty> | <empty> | <empty> | <empty> | <empty> | <empty> | <empty> | <empty> | <empty> | <empty> | <empty> | <empty> | <empty> | <empty> | <empty> | <empty> | <empty> | <empty> | <empty> | <empty> | <empty> | <empty> | <empty> | <empty> | <empty> | <empty> | <empty> | <empty> | <empty> | <empty>",,[],,,N,2018-07-19T00:00:00.000+0200,1
310,III,"1-(4-Chlorophenoxy)-1-(imidazol-1-yl)-3,3-dimethylbutan-2-one","1-(4-Chlorophenoxy)-1-(imidazol-1-yl)-3,3-dimethylbutan-2-one",,,38083-17-9;,253-775-4;,,,,,"2,0 %",Rinse-off anti-dandruff shampoo,"<empty> | <empty> | <empty> | <empty> | <empty> | <empty> | <empty> | as a constituent of other substances, or in mixtures, in concentrations equal to, or greater than 0.1% by weight | <empty> | <empty> | <empty> | <empty> | <empty> | <empty> | <empty> | <empty> | Shall not be placed on the market, or used, as substance or in mixtures in concentrations equal to ot greater than 0.1% by weight | <empty> | <empty> | <empty> | <empty> | Shall not be used as propellant in aerosols for any use. Aerosols dispenser containing the substance as propellant shall not be placed on the market | <empty> | <empty> | <empty> | <empty> | <empty> | <empty> | <empty> | <empty> | <empty> | <empty> | <empty> | <empty> | <empty> | <empty> | <empty> | <empty> | <empty> | <empty> | <empty> | <empty> | <empty> | <empty> | <empty> | <empty> | <empty> | <empty> | <empty> | <empty> | <empty> | <empty> | <empty> | <empty> | <empty> | <empty> | <empty> | <empty> | <empty> | <empty> | <empty> | <empty> | <empty> | <empty> | <empty> | <empty> | <empty>",,[],,,N,2019-05-07T00:00:00.000+0200,1
312,III,2-Furaldehyde,2-Furaldehyde,,,98-01-1,202-627-7,,33965,,,"0,001 %",,"<empty> | <empty> | <empty> | <empty> | <empty> | <empty> | <empty> | as a constituent of other substances, or in mixtures, in concentrations equal to, or greater than 0.1% by weight | <empty> | <empty> | <empty> | <empty> | <empty> | <empty> | <empty> | <empty> | Shall not be placed on the market, or used, as substance or in mixtures in concentrations equal to ot greater than 0.1% by weight | <empty> | <empty> | <empty> | <empty> | Shall not be used as propellant in aerosols for any use. Aerosols dispenser containing the substance as propellant shall not be placed on the market | <empty> | <empty> | <empty> | <empty> | <empty> | <empty> | <empty> | <empty> | <empty> | <empty> | <empty> | <empty> | <empty> | <empty> | <empty> | <empty> | <empty> | <empty> | <empty> | <empty> | <empty> | <empty> | <empty> | <empty> | <empty> | <empty> | <empty> | <empty> | <empty> | <empty> | <empty> | <empty> | <empty> | <empty> | <empty> | <empty> | <empty> | <empty> | <empty> | <empty> | <empty> | <empty> | <empty> | <empty> | <empty>",,"[[""2"",""Carcinogenic"",""""]]",,,N,2019-05-23T00:00:00.000+0200,1
313,III,2-Hydroxyethyl Methacrylate,"2-Hydroxyethyl Methacrylate*

*From 3 June 2021 products containing that substance and not complying with those conditions shall not be placed on the Union market. From 3 September 2021 products containing that substance and not complying with those conditions shall not be made available on the Union market",,,868-77-9,212-782-2,,56349,NAIL SCULPTING,,,Nail products,"<empty> | <empty> | <empty> | <empty> | <empty> | <empty> | <empty> | as a constituent of other substances, or in mixtures, in concentrations equal to, or greater than 0.1% by weight | <empty> | <empty> | <empty> | <empty> | <empty> | <empty> | <empty> | <empty> | Shall not be placed on the market, or used, as substance or in mixtures in concentrations equal to ot greater than 0.1% by weight | <empty> | <empty> | <empty> | <empty> | Shall not be used as propellant in aerosols for any use. Aerosols dispenser containing the substance as propellant shall not be placed on the market | <empty> | <empty> | <empty> | <empty> | <empty> | <empty> | <empty> | <empty> | <empty> | <empty> | <empty> | <empty> | <empty> | <empty> | <empty> | <empty> | <empty> | <empty> | <empty> | <empty> | <empty> | <empty> | <empty> | <empty> | <empty> | <empty> | <empty> | <empty> | <empty> | <empty> | <empty> | <empty> | <empty> | <empty> | <empty> | <empty> | <empty> | <empty> | <empty> | <empty> | <empty> | <empty> | <empty> | <empty> | <empty>",,[],,,N,2020-11-13T00:00:00.000+0100,1
314,III,"11,14-Dioxa-2,9-diazaheptadec-16-enoic Acid, 4,4,6,16-tetramethyl-10,15-dioxo, 2-[(2-methyl-1-oxo-2-propenyl)oxy]ethyl ester","11,14-Dioxa-2,9-diazaheptadec-16-enoic Acid, 4,4,6,16-tetramethyl-10,15-dioxo, 2-[(2-methyl-1-oxo-2-propenyl)oxy]ethyl ester*

*From 3 June 2021 products containing that substance and not complying with those conditions shall not be placed on the Union market. From 3 September 2021 products containing that substance and not complying with those conditions shall not be made available on the Union market.",,,41137-60-4 / 72869-86-4,255-239-5 / 276-957-5,,55729,NAIL SCULPTING,,,Nail products,"<empty> | <empty> | <empty> | <empty> | <empty> | <empty> | <empty> | as a constituent of other substances, or in mixtures, in concentrations equal to, or greater than 0.1% by weight | <empty> | <empty> | <empty> | <empty> | <empty> | <empty> | <empty> | <empty> | Shall not be placed on the market, or used, as substance or in mixtures in concentrations equal to ot greater than 0.1% by weight | <empty> | <empty> | <empty> | <empty> | Shall not be used as propellant in aerosols for any use. Aerosols dispenser containing the substance as propellant shall not be placed on the market | <empty> | <empty> | <empty> | <empty> | <empty> | <empty> | <empty> | <empty> | <empty> | <empty> | <empty> | <empty> | <empty> | <empty> | <empty> | <empty> | <empty> | <empty> | <empty> | <empty> | <empty> | <empty> | <empty> | <empty> | <empty> | <empty> | <empty> | <empty> | <empty> | <empty> | <empty> | <empty> | <empty> | <empty> | <empty> | <empty> | <empty> | <empty> | <empty> | <empty> | <empty> | <empty> | <empty> | <empty> | <empty>",,[],,,N,2020-11-13T00:00:00.000+0100,1
315,III,"4-(3-aminopyrazolo[1,5-A]pyridin-2-yl)-1,1-dimethylpiperazin-1-ium chloride hydrochloride","4-(3-aminopyrazolo[1,5-A]pyridin-2-yl)-1,1-dimethylpiperazin-1-ium chloride hydrochloride",,,1256553-33-9,813-255-5,,94565,HAIR DYEING,,,Hair dye substance in oxidative hair dye products.,"<empty> | <empty> | <empty> | <empty> | <empty> | <empty> | <empty> | as a constituent of other substances, or in mixtures, in concentrations equal to, or greater than 0.1% by weight | <empty> | <empty> | <empty> | <empty> | <empty> | <empty> | <empty> | <empty> | Shall not be placed on the market, or used, as substance or in mixtures in concentrations equal to ot greater than 0.1% by weight | <empty> | <empty> | <empty> | <empty> | Shall not be used as propellant in aerosols for any use. Aerosols dispenser containing the substance as propellant shall not be placed on the market | <empty> | <empty> | <empty> | <empty> | <empty> | <empty> | <empty> | <empty> | <empty> | <empty> | <empty> | <empty> | <empty> | <empty> | <empty> | <empty> | <empty> | <empty> | <empty> | <empty> | <empty> | <empty> | <empty> | <empty> | <empty> | <empty> | <empty> | <empty> | <empty> | <empty> | <empty> | <empty> | <empty> | <empty> | <empty> | <empty> | <empty> | <empty> | <empty> | <empty> | <empty> | <empty> | <empty> | <empty> | <empty>",,[],,,N,2020-11-13T00:00:00.000+0100,1
316,III,1-(3-((4-Aminophenyl)amino)propyl)-3-methyl-1H-imidazol-3-ium chloride hydrochloride,1-(3-((4-Aminophenyl)amino)propyl)-3-methyl-1H-imidazol-3-ium chloride hydrochloride,,,220158-86-1,,,94210,HAIR DYEING,,,Hair dye substance in oxidative hair dye products.,"<empty> | <empty> | <empty> | <empty> | <empty> | <empty> | <empty> | as a constituent of other substances, or in mixtures, in concentrations equal to, or greater than 0.1% by weight | <empty> | <empty> | <empty> | <empty> | <empty> | <empty> | <empty> | <empty> | Shall not be placed on the market, or used, as substance or in mixtures in concentrations equal to ot greater than 0.1% by weight | <empty> | <empty> | <empty> | <empty> | Shall not be used as propellant in aerosols for any use. Aerosols dispenser containing the substance as propellant shall not be placed on the market | <empty> | <empty> | <empty> | <empty> | <empty> | <empty> | <empty> | <empty> | <empty> | <empty> | <empty> | <empty> | <empty> | <empty> | <empty> | <empty> | <empty> | <empty> | <empty> | <empty> | <empty> | <empty> | <empty> | <empty> | <empty> | <empty> | <empty> | <empty> | <empty> | <empty> | <empty> | <empty> | <empty> | <empty> | <empty> | <empty> | <empty> | <empty> | <empty> | <empty> | <empty> | <empty> | <empty> | <empty> | <empty>",,[],,,N,2020-11-13T00:00:00.000+0100,1
317,III,Di-[2-[(E)-2-[4-[bis(2-hydroxyethyl)aminophenyl]vinyl]pyridin-1-ium]-ethyl]disulphide dimethanesulfonate,Di-[2-[(E)-2-[4-[bis(2-hydroxyethyl)aminophenyl]vinyl]pyridin-1-ium]-ethyl]disulphide dimethanesulfonate,,,1449653-83-1,,,91909,HAIR DYEING,,"As from 3 June 2021: 0,5 %",Hair dye substance in non-oxidative hair dye products,"<empty> | <empty> | <empty> | <empty> | <empty> | <empty> | <empty> | as a constituent of other substances, or in mixtures, in concentrations equal to, or greater than 0.1% by weight | <empty> | <empty> | <empty> | <empty> | <empty> | <empty> | <empty> | <empty> | Shall not be placed on the market, or used, as substance or in mixtures in concentrations equal to ot greater than 0.1% by weight | <empty> | <empty> | <empty> | <empty> | Shall not be used as propellant in aerosols for any use. Aerosols dispenser containing the substance as propellant shall not be placed on the market | <empty> | <empty> | <empty> | <empty> | <empty> | <empty> | <empty> | <empty> | <empty> | <empty> | <empty> | <empty> | <empty> | <empty> | <empty> | <empty> | <empty> | <empty> | <empty> | <empty> | <empty> | <empty> | <empty> | <empty> | <empty> | <empty> | <empty> | <empty> | <empty> | <empty> | <empty> | <empty> | <empty> | <empty> | <empty> | <empty> | <empty> | <empty> | <empty> | <empty> | <empty> | <empty> | <empty> | <empty> | <empty>",,[],,,N,2020-11-13T00:00:00.000+0100,1
318,III,Sodium 4-[(2-hydroxy-1-naphthyl)azo]benzene sulfonate,Sodium 4-[(2-hydroxy-1-naphthyl)azo]benzene sulfonate,,,633-96-5,211-199-0,,31620,HAIR DYEING,,"As from 3 June 2021: 0,5 %.",Hair dye substance in non-oxidative hair dye products.,"<empty> | <empty> | <empty> | <empty> | <empty> | <empty> | <empty> | as a constituent of other substances, or in mixtures, in concentrations equal to, or greater than 0.1% by weight | <empty> | <empty> | <empty> | <empty> | <empty> | <empty> | <empty> | <empty> | Shall not be placed on the market, or used, as substance or in mixtures in concentrations equal to ot greater than 0.1% by weight | <empty> | <empty> | <empty> | <empty> | Shall not be used as propellant in aerosols for any use. Aerosols dispenser containing the substance as propellant shall not be placed on the market | <empty> | <empty> | <empty> | <empty> | <empty> | <empty> | <empty> | <empty> | <empty> | <empty> | <empty> | <empty> | <empty> | <empty> | <empty> | <empty> | <empty> | <empty> | <empty> | <empty> | <empty> | <empty> | <empty> | <empty> | <empty> | <empty> | <empty> | <empty> | <empty> | <empty> | <empty> | <empty> | <empty> | <empty> | <empty> | <empty> | <empty> | <empty> | <empty> | <empty> | <empty> | <empty> | <empty> | <empty> | <empty>",,[],,,N,2020-11-13T00:00:00.000+0100,1
319,III,"Phenol, 4,4'-(4,5,6,7-tetrabromo-1,1-dioxido-3H-2,1-benzoxathiol-3-ylidene)bis[2,6-dibromo-","Phenol, 4,4'-(4,5,6,7-tetrabromo-1,1-dioxido-3H-2,1-benzoxathiol-3-ylidene)bis[2,6-dibromo-",,,4430-25-5,224-622-9,,60227,HAIR DYEING,,"(b) As from 3 June 2021: 0,2 %","(a) Hair dye substance in oxidative hair dye products

(b) Hair dye substance in non-oxidative hair dye products","<empty> | <empty> | <empty> | <empty> | <empty> | <empty> | <empty> | as a constituent of other substances, or in mixtures, in concentrations equal to, or greater than 0.1% by weight | <empty> | <empty> | <empty> | <empty> | <empty> | <empty> | <empty> | <empty> | Shall not be placed on the market, or used, as substance or in mixtures in concentrations equal to ot greater than 0.1% by weight | <empty> | <empty> | <empty> | <empty> | Shall not be used as propellant in aerosols for any use. Aerosols dispenser containing the substance as propellant shall not be placed on the market | <empty> | <empty> | <empty> | <empty> | <empty> | <empty> | <empty> | <empty> | <empty> | <empty> | <empty> | <empty> | <empty> | <empty> | <empty> | <empty> | <empty> | <empty> | <empty> | <empty> | <empty> | <empty> | <empty> | <empty> | <empty> | <empty> | <empty> | <empty> | <empty> | <empty> | <empty> | <empty> | <empty> | <empty> | <empty> | <empty> | <empty> | <empty> | <empty> | <empty> | <empty> | <empty> | <empty> | <empty> | <empty>",,[],,,N,2020-11-13T00:00:00.000+0100,1
320,III,"Indigofera tinctoria, dried and pulverised leaves of Indigofera tinctoria L","Indigofera tinctoria, dried and pulverised leaves of Indigofera tinctoria L",,,84775-63-3,283-892-6,,34572 | 56710 | 56711 | 56712,HAIR DYEING,,As from 3 June 2021: 25 %.,Hair dye substance in non-oxidative hair dye products.,"<empty> | <empty> | <empty> | <empty> | <empty> | <empty> | <empty> | as a constituent of other substances, or in mixtures, in concentrations equal to, or greater than 0.1% by weight | <empty> | <empty> | <empty> | <empty> | <empty> | <empty> | <empty> | <empty> | Shall not be placed on the market, or used, as substance or in mixtures in concentrations equal to ot greater than 0.1% by weight | <empty> | <empty> | <empty> | <empty> | Shall not be used as propellant in aerosols for any use. Aerosols dispenser containing the substance as propellant shall not be placed on the market | <empty> | <empty> | <empty> | <empty> | <empty> | <empty> | <empty> | <empty> | <empty> | <empty> | <empty> | <empty> | <empty> | <empty> | <empty> | <empty> | <empty> | <empty> | <empty> | <empty> | <empty> | <empty> | <empty> | <empty> | <empty> | <empty> | <empty> | <empty> | <empty> | <empty> | <empty> | <empty> | <empty> | <empty> | <empty> | <empty> | <empty> | <empty> | <empty> | <empty> | <empty> | <empty> | <empty> | <empty> | <empty>",,[],,,N,2020-11-13T00:00:00.000+0100,1
321,III,Titanium dioxide in powder form containing 1 % or more of particles with aerodynamic diameter ≤ 10 μm,Titanium Dioxide,,,13463-67-7/ 1317-70-0/ 1317-80-2,236-675-5/ 215-280-1/ 215-282-2,,,,,"(a) 25 %;

(b) 1,4 % for general consu­mers, and 1.1 % for  pro­fessional use.","(a) face  products in  loose powder form

(b) hair aerosol spray pro­ducts

(c) other products","<empty> | <empty> | <empty> | <empty> | <empty> | <empty> | <empty> | as a constituent of other substances, or in mixtures, in concentrations equal to, or greater than 0.1% by weight | <empty> | <empty> | <empty> | <empty> | <empty> | <empty> | <empty> | <empty> | Shall not be placed on the market, or used, as substance or in mixtures in concentrations equal to ot greater than 0.1% by weight | <empty> | <empty> | <empty> | <empty> | Shall not be used as propellant in aerosols for any use. Aerosols dispenser containing the substance as propellant shall not be placed on the market | <empty> | <empty> | <empty> | <empty> | <empty> | <empty> | <empty> | <empty> | <empty> | <empty> | <empty> | <empty> | <empty> | <empty> | <empty> | <empty> | <empty> | <empty> | <empty> | <empty> | <empty> | <empty> | <empty> | <empty> | <empty> | <empty> | <empty> | <empty> | <empty> | <empty> | <empty> | <empty> | <empty> | <empty> | <empty> | <empty> | <empty> | <empty> | <empty> | <empty> | <empty> | <empty> | <empty> | <empty> | <empty>",,[],,,N,2021-05-28T00:00:00.000+0200,1
322,III,"1,3-Dihydroxy-2-propanone","1,3-Dihydroxy-2-propanone",,,96-26-4,202-494-5,,,,,"(a) 6,25 %

(b) 10 %","(a) Hair dye substance in non-oxidative hair dye products (*)

(b) Self-tanning products (*)

(*) From 26 January 2022 hair dye and self-tanning products containing that substance and not complying with the restrictions shall not be placed on the Union market. From 22 April 2022 hair dye and self-tanning products containing that substance and not complying with the restrictions shall not be made available on the Union market","<empty> | <empty> | <empty> | <empty> | <empty> | <empty> | <empty> | as a constituent of other substances, or in mixtures, in concentrations equal to, or greater than 0.1% by weight | <empty> | <empty> | <empty> | <empty> | <empty> | <empty> | <empty> | <empty> | Shall not be placed on the market, or used, as substance or in mixtures in concentrations equal to ot greater than 0.1% by weight | <empty> | <empty> | <empty> | <empty> | Shall not be used as propellant in aerosols for any use. Aerosols dispenser containing the substance as propellant shall not be placed on the market | <empty> | <empty> | <empty> | <empty> | <empty> | <empty> | <empty> | <empty> | <empty> | <empty> | <empty> | <empty> | <empty> | <empty> | <empty> | <empty> | <empty> | <empty> | <empty> | <empty> | <empty> | <empty> | <empty> | <empty> | <empty> | <empty> | <empty> | <empty> | <empty> | <empty> | <empty> | <empty> | <empty> | <empty> | <empty> | <empty> | <empty> | <empty> | <empty> | <empty> | <empty> | <empty> | <empty> | <empty> | <empty>",,[],,,N,2021-07-06T00:00:00.000+0200,1
323,III,Methyl-N-methylanthranilate,"Methyl-N-methylanthranilate (*)


(*) 'From 21 August 2022 cosmetic products containing that substance and not complying with the restrictions shall not be placed on the Union market. From 21 November 2022 cosmetic products containing that substance and not complying with the restrictions shall not be made available on the Union market'",,,85-91-6,201-642-6,,98849,FRAGRANCE,,"(a) 0,1 %
(b) 0,2 %","(a) Leave-on products
(b) Rinse-off products","<empty> | <empty> | <empty> | <empty> | <empty> | <empty> | <empty> | as a constituent of other substances, or in mixtures, in concentrations equal to, or greater than 0.1% by weight | <empty> | <empty> | <empty> | <empty> | <empty> | <empty> | <empty> | <empty> | Shall not be placed on the market, or used, as substance or in mixtures in concentrations equal to ot greater than 0.1% by weight | <empty> | <empty> | <empty> | <empty> | Shall not be used as propellant in aerosols for any use. Aerosols dispenser containing the substance as propellant shall not be placed on the market | <empty> | <empty> | <empty> | <empty> | <empty> | <empty> | <empty> | <empty> | <empty> | <empty> | <empty> | <empty> | <empty> | <empty> | <empty> | <empty> | <empty> | <empty> | <empty> | <empty> | <empty> | <empty> | <empty> | <empty> | <empty> | <empty> | <empty> | <empty> | <empty> | <empty> | <empty> | <empty> | <empty> | <empty> | <empty> | <empty> | <empty> | <empty> | <empty> | <empty> | <empty> | <empty> | <empty> | <empty> | <empty> | <empty>",,[],,,N,2022-02-01T00:00:00.000+0100,1
324,III,Methyl 2-hydroxybenzoate,Methyl 2-hydroxybenzoate,,,119-36-8,204-317-7,,35325,,,"(a) 0,06 %

(b) 0,05 %

(c) 0,002 %

(d) 0,009 %

(e) 0,003 %

(f) 0,04 %

(g) 0,06 %

(h) 0,6 % 

(i) 0,6 %

(j) 0,03 %

(k) 2,52 %

(l) 0,1 %

(m) 0,6 %

(n) 0,65 %","(a) Leave-on skin products (except face makeup, spray/aerosol body lotion, spray/aerosol deodorant and hydroalcoholic-based fragrances) and leave on hair products (except spray/aerosol products) 

(b) Face makeup (except lip products, eye makeup and makeup remover)

(c) Eye makeup and makeup remover 

(d) Leave-on hair products (spray/aerosol)

(e) Deodorant spray/aerosol

(f) Body lotion spray/aerosol

(g) Rinse-off skin  products (except hand wash) and rinse-off hair products 

(h) Hand wash 

(i) Hydroalcoholic-based fragrances 

(j) Lip products 

(k) Toothpaste 

(l) Mouthwash intended for children aged 6–10 years

(m) Mouthwash intended for children above 10 years of age and adults

(n) Mouth spray",,,"[[""2"",""Reprotoxic"",""""]]",,,N,2023-07-27T00:00:00.000+0200,1
325,III,"2,6-Di-Tert-Butyl-4-Methylphenol","2,6-Di-Tert-Butyl-4-Methylphenol",,,128-37-0,204-881-4,,32185,,,"a) 0,001 %

b) 0,1 %

c) 0,8 %","a) Mouthwash

b) Toothpaste

c) Other leave-on and rinse-off products","<empty> | <empty> | <empty> | <empty> | <empty> | <empty> | <empty> | as a constituent of other substances, or in mixtures, in concentrations equal to, or greater than 0.1% by weight | <empty> | <empty> | <empty> | <empty> | <empty> | <empty> | <empty> | <empty> | Shall not be placed on the market, or used, as substance or in mixtures in concentrations equal to ot greater than 0.1% by weight | <empty> | <empty> | <empty> | <empty> | Shall not be used as propellant in aerosols for any use. Aerosols dispenser containing the substance as propellant shall not be placed on the market | <empty> | <empty> | <empty> | <empty> | <empty> | <empty> | <empty> | <empty> | <empty> | <empty> | <empty> | <empty> | <empty> | <empty> | <empty> | <empty> | <empty> | <empty> | <empty> | <empty> | <empty> | <empty> | <empty> | <empty> | <empty> | <empty> | <empty> | <empty> | <empty> | <empty> | <empty> | <empty> | <empty> | <empty> | <empty> | <empty> | <empty> | <empty> | <empty> | <empty> | <empty> | <empty> | <empty> | <empty> | <empty> | <empty>",,[],,,N,2022-11-11T00:00:00.000+0100,1
326,III,"1H-Indene-1,3(2H)-dione, 2-(2-quinolinyl)-, sulfonated, sodium salts (CI 47005)","1H-Indene-1,3(2H)-dione, 2-(2-quinolinyl)-, sulfonated, sodium salts (CI 47005)",,,8004-92-0,305-897-5,,32776,,,"0,5 %",Non-oxidative hair dye products,"<empty> | <empty> | <empty> | <empty> | <empty> | <empty> | <empty> | as a constituent of other substances, or in mixtures, in concentrations equal to, or greater than 0.1% by weight | <empty> | <empty> | <empty> | <empty> | <empty> | <empty> | <empty> | <empty> | Shall not be placed on the market, or used, as substance or in mixtures in concentrations equal to ot greater than 0.1% by weight | <empty> | <empty> | <empty> | <empty> | Shall not be used as propellant in aerosols for any use. Aerosols dispenser containing the substance as propellant shall not be placed on the market | <empty> | <empty> | <empty> | <empty> | <empty> | <empty> | <empty> | <empty> | <empty> | <empty> | <empty> | <empty> | <empty> | <empty> | <empty> | <empty> | <empty> | <empty> | <empty> | <empty> | <empty> | <empty> | <empty> | <empty> | <empty> | <empty> | <empty> | <empty> | <empty> | <empty> | <empty> | <empty> | <empty> | <empty> | <empty> | <empty> | <empty> | <empty> | <empty> | <empty> | <empty> | <empty> | <empty> | <empty> | <empty> | <empty>",,[],,,N,2022-11-11T00:00:00.000+0100,1
327,III,"[3R-(3α,3aβ,7β,8aα)]- 1-(2,3,4,7,8,8a- hexahydro-3,6,8,8-tetramethyl- 1H-3a,7-methanoazulen-5-yl)ethan- 1-one",,,,32388-55-9,251-020-3,,,,,,,,,[],,,N,2023-07-27T00:00:00.000+0200,1
328,III,Pentyl-2-hydroxy- benzoate,,,,2050-08-0,218-080-2,,,,,,,,,[],,,N,2023-07-27T00:00:00.000+0200,1
329,III,1-Methoxy-4-(1E)- 1-propen-1-yl- benzene (trans- Anethole),,,,104-46-1/ 4180-23-8,203-205-5/ 224-052-0,,74302,,,,,,,[],,,N,2023-07-27T00:00:00.000+0200,1
330,III,Benzaldehyde,,,,100-52-7,202-860-4,,,,,,,,,[],,,N,2023-07-27T00:00:00.000+0200,1
331,III,"Bornan-2-one; 1,7,7-Trimethylbi- cyclo[2.2.1]- 2-heptanone",,,,76-22-2/ 21368-68-3/ 464-49-3/ 464-48-2,200-945-0/ 244-350-4/ 207-355-2/ 207-354-7,,32377,,,,,,,[],,,N,2023-07-27T00:00:00.000+0200,1
332,III,"(1R,4E,9S)-4,11,11-- Trimethyl- 8-methylenebicyclo [7.2.0]undec- 4-ene",,,,87-44-5,201-746-1,,,,,,,,,[],,,N,2023-07-27T00:00:00.000+0200,1
333,III,2-methyl-5-(prop- 1-en-2-yl)cyclohex- 2-en-1-one;(5R)- 2-Methyl-5-prop- 1-en-2-ylcyclohex- 2-en-1-one;(5S)- 2-Methyl-5-prop- 1-en-2-ylcyclohex- 2-en-1-one,,,,99-49-0 / 6485-40-1/ 2244-16-8,202-759-5/ 229-352-5/ 218-827-2,,74838,,,,,,,[],,,N,2023-07-27T00:00:00.000+0200,1
334,III,2-Methyl-1-phenyl- 2-propyl acetate; Dimethylbenzyl Carbinyl Acetate,,,,151-05-3,205-781-3,,,,,,,,,[],,,N,2023-07-27T00:00:00.000+0200,1
335,III,Oxacyclohepta- decan-2-one,,,,109-29-5,203-662-0,,,,,,,,,[],,,N,2023-07-27T00:00:00.000+0200,1
336,III,"1,3,4,6,7,8-Hexahydro-4,6,6,7,8,8-hexamethylcyclopenta-γ-2-benzopyran",,,,1222-05-5,214-946-9,,56371,,,,,,,[],,,N,2023-07-27T00:00:00.000+0200,1
337,III,"3,7-Dimethyl octa-1,6-diene-3-yl acetate",,,,115-95-7,204-116-4,,,,,,,,,[],,,N,2023-07-27T00:00:00.000+0200,1
338,III,Menthol; dl-menthol; l-menthol; d-menthol,,,,89-78-1 / 1490-04-6 / 2216-51-5 / 15356-60-2,201-939-0/ 216-074-4/ 218-690-9/ 239-387-8,,35228,,,,,,,[],,,N,2023-07-27T00:00:00.000+0200,1
339,III,"3-Methyl- 5-(2,2,3-Trimethyl- 3-Cyclopentenyl) pent-4-en-2-ol",,,,67801-20-1,267-140-4,,,,,,,,,[],,,N,2023-07-27T00:00:00.000+0200,1
340,III,o-Hydroxy- benzaldehyde,,,,90-02-8,201-961-0,,,,,,,,,[],,,N,2023-07-27T00:00:00.000+0200,1
341,III,"5-(2,3-Dimethyl- tricyclo[2.2.1.02,6]- hept-3-yl)- 2-methylpent-2-en- 1-ol (alpha-Santalol); (1S-(1a,2a(Z),4a))- 2-Methyl- 5-(2-methyl- 3-methylenebicyclo [2.2.1]hept-2-yl)- 2-penten-1-ol (beta-Santalol)",,,,11031-45-1/ 115-71-9/ 77-42-9,234-262-4/ 204-102-8/ 201-027-2,,,,,,,,,[],,,N,2023-07-27T00:00:00.000+0200,1
342,III,"[1R-(1alpha)]-alpha- Ethenyldecahydro- 2-hydroxy-a,2,5,5,8a- pentamethyl- 1-naphthalenepropanol",,,,515-03-7,208-194-0,,,,,,,,,[],,,N,2023-07-27T00:00:00.000+0200,1
343,III,2-(4-methylcyclohex- 3-en-1-yl)propan- 2-ol; p-Menth-1-en- 8-ol (alpha- Terpineol); 1-methyl- 4-(1-methylvinyl) cyclohexan-1-ol (beta-Terpineol); 1-methyl- 4-(1-methylethylidene)cyclohexan-1-ol (gamma-Terpineol),,,,8000-41-7/ 98-55-5/ 138-87-4/ 586-81-2,232-268-1/ 202-680-6/ 205-342-6/ 209-584-3,,,,,,,,,[],,,N,2023-07-27T00:00:00.000+0200,1
344,III,"1-(1,2,3,4,5,6,7,8-octahydro-2,3,8,8-tetramethyl- 2-naphthyl)ethan- 1-one; 1-(1,2,3,4,5,6,7,8-octahydro-2,3,5,5-tetramethyl- 2-naphthyl)ethan- 1-one; 1-(1,2,3,5,6,7,8,8a- octahydro-2,3,8,8-tetramethyl- 2-naphthyl)ethan- 1-one; 1-(1,2,3,4,6,7,8,8a- octahydro-2,3,8,8-tetramethyl- 2-naphthyl)ethan- 1-one",,,,54464-57-2/ 54464-59-4/ 68155-66-8/ 68155-67-9/,259-174-3/ 259-175-9/ 268-978-3/ 268-979-9/,,,,,,,,,[],,,N,2023-07-27T00:00:00.000+0200,1
345,III,"3-(2,2-Dimethyl- 3-hydroxypropyl) toluene",,,,103694-68-4,403-140-4,,,,,,,,,[],,,N,2023-07-27T00:00:00.000+0200,1
346,III,4-Hydroxy- 3-methoxybenz- aldehyde,,,,121-33-5,204-465-2,,,,,,,,,[],,,N,2023-07-27T00:00:00.000+0200,1
347,III,Cananga odorata flower oil and extract; Ylang Ylang flower oil and extract,,,,83863-30-3/ 8006-81-3/ 68606-83-7/ 93686-30-7,281-092-1/ -/-/ 297-681-1,,,,,,,,,[],,,N,2023-07-27T00:00:00.000+0200,1
348,III,Cinnamomum cassia leaf Oil,,,,8007-80-5/ 84961-46-6,-/ 284-635-0,,,,,,,,,[],,,N,2023-07-27T00:00:00.000+0200,1
349,III,Cinnamomum zeylanicum bark oil,,,,8015-91-6/ 84649-98-9,-/ 283-479-0,,,,,,,,,[],,,N,2023-07-27T00:00:00.000+0200,1
350,III,Citrus aurantium amara and dulcis flower oil,,,,72968-50-4/ 8028-48-6/ 8016-38-4,277-143-2/ 232-433-8/-,,,,,,,,,[],,,N,2023-07-27T00:00:00.000+0200,1
351,III,Citrus aurantium amara and dulcis peel oil,,,,68916-04-1/ 72968-50-4; 97766-30-8/ 8028-48-6/ 8008-57-9,-/ 277-143-2; 307-891-8/ 232-433-8/,,,,,,,,,[],,,N,2023-07-27T00:00:00.000+0200,1
352,III,Citrus aurantium bergamia oil (Bergamot oil),,,,8007-75-8 89957-91-5 68648-33-9/ 8007-75-8/ 85049-52-1,616-915-9 289-612-9-/ 616-915-9/,,,,,,,,,[],,,N,2023-07-27T00:00:00.000+0200,1
353,III,Citrus limon oil,,284-515-8/ -,,,84929-31-7/  8008-56-8,,,,,,,,,[],,,N,2023-07-27T00:00:00.000+0200,1
354,III,Cymbopogon citratus / schoenanthus/ flexuosus oils,,,,8007-02-1/ 89998-16-3; 91844-92-7; 8007-02-1/ 91844-92-7,-/ 289-754-1; 295-161-9; 295-161-9/ 295-161-9,,,,,,,,,[],,,N,2023-07-27T00:00:00.000+0200,1
355,III,Eucalyptus globulus oil,,,,97926-40-4/ 8000-48-4; 8000-48-4,308-257-3/ 616-775-9; 616-775-9,,,,,,,,,[],,,N,2023-07-27T00:00:00.000+0200,1
356,III,Eugenia caryophyllus oil,,,,8000-34-8 / 8015-97-2/ 84961-50-2; 84961-50-2; 84961-50-2; 84961-50-2,616-772-2/ -/ 284-638-7; 284-638-7; 284-638-7; 284-638-7,,,,,,,,,[],,,N,2023-07-27T00:00:00.000+0200,1
357,III,Jasminum grandiflorum / officinale oil and extract,,,,84776-64-7/ 90045-94-6/ 8022-96-6/ 8024-43-9 90045-94-6,283-993-5/ 289-960-1/ -/289-960-1,,,,,,,,,[],,,N,2023-07-27T00:00:00.000+0200,1
358,III,Juniperus virginiana oil,,,,8000-27-9 / 85085-41-2,-/ 285-370-3,,,,,,,,,[],,,N,2023-07-27T00:00:00.000+0200,1
359,III,Laurus nobilis oil,,,,8002-41-3/ 8007-48-5/ 84603-73-6,-/-/ 283-272-5,,,,,,,,,[],,,N,2023-07-27T00:00:00.000+0200,1
360,III,Lavandula hybrida oil/extract; Lavandula intermedia oil/extract; Lavandula angustifolia oil/extract,,,,91722-69-9/ 8022-15-9/ 93455-96-0/ 93455-97-1/ 92623-76-2; 84776-65-8/ 8000-28-0/ 90063-37-9; 84776-65-8/ 8000-28-0/ 90063-37-9,294-470-6/-/-/-/ 296-408-3; 283-994-0/-/ 289-995-2; 283-994-0/-/ 289-995-2,,,,,,,,,[],,,N,2023-07-27T00:00:00.000+0200,1
361,III,Mentha piperita oil,,,,8006-90-4/ 84082-70-2,-/ 282-015-4,,,,,,,,,[],,,N,2023-07-27T00:00:00.000+0200,1
362,III,Mentha spicata oil (spearmint oil),,,,8008-79-5/ 84696-51-5,616-927-4/ 283-656-2,,,,,,,,,[],,,N,2023-07-27T00:00:00.000+0200,1
363,III,Narcissus poeticus/ pseudonarcissus/ jonquilla/tazetta extract,,,,90064-26-9/ 68917-12-4; 90064-27-0; 90064-25-8,290-087-3/ -; 290-088-9; 290-086-8,,,,,,,,,[],,,N,2023-07-27T00:00:00.000+0200,1
364,III,Pelargonium graveolens oil,,,,90082-51-2/ 8000-46-2,290-140-0/ -,,,,,,,,,[],,,N,2023-07-27T00:00:00.000+0200,1
365,III,Pogostemon cablin oil,,,,8014-09-3/ 84238-39-1,-/ 282-493-4,,,,,,,,,[],,,N,2023-07-27T00:00:00.000+0200,1
366,III,Rosa damascena flower oil/extract; Rosa alba flower oil/extract; Rosa canina flower oil; Rosa centifolia oil/extract; Rosa gallica flower oil; Rosa moschata flower oil; Rosa rugosa flower oil,,,,8007-01-0/ 90106-38-0; 93334-48-6; 93334-48-6; 84696-47-9; 84604-12-6; 84604-13-7; -; 92347-25-6,-/ 290-260-3; 297-122-1; 297-122-1; 283-652-0; 283-652-0; 283-290-3; -; 283-290-3,,,,,,,,,[],,,N,2023-07-27T00:00:00.000+0200,1
367,III,Santalum album oil,,,,8006-87-9/ 84787-70-2,8006-87-9/ 84787-70-2,,,,,,,,,[],,,N,2023-07-27T00:00:00.000+0200,1
368,III,"Phenol, 2-methoxy- 4-(2-propenyl)-, acetate",,,,93-28-7,202-235-6,,,,,,,,,[],,,N,2023-07-27T00:00:00.000+0200,1
369,III,"2,6-Octadien-1-ol, 3,7-dimethyl- ,1-acetate, (2E)",,,,105-87-3,203-341-5,,,,,,,,,[],,,N,2023-07-27T00:00:00.000+0200,1
370,III,2-Methoxy-4-prop- 1-enylphenyl acetate,,,,93-29-8,202-236-1,,,,,,,,,[],,,N,2023-07-27T00:00:00.000+0200,1
371,III,"2,6,6-Trimethylbi- cyclo[3.1.1]hept- 2-ene (alpha-Pinene); 6,6-Dimethyl- 2-methylenebicyclo [3.1.1]heptane (beta- Pinene)",,,,80-56-8/ 7785-70-8/ 127-91-3/ 18172-67-3,201-291-9/ 232-087-8/ 204-872-5/ 242-060-2,,,,,,,,,[],,,N,2023-07-27T00:00:00.000+0200,1
372,III,Hydroxyapatite,,,,1306-06-5,215-145-7,,34479,,,"(a) 10 %
(b) 0,465 %","(a) Toothpaste
(b) Mouthwash",,,[],,,N,2024-03-15T00:00:00.000+0100,1
373,III,"Genisteol; 4',5,7-Trihydroxyisoflavone; 5,7-dihydroxy-3-(4-hydroxyphenyl)-4-benzopyrone",,,,446-72-0,207-174-9,,85188,,,"0,007 %",,,,[],,,N,2024-04-04T00:00:00.000+0200,1
374,III,"Daidzeol; 4',7-Dihydroxyisoflavone; 7-hydroxy-3-(4-hydroxyphenyl)-4-benzopyrone",,,,486-66-8,207-635-4,,91424,,,"0,02 %",,,,[],,,N,2024-04-04T00:00:00.000+0200,1
375,III,5-Hydroxy-2-(hydroxymethyl)-4H-pyrane-4-one,,,,501-30-4,207-922-4,,34801,,,1 %,Face and hand products,,,[],,,N,2024-04-04T00:00:00.000+0200,1
376,III,"(2E,4E,6E,8E)-3,7-dimethyl-9-(2,6,6-trimethylcyclohexen-1-yl)nona-2,4,6,8-tetraen-1-ol; 
[(2E,4E,6E,8E)-3,7-dimethyl-9-(2,6,6-trimethylcyclohexen-1-yl)nona-2,4,6,8-tetraenyl] acetate; 
[(2E,4E,6E,8E)-3,7-dimethyl-9-(2,6,6-trimethylcyclohexen-1-yl)nona-2,4,6,8-tetraenyl] hexadecanoate",,,,11103-57-4/ 68-26-8; 127-47-9; 79-81-2,234-328-2/ 200-683-7; 204-844-2; 201-228-5,,37479 | 37480 | 37482,,,"(a) 0,05 % Retinol Equivalent (RE)

(b) 0,3 % RE","(a) Body lotion

(b) other leave-on and rinse-off products",,,[],,,N,2024-04-04T00:00:00.000+0200,1
377,III,4-Hydroxyphenyl-alpha-D-glucopyranoside,,,,84380-01-8,617-561-8,,54359,,,"(a) 2 %

(b) 0,5 %","(a) Face cream

(b) Body lotion",,,[],,,N,2024-04-04T00:00:00.000+0200,1
378,III,4-Hydroxyphenyl-beta-D-glucopyranoside,,,,497-76-7,207-850-3,,74362,,,7 %,Face cream,,,[],,,N,2024-04-04T00:00:00.000+0200,1
379,III,Silver (powder) [100 nm < particle diameter < 1 mm],,,,7440-22-4,231-131-3,,,,,"For (a) and (b): 0,05 %","(a) Toothpaste

(b) Mouthwash",,,[],,,N,2026-01-13T00:00:00.000+0100,1
380,III,Hexyl 2-hydroxybenzoate,,,,6259-76-3,228-408-6,,76454,,,"(a) 2 %

(b) 0,5 %

(c) 0,3 %

(d) 0,001 %

(e) 0,001 %

(f) 0,1 %","(a) Hydroalcoholic-based fragrances (except hydroalcoholic-based fragrances intended for children below 3 years of age)

(b) All rinse-off products (except shower gel/bath products, hand wash, hair conditioner and shampoo intended for children below 3 years of age)

(c) All leave-on products (except hair conditioner, body lotion, face cream, hand cream, lipstick/lip balm and fragrance products intended for children below 3 years of age)

(d) Toothpaste

(e) Mouthwash

(f) Shower gel/bath products, hand wash, shampoo, hair conditioner, body, face and hand (skin) care products, lipstick/lip balm and fragrance products intended for children below 3 years of age",,,[],,,N,2026-01-13T00:00:00.000+0100,1
381,III,"Aluminium-containing ingredients with the exception of those listed in entries 34, 50, 189, 190 and 192 of Annex III, in entries 117, 118, 119, 121, 131, 150 of Annex IV, in entry 61 in Annex V, and entry 27a of Annex VI.",,,,,,,,,,"(a) 7,73 % (as Al)
(b) 3,24 % (as Al)
(c) 3,18 % (as Al)
(d) 14,62 % (as Al)
(e) 0,89 % (as Al)
(f) 4 % (As AI)
(g) 7,14 % (as Al)
(h) 0,15 % (as Al)
(i) 6,7 % (as Al)
(j) 23 % (as Al)
(k) 15,76 % (as Al)
(l) 43,31 % (as Al)
(m) 3,61 % (as Al)
(n) 3,13 % (As Al)
(o) 10,59 % (as Al)
(p) 0,86 % (as Al)
(q) 3,81 % (as Al)
(r) 2,0 % (as Al)","(a) Non-aerosol antiperspirants or deodorants
(b) Aerosol antiperspirants or deodorants
(c) Toothpaste
(d) Lip products
(e) Body and face rinse-off products
(f) Bar soap 
(g) Hair rinse-off products
(h) Hair leave-on products that may lead to the exposure of the end user’s lungs by inhalation
(i) All other hair leave-on products
(j) Make-up products (except lip products, eye liner products, eye shadow, nail varnish and mascara)
(k) Eye liner products
(l) Eye shadow
(m) Nail varnish
(n) Mascara
(o) Face leave-on products (except make-up products, eye liner products, eye shadow and mascara)
(p) Hand leave-on products
(q) Other leave-on skin products (except non-aerosol antiperspirants or deodorants, aerosol antiperspirants or deodorants, face leave-on products, hand leave-on products and talcum powder)
(r) Talcum powder",,,[],,,N,2026-04-28T00:00:00.000+0200,1
381,III,"Aluminium-containing ingredients with the exception of those listed in entries 34, 50, 189, 190 and 192 of Annex III, in entries 117, 118, 119, 121, 131, 150 of Annex IV, in entry 61 in Annex V, and entry 27a of Annex VI.",,,,,,,,,,"(a) 7,73 % (as Al)
(b) 3,24 % (as Al)
(c) 3,18 % (as Al)
(d) 14,62 % (as Al)
(e) 0,89 % (as Al)
(f) 4 % (As AI)
(g) 7,14 % (as Al)
(h) 0,15 % (as Al)
(i) 6,7 % (as Al)
(j) 23 % (as Al)
(k) 15,76 % (as Al)
(l) 43,31 % (as Al)
(m) 3,61 % (as Al)
(n) 3,13 % (As Al)
(o) 10,59 % (as Al)
(p) 0,86 % (as Al)
(q) 3,81 % (as Al)
(r) 2,0 % (as Al)","(a) Non-aerosol antiperspirants or deodorants
(b) Aerosol antiperspirants or deodorants
(c) Toothpaste
(d) Lip products
(e) Body and face rinse-off products
(f) Bar soap 
(g) Hair rinse-off products
(h) Hair leave-on products that may lead to the exposure of the end user’s lungs by inhalation
(i) All other hair leave-on products
(j) Make-up products (except lip products, eye liner products, eye shadow, nail varnish and mascara)
(k) Eye liner products
(l) Eye shadow
(m) Nail varnish
(n) Mascara
(o) Face leave-on products (except make-up products, eye liner products, eye shadow and mascara)
(p) Hand leave-on products
(q) Other leave-on skin products (except non-aerosol antiperspirants or deodorants, aerosol antiperspirants or deodorants, face leave-on products, hand leave-on products and talcum powder)
(r) Talcum powder",,,[],,,N,2026-04-28T00:00:00.000+0200,1
382,III,"Vetiveria zizanioides, ext., acetylated; Oils, vetiver, acetylated",,,,84082-84-8/ 68917-34-0,282-031-1/-,,,,,"(a) 0,9 %
(b) 0,05 %
(c) 0,05 %
(d) 0,1 %
(e) 0,2 %","(a) Fragrance products (hydroalcoholic and non-hydroalcoholic, spray and non-spray)
(b) Deodorant
(c) Make-up products
(d) Leave-on products (except (a), (b) and (c))
(e) Rinse-off products",,,[],,,N,2026-04-28T00:00:00.000+0200,1
383,III,"3-[(E)-(3-chloro-4-hydroxyphenyl)diazenyl]-2,l-benzisothiazole-5-sulfonamide",,,,1166834-57-6/ 852356-91-3,-/-,,,,,"(b) 0,35 %","(a) Hair dye substance in oxidative hair dye products
(b) Hair dye substance in non-oxidative hair dye products",,,[],,,N,2026-04-28T00:00:00.000+0200,1
384,III,"3-(2,5-diaminophenyl)propan-1-ol and 3-(2,5-diaminophenyl) propan-1-ol dihydrochloride salt",,,,73793-79-0/ 1928659-47-5,827-723-1/ -,,94208 | 96872,,,,Hair dye substance in oxidative hair dye products,,,[],,,N,2026-04-28T00:00:00.000+0200,1
385,III,2-chloro-4-[(1E)-(1-methyl-1H-pyrazol-5-yl)diazenyl]-phenol,,,,1184721-10-5,-,,,,,"(b) 1,5 %","(a) Hair dye substance in oxidative hair dye products
(b) Hair dye substance in non-oxidative hair dye products",,,[],,,N,2026-04-28T00:00:00.000+0200,1
386,III,"2-chloro-4-{(E)-[3-(methylthio)-1,2,4-thiadiazol-5-yl]diazenyl}phenol",,,,1444596-49-9,-,,,,,"(b) 0,5 %","(a) Hair dye substance in oxidative hair dye products
(b) Hair dye substance in non-oxidative hair dye products",,,[],,,N,2026-04-28T00:00:00.000+0200,1
